event_id,lon,lat,day,hour,type,x,y,cluster
1501,88.00476303686636,22.50323916273588,8,12,Cafeteria,433.4673363484542,337.0489459778446,0
2586,88.00473895448823,22.50284441950449,9,13,Cafeteria,430.99055699838186,293.4140291800684,0
2653,88.00452354666726,22.503267052662817,3,19,Cafeteria,408.83669661565,340.13189850143937,1
1055,87.99983209415801,22.50013365727153,18,10,Library,-73.66102984608992,-6.233628051509967,2
705,88.00015150248784,22.50011810156947,21,15,Library,-40.81111979116837,-7.953155357200217,3
106,88.0004715464753,22.500030667579,5,16,Library,-7.895834810325795,-17.618108663650744,3
589,87.99978597904352,22.50036311688362,1,14,Library,-78.40379082496106,19.13083746889157,3
2468,88.00438527221256,22.50331412049491,0,12,Cafeteria,394.6157043135136,345.33477666092176,0
2413,88.00480928699474,22.502826295891555,2,19,Cafeteria,438.22398298333917,291.4106450061518,1
1600,88.00473663549494,22.503109336303737,16,13,Cafeteria,430.75205751643637,322.69793216870966,0
2464,88.00483205907678,22.50340119455441,25,12,Cafeteria,440.56600345274535,354.95994319810484,0
228,87.99982117407268,22.50009182182835,25,14,Library,-74.78411834250088,-10.858117940717307,3
915,88.00006975538145,22.500067873827707,1,11,Library,-49.218493179572214,-13.505329931694305,2
794,87.9997297358649,22.49979238889836,2,11,Library,-84.18818398662964,-43.95743402167888,2
3021,88.00440088486113,22.50289808554451,0,20,Cafeteria,396.22140477049066,299.3462732435718,1
3543,87.99586643408706,22.49660999359763,28,7,Sports Complex,-481.51381411268915,-395.7394105643425,4
1073,87.99967925194396,22.49998744884574,21,11,Library,-89.38025979478836,-22.39550743828083,2
3351,87.99590480357807,22.497147773399853,25,17,Sports Complex,-477.56766051941116,-336.2932312266828,5
1744,88.00495558721182,22.503269431618047,9,19,Cafeteria,453.2703938729086,340.3948682125793,1
1084,88.00009548386306,22.500274117308454,25,15,Library,-46.57241845940081,9.292824430084394,3
926,87.99986026953819,22.50014301436043,6,10,Library,-70.76330108249708,-5.199295444585275,2
3049,88.00408550031193,22.50255691981982,16,13,Cafeteria,363.78532497462857,261.6338140365716,0
1117,87.99998559530074,22.500020498889103,26,16,Library,-57.8740316334406,-18.742155644890275,3
642,87.99993510216215,22.50004333541609,23,16,Library,-63.067055440548764,-16.217805951675857,3
4767,88.00376554980345,22.498393475750664,27,10,other,330.8796539443242,-198.5932933680096,-1
501,88.00047735416011,22.499963870332323,5,14,Library,-7.298536913002434,-25.001876311426656,3
4066,87.9957707416653,22.49690143700389,17,7,Sports Complex,-491.3554091945402,-363.5232564365615,4
333,87.99983070957212,22.5000717810413,5,10,Library,-73.80342914369379,-13.0734265411607,2
4684,87.99914834066776,22.50182999256731,29,0,other,-143.98242899818467,181.27927554395654,-1
486,87.99983835677894,22.500181273946712,3,14,Library,-73.01694353087291,-0.9700807768494002,3
1962,88.00426397346186,22.50318855537423,0,19,Cafeteria,382.1405974421387,331.4548082209835,1
393,88.00045786469147,22.499972597549014,6,16,Library,-9.302953304511252,-24.037169778343852,3
4842,88.00412551395804,22.49564898599792,12,19,other,367.9005735547449,-501.9691906362326,-1
4866,88.00374102334442,22.497823857048807,14,19,other,328.3572025934155,-261.5589446712222,-1
1755,88.00479081453608,22.502909253042887,13,20,Cafeteria,436.32416213050965,300.5807285143294,1
2515,88.00420736199169,22.50319568840994,23,19,Cafeteria,376.31832692028644,332.24329398823,1
3585,87.99567539524664,22.49656595875875,17,7,Sports Complex,-501.16141919664966,-400.607021654057,4
4315,87.9951230659107,22.49641348993572,18,6,Sports Complex,-557.9663529180937,-417.4609253520012,4
4966,88.00273602730056,22.49988700655525,18,12,other,224.99725057218697,-33.49839822887354,-1
2099,88.00451811494418,22.502517684740035,13,13,Cafeteria,408.27806492692247,257.2967683170292,0
3599,87.99488401439126,22.49656253442133,26,7,Sports Complex,-582.5518761459879,-400.9855479126429,4
4121,87.99596689936506,22.49671982754392,0,17,Sports Complex,-471.18134924693834,-383.59836614145263,5
29,87.99992707656256,22.49972009564168,21,16,Library,-63.892457286139795,-51.94873061495237,3
65,88.00033906000715,22.49992966811072,13,16,Library,-21.521555105178116,-28.782589887360572,3
838,88.00024608059962,22.50000176578966,23,14,Library,-31.084127176555576,-20.812912457540662,3
3906,87.99546723684183,22.49566603317677,18,7,Sports Complex,-522.5697051940582,-500.08479548606965,4
3773,87.9950071206311,22.49697942338569,8,17,Sports Complex,-569.8908760145524,-354.9026417923516,5
4635,87.9975345443888,22.503018636676188,6,13,other,-309.9551280792315,312.67199533945103,-1
3161,88.00497751775568,22.50298577538569,18,19,Cafeteria,455.52586539858413,309.03950828764766,1
2659,88.00447380119067,22.5028634860138,25,19,Cafeteria,403.72056695047047,295.5216411192014,1
4615,87.997775712378,22.497549193574365,13,23,other,-285.1519341311035,-291.9202451361077,-1
4628,87.99823376120351,22.50141840411437,0,14,other,-238.0433858765876,135.78228795622869,-1
2451,88.00429649132614,22.50316468335533,21,12,Cafeteria,385.48493388281605,328.81599525174363,0
2846,88.0044275362002,22.50331432837241,10,13,Cafeteria,398.9623918066,345.3577554399794,0
1144,87.99995673204393,22.499727591740665,29,15,Library,-60.84250584572636,-51.1201118332383,3
3078,88.0043288122995,22.50304236054375,11,19,Cafeteria,388.8090208543622,315.2944316595579,1
1103,87.99996510259297,22.499702583335228,14,15,Library,-59.9816272856384,-53.88454097026383,3
168,87.999938652971,22.500210155006627,16,14,Library,-62.701868499019234,2.2224315861728883,3
1670,88.0043358927247,22.502402019284816,23,19,Cafeteria,389.5372151717412,244.51110889711913,1
2570,88.00482823523772,22.50275021872529,22,13,Cafeteria,440.1727364112215,283.0010750470826,0
2377,88.0045764901006,22.502836929947925,8,12,Cafeteria,414.28172375171954,292.586133597258,0
4395,87.99557579415844,22.49601869771279,11,17,Sports Complex,-511.4050054873316,-461.10125767477376,5
4257,87.99508323896976,22.496620244101965,1,18,Sports Complex,-562.0623995948539,-394.6063198151385,5
3862,87.99533250600666,22.49630960580532,29,6,Sports Complex,-536.426249947778,-428.9442771264381,4
23,87.99964381295345,22.49976014019082,3,16,Library,-93.02502275779185,-47.5222061532407,3
2633,88.00498776259165,22.503405551470724,9,12,Cafeteria,456.57950711340027,355.44155672744915,0
3340,87.99538638311397,22.497068865608178,2,18,Sports Complex,-530.8851980599248,-345.0156985184334,5
2215,88.00456602469886,22.502458247989345,14,20,Cafeteria,413.2053977017895,250.72662989584487,1
3682,87.9958099519786,22.496483204971803,12,18,Sports Complex,-487.3227802836367,-409.75462526332547,5
4724,88.00212042860002,22.50270798916428,20,14,other,161.68530766430763,278.33301937295516,-1
1907,88.00480891386866,22.50348521117044,6,13,Cafeteria,438.18560841017774,364.24713993392265,0
84,87.99979787659927,22.500107204125083,5,11,Library,-77.18017328026288,-9.157758859724865,2
227,87.99973056380551,22.50020201444957,25,15,Library,-84.10303350043712,1.3225744091042202,3
296,88.00022489996886,22.499920236516083,27,14,Library,-33.26247304496168,-29.825158358615482,3
1001,88.00023115842073,22.50024204616513,20,14,Library,-32.6188155006691,5.747680247130731,3
2138,88.004389852444,22.50315451122583,12,20,Cafeteria,395.086763384389,327.69156805685697,1
711,87.99997582172203,22.50015112883159,27,15,Library,-58.87920636302707,-4.302321802472591,3
2801,88.00453074250919,22.50286304347147,22,13,Cafeteria,409.5767610977993,295.47272249005505,0
2527,88.0041382998237,22.503201467267253,15,20,Cafeteria,369.21555033319595,332.8820888757697,1
3752,87.99520058105644,22.49667766413803,25,6,Sports Complex,-549.9942202984141,-388.2591090285609,4
3321,87.99565634626379,22.496313259730965,5,6,Sports Complex,-503.1205333299169,-428.5403721855726,4
3181,88.00431983624036,22.503037413045494,24,19,Cafeteria,387.88586792388264,314.7475352024903,1
4183,87.99544679338304,22.496529870384432,24,17,Sports Complex,-524.6722357791593,-404.59623055129265,5
1615,88.00411371034106,22.50275496079201,21,19,Cafeteria,366.68661724843287,283.52526310247936,1
3024,88.00445357497638,22.50274816810385,10,19,Cafeteria,401.6403791215983,282.7743993531311,1
1413,88.00054125058622,22.50018948046248,28,10,Library,-0.727036878058805,-0.0629325237264311,2
763,87.99997598502507,22.499732236580087,29,10,Library,-58.86241127740478,-50.60667128358233,2
655,88.0000148046085,22.49984590964799,17,15,Library,-54.86996742189862,-38.04125035743773,3
4797,88.00434465510607,22.49810435417525,7,18,other,390.43839216990835,-230.55279231419314,-1
3849,87.99521325673754,22.496697285779,27,17,Sports Complex,-548.6905755737228,-386.09013283575894,5
4153,87.99578545798562,22.496432587746437,0,6,Sports Complex,-489.8418926272472,-415.3498533552624,4
468,87.99986737471309,22.499951272929916,12,15,Library,-70.03256135328591,-26.394393173447313,3
157,88.00011845823023,22.5003293993839,13,10,Library,-44.20959374693348,15.40370505001107,2
1295,87.9999752775867,22.499787892841454,4,11,Library,-58.935168575205,-44.45442815210498,2
497,87.99995241533048,22.499779531337197,4,15,Library,-61.28646311017932,-45.37870883267175,3
4740,88.0029275450814,22.502382118588816,29,23,other,244.6941128241675,242.31128596132857,-1
2940,88.00509403091631,22.502834585900032,18,13,Cafeteria,467.5087928603989,292.32702254320145,0
3456,87.9958586709393,22.496460161329694,12,6,Sports Complex,-482.3122238032501,-412.3018694620703,4
373,88.00023981770651,22.50019491513307,27,16,Library,-31.728241484483235,0.5378159629974988,3
79,87.99950310777135,22.499797436890745,6,15,Library,-107.4960059624774,-43.39942894344233,3
1553,88.00465825450472,22.502764592932767,9,13,Cafeteria,422.6908761438963,284.58999994165987,0
1669,88.00487027434463,22.50294101298463,5,20,Cafeteria,444.4962957912652,304.0914724744267,1
2131,88.00502179694206,22.50324075779249,11,12,Cafeteria,460.07980828032237,337.22526353545436,0
4439,87.99609687682478,22.49657445414242,24,18,Sports Complex,-457.81367075435514,-399.6679419434349,5
465,87.99994475760012,22.50002239517032,16,14,Library,-62.07403102937642,-18.532540719317012,3
248,88.00044136356007,22.50004739540415,17,16,Library,-11.000030780616642,-15.769014871772455,3
931,88.00047028926735,22.499745083915325,28,10,Library,-8.025133779498915,-49.18652684633848,2
1335,87.99991572850722,22.499925040450933,3,16,Library,-65.05956084086954,-29.294131400305616,3
4524,87.99626078275953,22.49743005773597,16,13,other,-440.9565799669857,-305.08952071243357,-1
1338,87.99990295579536,22.50055469505836,17,10,Library,-66.37318480248467,40.30788890456812,2
1406,87.99964454733332,22.499895951398777,3,14,Library,-92.94949463178912,-32.50963522557285,3
1090,87.99998209968514,22.50030935953367,11,10,Library,-58.23354216390974,13.188500005498227,2
4209,87.99537049213697,22.496737783480555,13,17,Sports Complex,-532.5195235181816,-381.6135169058805,5
742,87.99984379535557,22.50049411014613,3,10,Library,-72.45760698063437,33.61083270664679,2
2323,88.0042213461949,22.503494400837017,10,13,Cafeteria,377.7565480768348,365.26296567744646,0
3601,87.99532369718212,22.49634262243216,24,18,Sports Complex,-537.3322034468234,-425.2946191954869,5
2123,88.0043285885239,22.50309369887462,28,19,Cafeteria,388.7860064002309,320.9693707539288,1
2094,88.004597765039,22.502879256841588,7,13,Cafeteria,416.4697687940205,297.2649484227553,0
240,87.99980186981539,22.499973887695365,4,11,Library,-76.76948646390989,-23.894557000744,2
2351,88.0048687150919,22.503511899185863,29,13,Cafeteria,444.33593268569655,367.19723315892145,0
1370,87.99995676348502,22.499840673063243,2,15,Library,-60.83927225137937,-38.620102435486885,3
1057,88.00029318225481,22.50000084387665,17,15,Library,-26.23990430652824,-20.9148207216586,3
4816,88.00166723991383,22.499835842726988,27,7,other,115.07660592092971,-39.15404780516141,-1
199,87.99971425742554,22.500044895445484,24,14,Library,-85.78008154680764,-16.045360302598226,3
2280,88.00406689397897,22.50311644592894,23,12,Cafeteria,361.8717356689102,323.4838301384781,0
4749,88.00382647360485,22.49978417871471,24,4,other,337.1454310367342,-44.86498772247792,-1
2220,88.0048388963646,22.50315619392742,3,19,Cafeteria,441.26919203355544,327.877573890672,1
4771,88.00627861947238,22.501701936791637,4,18,other,589.3391394258605,167.12399010115058,-1
2819,88.00429235474202,22.50247067828377,1,12,Cafeteria,385.0595022214546,252.1006746416694,0
3150,88.00471002492316,22.5025774348178,28,13,Cafeteria,428.01526323826164,263.90154191302963,0
4256,87.99522240286774,22.49649219201138,0,17,Sports Complex,-547.7499314945289,-408.76119790834014,5
3107,88.00451134583075,22.50312654471323,0,19,Cafeteria,407.5818878193254,324.60014975396,1
1973,88.0044013094998,22.502850251371235,18,13,Cafeteria,396.2650772136987,294.0586837299709,0
1375,87.99994766908071,22.499772579145755,18,15,Library,-61.774596522940506,-46.14720407458208,3
3968,87.99577341136771,22.497008174321312,11,7,Sports Complex,-491.08084063796525,-351.7245133685433,4
4062,87.99546954467185,22.497028333397445,29,18,Sports Complex,-522.3323538122473,-349.49612909281893,5
4445,87.99540259141045,22.496671945907256,15,18,Sports Complex,-529.2182375207232,-388.89120225834324,5
3557,87.99580039465057,22.49608630156734,11,18,Sports Complex,-488.30571446773024,-453.6283275928214,5
964,87.99997756607642,22.500217289016096,9,15,Library,-58.69980626745783,3.011024992821021,3
179,88.00068004229165,22.49989209492182,3,11,Library,13.547152658563112,-32.93593018853443,2
3698,87.99562562115432,22.49664915479588,8,6,Sports Complex,-506.2804918788905,-391.4105317099368,4
3821,87.9955749388438,22.496249261997207,9,17,Sports Complex,-511.49297128635743,-435.6146816751553,5
4878,87.99972809553765,22.49635368958633,24,8,other,-84.3568852939121,-424.0712559736349,-1
3899,87.99591637492593,22.496070937707795,6,6,Sports Complex,-476.3775921938481,-455.32664862668435,4
4487,87.99522186928556,22.49638204076886,13,17,Sports Complex,-547.8048083559607,-420.93731625651395,5
3238,88.00478538764908,22.50290120629088,7,12,Cafeteria,435.7660278140668,299.69124054738404,0
2974,88.00498192812937,22.50323453149929,19,19,Cafeteria,455.9794552568697,336.53700908530845,1
3580,87.99512526675784,22.49696375162923,4,7,Sports Complex,-557.7400043114058,-356.6349977512068,4
2887,88.00443693768939,22.50289091413286,16,20,Cafeteria,399.9292985700475,298.5535453998461,1
2575,88.00459445115696,22.503118261752288,12,19,Cafeteria,416.12894885745953,323.6845512515274,1
1419,88.00012695893908,22.500323967945462,23,15,Library,-43.335328754876656,14.80331384501227,3
3907,87.99550322944755,22.496114535679933,18,17,Sports Complex,-518.8680050502886,-450.5073287866187,5
4673,87.99821853808093,22.495159977205983,24,20,other,-239.60902509326024,-556.0242224970377,-1
4902,87.99575426012998,22.501395522674223,20,16,other,-493.0504712890169,133.25297356217632,-1
1860,88.00481857743564,22.503192318080824,18,13,Cafeteria,439.17946885968763,331.8707378079176,0
8,87.99988263140352,22.500022101721573,11,15,Library,-68.46346981240202,-18.56497854372101,3
2894,88.00410681454582,22.50334065195783,5,12,Cafeteria,365.9774114069816,348.2675645722923,0
2847,88.00484581971737,22.50319577193764,13,20,Cafeteria,441.9812320605949,332.25252714041886,1
3664,87.99521009718389,22.496954054136875,9,18,Sports Complex,-549.0155234343473,-357.70695855621676,5
144,88.00006497069856,22.499734401617964,1,10,Library,-49.710579289353234,-50.36734799666121,2
2104,88.00363475366926,22.50272562342588,6,12,Cafeteria,317.42777795270456,280.28231065054524,0
3143,88.00444417270651,22.502703870923863,12,12,Cafeteria,400.6733920689241,277.8777890774422,0
841,88.00016870487305,22.500105243236096,7,11,Library,-39.04192107572223,-9.374515528368264,2
1128,87.99998396541335,22.49988923899472,20,16,Library,-58.04165924130519,-33.2516243701842,3
151,88.00008661205237,22.500081449079147,2,16,Library,-47.48484983970375,-12.004721637483442,3
3591,87.99574548646284,22.496617031161406,9,18,Sports Complex,-493.9528089857193,-394.9614782645236,5
1052,88.00012350754658,22.500467741293843,5,14,Library,-43.690291110746976,30.696019774987136,3
1590,88.00443885306245,22.502699475770186,17,19,Cafeteria,400.1262872736285,277.39194878993686,1
3008,88.00434967476377,22.50290354615748,4,20,Cafeteria,390.9546445301682,299.9498894014497,1
2029,88.00445752208556,22.503098575862374,26,13,Cafeteria,402.0463240183673,321.508472980462,0
3418,87.99545968408493,22.496776899001524,2,7,Sports Complex,-523.3464769986704,-377.2896872178786,4
1807,88.00438525295232,22.50262389322486,1,13,Cafeteria,394.61372347225625,269.0370542297453,0
2696,88.00458777546443,22.50280123676992,11,20,Cafeteria,415.44237972712193,288.6406097004623,1
3039,88.00387724968077,22.50234870511945,25,12,Cafeteria,342.36755385336596,238.61776105746054,0
472,87.99962120223445,22.50016397519413,17,15,Library,-95.35044766399454,-2.882284887207973,3
3289,88.00478661296688,22.50332391070942,6,12,Cafeteria,435.8920470059626,346.4169869727807,0
4074,87.99515389467834,22.49575659052344,16,7,Sports Complex,-554.7957335280342,-490.074586385528,4
3496,87.9961636431467,22.49630647659432,6,17,Sports Complex,-450.94701304696486,-429.2901801102415,5
279,87.99990367160079,22.49982689475503,22,14,Library,-66.29956698569617,-40.14315662520801,3
1741,88.00423920863763,22.50297164581789,28,12,Cafeteria,379.59363115297754,307.4776258632071,0
4624,88.00019938755091,22.500567513172165,20,16,other,-35.88632645339318,41.724803204676135,3
2886,88.00519154915762,22.50314123713319,18,12,Cafeteria,477.53816641264626,326.2242498563132,0
1941,88.00434369941829,22.50283112408159,8,20,Cafeteria,390.3401033817766,291.9443531327557,1
100,87.99964615731449,22.499954275889724,18,16,Library,-92.78391430201418,-26.062445996278782,3
2804,88.0042048972637,22.50337294662356,25,13,Cafeteria,376.0648391898953,351.8374169219961,0
3570,87.99580373191084,22.496474105326463,20,17,Sports Complex,-487.9624901702697,-410.76050005914954,5
3684,87.99502236328594,22.49661069582309,16,18,Sports Complex,-568.3232279799886,-395.6617865619938,5
3661,87.9954241438738,22.49689825022159,25,6,Sports Complex,-527.0016501106655,-363.87552335173865,4
530,88.00015964811469,22.50020178064916,0,16,Library,-39.973373607410096,1.2967301117669905,3
1886,88.00402138452993,22.502827473663963,10,20,Cafeteria,357.19126503643025,291.540835968088,1
681,87.9997177370572,22.499910638644295,16,14,Library,-85.42221490299623,-30.88610710606133,3
3794,87.99526860201074,22.496111636721235,28,7,Sports Complex,-542.9985285083377,-450.8277796810938,4
3944,87.99556379807825,22.496213099742,11,6,Sports Complex,-512.6387558890561,-439.61205736566046,4
4666,88.00469585206615,22.50288171848113,19,3,other,426.5576397687889,297.53705805782437,-1
2018,88.00498922048638,22.502587061143164,16,20,Cafeteria,456.72944594135333,264.96563591890714,1
1096,88.00001965879758,22.499848324926308,26,10,Library,-54.37073286856758,-37.774265492287284,2
829,87.99992955384778,22.500212275527687,2,14,Library,-63.63767809253874,2.4568339841539455,3
2805,88.00412430383203,22.503402748142,1,20,Cafeteria,367.77611677936267,355.1316767704161,1
3829,87.9952589569483,22.49703556496833,22,17,Sports Complex,-543.9904858364447,-348.6967512473626,5
4381,87.9956517083546,22.49651314840055,7,18,Sports Complex,-503.59752433284643,-406.4446786497103,5
3891,87.99536335678476,22.49645640803211,20,6,Sports Complex,-533.2533668662919,-412.7167589769881,4
764,88.00028731833157,22.500170054026363,11,11,Library,-26.842986107622405,-2.2103307722552756,2
2767,88.00417516451552,22.50344218491037,21,19,Cafeteria,373.00694115633394,359.4910171458437,1
4328,87.99543609529256,22.49625862057329,26,6,Sports Complex,-525.7724929644755,-434.5801846749433,4
3295,88.00410199164097,22.502697802612403,15,13,Cafeteria,365.48139431561407,277.2069979286053,0
2194,88.00445521442357,22.50330712986978,23,20,Cafeteria,401.8089899177035,344.5620329589179,1
2357,88.00498927694127,22.50366065113997,21,12,Cafeteria,456.73525210863176,383.6402741659358,0
3425,87.9950409596119,22.49642583866408,3,7,Sports Complex,-566.4106678554421,-416.09589691890505,4
3979,87.99554287182389,22.49610937753837,6,6,Sports Complex,-514.7909401293349,-451.07750975486874,4
911,88.00005478758192,22.5003844829796,10,11,Library,-50.75787340966571,21.492645718768912,2
3145,88.00505931116707,22.502897545898303,10,19,Cafeteria,463.93800107739645,299.28662075206495,1
999,88.00014314569533,22.500085012823643,9,14,Library,-41.67058354502812,-11.610785320901229,3
3653,87.99531054531677,22.496449600007807,23,18,Sports Complex,-538.6848218769838,-413.4693179833897,5
2483,88.00487026264737,22.50273675342834,18,20,Cafeteria,444.49509277408873,281.51262112238805,1
4076,87.99531382397211,22.497013042592517,28,6,Sports Complex,-538.3476248691928,-351.18637466956164,4
2370,88.00412938752785,22.502749954372725,11,19,Cafeteria,368.2989552122025,282.9718535145777,1
4838,88.00542086039961,22.49936370683283,26,0,other,501.12193981683635,-91.34394954523444,-1
33,87.99973557226777,22.499963099353423,4,16,Library,-83.587932549219,-25.087100319063325,3
3789,87.99532040546379,22.496938807175177,10,18,Sports Complex,-537.6707439322648,-359.39235770237144,5
1020,88.000130708872,22.500043802854726,3,10,Library,-42.94966267186612,-16.166135284923797,2
1647,88.00455204609196,22.50287938356434,6,12,Cafeteria,411.76775210360887,297.27895635589175,0
733,87.99957435409894,22.500223149334573,10,10,Library,-100.16859701723722,3.6588245973351263,2
4582,88.00370379285543,22.49912345334596,9,9,other,324.5281909483135,-117.90156998408492,-1
3274,88.00434350397587,22.50299444191149,1,20,Cafeteria,390.3200028865396,309.9975060496906,1
1620,88.00450808834685,22.50298987631346,23,12,Cafeteria,407.2468682126865,309.49282484351903,0
3135,88.00535523322715,22.50300530530183,16,12,Cafeteria,494.3724392210102,311.1983452178938,0
2689,88.00513569254407,22.5039280288592,3,13,Cafeteria,471.7935299724484,413.19620724953654,0
2707,88.00423109868929,22.50379958634831,11,12,Cafeteria,378.7595543659182,398.99817209592123,0
297,88.00007682488022,22.4998009935358,8,16,Library,-48.4914226015227,-43.00627739907213,3
2339,88.00401821282574,22.502637418330917,10,19,Cafeteria,356.8650675401626,270.53211945312773,1
653,87.99972336852281,22.50005767522643,18,15,Library,-84.84304046840329,-14.632683316883401,3
3774,87.99552697751399,22.496757049048483,9,17,Sports Complex,-516.4256083634708,-379.483901027061,5
1255,87.99969758974532,22.49988708513096,15,11,Library,-87.49428792376555,-33.489712469946014,2
4520,87.9970740951213,22.50157526707969,24,23,other,-357.31055249806656,153.12192014261848,-1
230,87.99981740834207,22.499944133504407,11,11,Library,-75.17140915587727,-27.183585269261954,2
3276,88.00439634163801,22.50296076676537,7,12,Cafeteria,395.75415186349835,306.2750553975289,0
3230,88.00375944259595,22.50259328821193,3,20,Cafeteria,330.2515512988112,265.65397610034574,1
691,88.00028983245085,22.50011554316652,21,11,Library,-26.584418674359263,-8.235961219384436,2
2754,88.004458960528,22.50268719531711,28,12,Cafeteria,402.1942622539278,276.0344675071371,0
4863,87.99920593646998,22.50388652836351,28,7,other,-138.05892373638434,408.60874245589457,-1
969,87.99964230622447,22.499947671545105,22,16,Library,-93.17998399950959,-26.79249025053288,3
633,87.99989327973252,22.500147953533435,7,15,Library,-67.36833040285042,-4.653319260436746,3
4092,87.99532603925827,22.49603619499568,27,7,Sports Complex,-537.0913299819082,-459.16710802409847,4
4077,87.99642133517165,22.496882388241765,2,17,Sports Complex,-424.44438599951906,-365.62890660166215,5
1321,88.00013242318859,22.5002112894928,18,11,Library,-42.773351848804026,2.347837687687715,2
1831,88.00454159578763,22.50326009600176,17,19,Cafeteria,410.6929787641625,339.36290918819975,1
2178,88.00457910684611,22.5027644866257,26,20,Cafeteria,414.55084589550535,284.57824875855533,1
1417,88.00006714806972,22.50016716370119,14,16,Library,-49.48664509597774,-2.5298273169743624,3
1782,88.00420070743036,22.502979953262347,8,12,Cafeteria,375.63393105204403,308.3959307734607,0
4715,87.9943285043441,22.496400590797755,13,6,other,-639.6839337027538,-418.88679606254004,4
4701,87.99860435258924,22.50299259785232,19,15,other,-199.92949668995786,309.7936637490109,-1
4118,87.99593655627774,22.496650083913156,25,18,Sports Complex,-474.30201829679487,-391.3078270860999,5
1652,88.00480598484504,22.503223307336462,5,13,Cafeteria,437.8843696710141,335.29629012614737,0
1483,87.9999000909536,22.500072180915705,29,14,Library,-66.6678226856783,-13.02922442436703,3
2275,88.00476008384976,22.50256366492069,12,13,Cafeteria,433.16363002400476,262.37941748662587,0
877,88.00005594698791,22.49966848807848,19,11,Library,-50.63863299180167,-57.65343065115353,2
3525,87.99505960737973,22.495843797020576,0,17,Sports Complex,-564.4928171334291,-480.4347801918685,5
2016,88.00469700827789,22.50369877593723,17,12,Cafeteria,426.67655166947395,387.8545892551124,0
426,87.99975876913486,22.499367428119317,24,16,Library,-81.20222458136992,-90.93259853706435,3
626,87.99975259879494,22.499704796796173,20,16,Library,-81.83682015168309,-53.639864997381466,3
1589,88.00480498890246,22.50279902380667,7,19,Cafeteria,437.7819408336156,288.3959887429075,1
2223,88.00449740360382,22.503314328109276,22,13,Cafeteria,406.14798376049447,345.3577263530043,0
2217,88.00464647518538,22.502992981878823,1,19,Cafeteria,421.4794187566415,309.8361140386572,1
4483,87.99538508767006,22.496576721465672,28,6,Sports Complex,-531.0184294502928,-399.417312030983,4
1485,88.00023314770797,22.49975998842618,13,11,Library,-32.41422500988638,-47.53898221634621,2
1739,88.00454032375836,22.50267902218633,2,20,Cafeteria,410.56215547913746,275.1310096306977,1
2480,88.00446569959628,22.50318858326973,24,13,Cafeteria,402.88734933486745,331.4578917894699,0
2584,88.00436913934195,22.502870344254884,23,20,Cafeteria,392.95650103337647,296.2797510884716,1
2893,88.00506431640709,22.503167985428195,23,20,Cafeteria,464.4527706336803,329.18100638633,1
149,88.00007424616831,22.500647390910505,1,14,Library,-48.756633137782096,50.55448840079883,3
676,87.99972235603863,22.49959808474322,12,15,Library,-84.94717054587422,-65.43581533092706,3
1261,88.00001900134785,22.499798921060084,21,10,Library,-54.43834902802398,-43.235368864760204,2
4917,88.00211721327533,22.50370996565937,9,8,other,161.3546239682181,389.0915011405641,-1
12,88.00006049056789,22.49982079441985,8,10,Library,-50.17134338283318,-40.81748767611607,2
1833,88.0041380760898,22.502738811290676,21,13,Cafeteria,369.1925401686593,281.74009722497044,0
3248,88.00428062540267,22.503452931193443,15,19,Cafeteria,383.853185082471,360.6789112768514,1
1491,88.00063954982141,22.500150529580097,11,16,Library,9.38265887159972,-4.3685630624946725,3
2727,88.00510005765506,22.503281543116525,4,20,Cafeteria,468.1286196063581,341.73367325432713,1
3686,87.99540328264675,22.49659832497393,2,17,Sports Complex,-529.1471465440875,-397.0292602280608,5
1424,87.9997387977015,22.500022938121116,3,10,Library,-83.2562091781623,-18.472522938193308,2
4605,87.99418147045198,22.494015081544724,20,5,other,-654.8058002292922,-682.5809888926044,-1
4595,88.00017798874231,22.49880733108557,22,0,other,-38.08711106702511,-152.84572464759742,-1
731,87.99975540680559,22.50019765639979,11,14,Library,-81.5480271283498,0.8408355865523731,3
1231,87.9996575492551,22.50042125356968,0,10,Library,-91.61229731620975,25.55726674605303,2
1634,88.00430566298657,22.503161715915123,21,19,Cafeteria,386.428203646992,328.48797441132297,1
3936,87.99592794912749,22.496391554284525,10,18,Sports Complex,-475.1872303752442,-419.885692235,5
1210,87.99968903419115,22.49979539283352,25,11,Library,-88.37419354567136,-43.62537902917154,2
3268,88.004085749764,22.502762107095982,11,20,Cafeteria,363.8109801543614,284.3152155435105,1
1934,88.00481291841318,22.50286741328952,6,13,Cafeteria,438.59746030966005,295.9557621769668,0
553,88.00006360521083,22.49992406849281,13,14,Library,-49.85101441592671,-29.40157165120823,3
491,88.00036998603473,22.500188572832453,22,14,Library,-18.340932906616654,-0.1632619470242247,3
2962,88.0045117168908,22.50299338445962,1,20,Cafeteria,407.62004990920775,309.8806153201697,1
2329,88.00431823946614,22.50359569130587,24,12,Cafeteria,387.72164587853257,376.4596141042962,0
2195,88.0039534238352,22.50319158606598,25,13,Cafeteria,350.2017707094303,331.7898208871273,0
3064,88.0050907471636,22.502589546837623,14,13,Cafeteria,467.1710716086072,265.2404045844219,0
657,87.99999396872822,22.49992057122581,29,14,Library,-57.01285703724722,-29.78815954524059,3
2374,88.00422114007682,22.50301466196456,15,20,Cafeteria,377.7353496309896,312.23263071606164,1
2225,88.00444727031882,22.503034375107184,1,13,Cafeteria,400.9919695015401,314.41172150172474,0
4264,87.99522429714837,22.49652499729141,9,7,Sports Complex,-547.5551120659853,-405.1349022539931,4
1170,88.00018973214745,22.499825807045397,8,14,Library,-36.879347315967316,-40.26339204819038,3
132,87.99973442407156,22.49983911254192,22,10,Library,-83.70602008335618,-38.79260246251249,2
471,87.99942451970881,22.499264902841333,12,10,Library,-115.57848392123371,-102.26574276549428,2
3225,88.00430844268361,22.502534641849007,15,19,Cafeteria,386.7140847254213,259.17120714280435,1
1405,87.99981080122785,22.50018764479188,0,11,Library,-75.8509252718952,-0.2658475520925663,2
2876,88.004259159096,22.502577460550725,5,12,Cafeteria,381.64545855282773,263.9043864307692,0
4504,87.99612360941954,22.501429397008224,25,10,other,-455.06432688492987,136.99744244263883,-1
4692,87.99587113900873,22.501040748940976,25,9,other,-481.0299311357373,94.03628508915183,-1
2826,88.00416146171649,22.503203486061214,23,19,Cafeteria,371.597661330534,333.10524636015737,1
287,88.00014707930163,22.4998119608986,20,15,Library,-41.26602736761363,-41.79394511504519,3
1869,88.00413807902478,22.50331476445601,28,19,Cafeteria,369.1928420201981,345.405960121063,1
3114,88.00451216753045,22.50290517439752,20,19,Cafeteria,407.66639645208653,300.1298750553384,1
3625,87.99523013524501,22.496483726196608,18,6,Sports Complex,-546.9546864301103,-409.6970090733213,4
2312,88.00478949386513,22.50294133964591,15,19,Cafeteria,436.1883362369317,304.12758161263986,1
4923,88.00127433583474,22.504196888737745,13,3,other,74.667942611263,442.91597822394647,-1
1618,88.00429628704522,22.503279391905,20,19,Cafeteria,385.46392438082546,341.495878332314,1
994,87.99974959499752,22.49968587327643,25,15,Library,-82.14574908608193,-55.731670869794456,3
1803,88.00451195726247,22.50222253762279,10,13,Cafeteria,407.6447712039997,224.67120597667014,0
2642,88.00425740154881,22.503005724399323,2,19,Cafeteria,381.4647016299804,311.2446722547379,1
4802,88.00682802216242,22.497212523557703,5,3,other,645.8430789486495,-329.135748777881,-1
3535,87.99560146891092,22.496671224138638,27,18,Sports Complex,-508.76445660102644,-388.97098656139974,5
4831,88.00099411716565,22.50137198971902,20,20,other,45.84853743098841,130.65164069391784,-1
3911,87.99501280584963,22.496563163849643,16,17,Sports Complex,-569.3061733009513,-400.91597090682285,5
2107,88.00422300816943,22.502340431778197,24,20,Cafeteria,377.9274757231863,237.70322591555322,1
3044,88.00438095068984,22.50370340096859,4,19,Cafeteria,394.1712524332242,388.3658402215124,1
416,88.00038778799389,22.499803054062024,15,14,Library,-16.510070331669752,-42.77850683023665,3
977,87.99939403016835,22.50036331516583,1,10,Library,-118.71421511017819,19.15275558460415,2
2417,88.00483299318165,22.502809812042397,22,20,Cafeteria,440.6620725225453,289.58852032016756,1
505,87.99987821865406,22.500053323426844,20,14,Library,-68.91730400950479,-15.11373124307319,3
4152,87.99534782185732,22.49682773304712,5,7,Sports Complex,-534.8510740064241,-371.670491817792,4
4255,87.99510967397022,22.49650675180813,5,6,Sports Complex,-559.3436621467322,-407.1517579756415,4
3941,87.99570967946487,22.495481968739437,29,7,Sports Complex,-497.63542009143254,-520.4312783890298,4
414,88.000083078503,22.49954973556646,14,16,Library,-47.84826171190286,-70.78033332978094,3
4148,87.99589568431685,22.496324946561572,14,17,Sports Complex,-478.5055412285972,-427.24850993024603,5
1183,87.99960737484909,22.50018296767607,22,11,Library,-96.77254071207656,-0.7828559334578955,2
485,87.9996444365726,22.500128271355024,20,16,Library,-92.96088594333897,-6.8289872620471215,3
893,88.00029232389761,22.4998374940164,15,16,Library,-26.328183020885486,-38.9715142734746,3
805,87.99992270696913,22.500777479639,6,16,Library,-64.3418530521125,64.93449644885253,3
555,87.99989703075848,22.49979518553507,19,10,Library,-66.98255190615328,-43.64829379968299,2
3825,87.9959188194923,22.49669988592001,19,6,Sports Complex,-476.1261780067271,-385.80271324860547,4
1197,88.00013812248861,22.49967194520164,20,10,Library,-42.18720090813643,-57.27128025702626,2
4253,87.99496499304631,22.49593869468374,18,6,Sports Complex,-574.2235350030088,-469.9447925057131,4
4058,87.99606578257908,22.496426626002304,0,7,Sports Complex,-461.01159353547655,-416.0088645517277,4
1293,88.00020962269362,22.49976832542279,25,10,Library,-34.83368165352046,-46.617410611326804,2
2221,88.00454706434432,22.50294970230521,17,12,Cafeteria,411.25539864724465,305.0519899713844,0
3504,87.99569056095434,22.49696316932287,24,18,Sports Complex,-499.60168487662366,-356.6993658961943,5
3654,87.99480811245087,22.49646700454897,3,6,Sports Complex,-590.35809684219,-411.54542000343395,4
4758,87.99431024784901,22.496134031229925,4,20,other,-641.561543537409,-448.35229069048717,5
3006,88.00440134760748,22.503016328182564,29,19,Cafeteria,396.2689964416498,312.4168144542745,1
2093,88.0048781418887,22.50259020608792,0,13,Cafeteria,445.3054422377753,265.31327811225447,0
2187,88.00426475091851,22.503235757666324,11,12,Cafeteria,382.22055584831094,336.6725495891138,0
3036,88.00463059444289,22.50259918259104,9,19,Cafeteria,419.8461458772126,266.3055407672786,1
3918,87.99588026804302,22.49641562787214,20,7,Sports Complex,-480.09104530364755,-417.22459786014554,4
1272,87.99972692180883,22.49995580645922,3,15,Library,-84.47759875856856,-25.893256844285446,3
290,87.99994796943741,22.49953120688259,11,11,Library,-61.743705998935305,-72.82849404485425,2
4827,87.99957480432899,22.49477645036208,13,17,other,-100.12229260007757,-598.4192798218758,-1
252,88.00053053904925,22.499836481079218,6,15,Library,-1.828676983372955,-39.08348434968566,3
3245,88.00431979418155,22.50276651664568,12,12,Cafeteria,387.8815423390525,284.8026471669118,0
350,88.0000777268914,22.49983844317254,11,11,Library,-48.39865424397561,-38.866594553916585,2
1187,87.99994384171251,22.4996161069692,6,11,Library,-62.16822652409202,-63.44363847109577,2
1961,88.00428447060021,22.503336867636992,2,12,Cafeteria,384.24864876182306,347.84924574675836,0
422,87.99993775896289,22.499731814243564,16,14,Library,-62.793813771781444,-50.65335636284438,3
90,88.00002426938734,22.499731965247005,9,15,Library,-53.89655156326775,-50.63666444249144,3
3729,87.99595971560647,22.49610415441403,1,18,Sports Complex,-471.9201710035649,-451.65487391942867,5
2236,88.00463409386683,22.502706369231262,12,20,Cafeteria,420.206048080555,278.15395197734745,1
670,88.00031152129813,22.50024683362915,27,11,Library,-24.353804704969896,6.276886519692368,2
3040,88.00436947593239,22.50252820874557,20,20,Cafeteria,392.9911180575734,258.4600918889203,1
26,87.99971225160564,22.500471146576484,1,16,Library,-85.98637235689799,31.072439718096305,3
429,87.99956031512839,22.500489586863555,14,14,Library,-101.6124507827503,33.11082905098452,3
683,88.00012234364031,22.50034321211867,0,15,Library,-43.80999436344747,16.930564751213453,3
4463,87.99570704985646,22.496783451694707,21,7,Sports Complex,-497.9058651345068,-376.5653525134601,4
3945,87.99504003016465,22.49661769203292,2,17,Sports Complex,-566.5062579068684,-394.8884255273707,5
3523,87.99548547811341,22.49658285099236,7,7,Sports Complex,-520.6936610380546,-398.73975415079417,4
1541,88.0045504627044,22.50279499096176,18,20,Cafeteria,411.6049068237481,287.9501980666032,1
2031,88.00473644306318,22.502785580344646,26,20,Cafeteria,430.7322666553928,286.9099484508201,1
2232,88.00462266370019,22.502942280124078,1,12,Cafeteria,419.0304996966276,304.2315420691599,0
4120,87.99603946240069,22.496711306555667,29,7,Sports Complex,-463.7185219780704,-384.5402761829138,4
3235,88.00421229280994,22.50281622193532,6,12,Cafeteria,376.82544248639056,290.2970698837899,0
254,87.99962015750852,22.50012780064988,27,14,Library,-95.45789368141385,-6.881019008490128,3
1029,87.9997443018587,22.49971727789117,25,16,Library,-82.69012792072702,-52.26020475665031,3
4392,87.99580752919756,22.496161910176387,3,6,Sports Complex,-487.57195393291124,-445.2705519486205,4
3800,87.99500321547548,22.496667596650628,19,7,Sports Complex,-570.2925061505927,-389.3719690859729,4
4310,87.99532126062164,22.49637403111725,14,17,Sports Complex,-537.5827942583147,-421.82270314572474,5
2509,88.00444403075198,22.502822206891835,0,13,Cafeteria,400.6587925951349,290.95864697708606,0
2292,88.00454410061478,22.5030165289478,7,13,Cafeteria,410.95059053859023,312.43900704341195,0
1323,88.00012162541096,22.4996487025383,4,15,Library,-43.883861472183064,-59.840524262896864,3
1550,88.00441368310781,22.503329341683497,21,19,Cafeteria,397.53765489062397,347.01732684731525,1
4647,88.0042422713522,22.494927842936065,13,9,other,379.90861948835203,-581.6843446938071,-1
315,88.00000525096041,22.499777201943647,25,11,Library,-55.85252313805498,-45.63619999559599,2
1242,87.99985457977151,22.50001087866716,23,11,Library,-71.34847155629548,-19.80557497832919,2
2450,88.00458977559798,22.50275841036432,6,19,Cafeteria,415.64808571858174,283.9065788253837,1
1578,88.00433410017014,22.50342275351808,14,20,Cafeteria,389.35285787593773,357.3430710422184,1
4625,87.99591593902075,22.501569042035776,1,22,other,-476.42242335375477,152.43380378825336,-1
3116,88.00399343051036,22.5029885701252,4,12,Cafeteria,354.3163023543248,309.3484387932835,0
69,87.99983872006135,22.499867736830662,20,11,Library,-72.9795813415031,-35.62847358497713,2
859,88.00015823295443,22.50010216320287,19,15,Library,-40.11891736056169,-9.714982400951797,3
2753,88.00443727602457,22.502412497725263,10,13,Cafeteria,399.96409503376043,245.66939570421562,0
1632,88.00460149755664,22.5028393753589,28,13,Cafeteria,416.853643782009,292.85644932634176,0
1650,88.00451897894644,22.503068645373293,17,19,Cafeteria,408.3669242141616,318.1999567174534,1
3860,87.99608999561391,22.496493164363688,19,7,Sports Complex,-458.52137664952886,-408.6537140843115,4
3106,88.00416354713191,22.50356950211281,22,20,Cafeteria,371.81213823199755,373.56466070369294,1
1074,88.00024906670487,22.50065519827276,20,11,Library,-30.77701781365633,51.417514224506675,2
4001,87.99583246117389,22.496661465749565,6,17,Sports Complex,-485.00779669796714,-390.0496788895071,5
787,88.00011479501981,22.499937115278488,14,16,Library,-44.5863407557344,-27.959379962308688,3
2605,88.0045136328197,22.503049558602285,28,13,Cafeteria,407.8170957776659,316.09010505021274,0
3630,87.9958226777323,22.496848434342088,22,17,Sports Complex,-486.0139857858741,-369.3821706720286,5
2121,88.0051186637572,22.502721594402598,20,12,Cafeteria,470.0421851738837,279.8369424167439,0
1874,88.0050288970946,22.50256166050844,3,19,Cafeteria,460.8100314794955,262.1578497566629,1
811,87.99989006723543,22.500448802838974,6,14,Library,-67.69872329073227,28.602562973841543,3
387,88.00046904270981,22.50010601526112,26,16,Library,-8.15333739666667,-9.289175882078027,3
2882,88.00494214370009,22.50323454636329,1,20,Cafeteria,451.8877807410219,336.5386521518473,1
1175,87.99992983123079,22.49950934357708,25,14,Library,-63.60915032401911,-75.24526383583336,3
3197,88.00446284076754,22.50315363854601,7,20,Cafeteria,402.5933298679879,327.59510202955823,1
2623,88.00440802169155,22.503291500030244,28,20,Cafeteria,396.9554001470959,342.8343104967604,1
1351,87.99954950489061,22.500208333477943,28,11,Library,-102.72424188415681,2.0210798054068846,2
410,88.00017790371952,22.500433128749872,7,10,Library,-38.095855331850174,26.869949164485334,2
4212,87.99547158238556,22.497051502157632,26,18,Sports Complex,-522.1227828463431,-346.93505434176785,5
109,87.99998138852106,22.49993691162447,29,15,Library,-58.30668263577818,-27.981891877468783,3
4995,88.00471432597924,22.495496057462017,28,3,other,428.45761020350966,-518.8739109950714,-1
3429,87.99542827363402,22.49647249322141,3,17,Sports Complex,-526.5769202620606,-410.93870215161064,5
2809,88.00450591058099,22.503027084401324,17,13,Cafeteria,407.0228934252767,313.6058068760184,0
2594,88.00473572238691,22.50273632788568,18,12,Cafeteria,430.6581478914138,281.46558163648183,0
2836,88.00468124227811,22.50250151929951,11,20,Cafeteria,425.0550796343816,255.50984052151028,1
2372,88.00473395023421,22.50292819250698,19,13,Cafeteria,430.4758888475302,302.6742968753701,0
1235,88.00040977920136,22.499867257275547,29,15,Library,-14.248359787195701,-35.68148360745752,3
2146,88.00516995815399,22.502815575613685,18,20,Cafeteria,475.3176152841606,290.22562549031954,1
4975,87.99987304423144,22.4994081150521,7,16,other,-69.44947334248377,-86.4350649874369,3
599,88.00009432512326,22.500204472414502,16,15,Library,-46.691590362134974,1.594277852691306,3
1434,87.99995821957155,22.50021901169813,2,14,Library,-60.68951938867995,3.201450265095005,3
4996,88.00317380117859,22.494941623340928,17,2,other,270.0205989784772,-580.1610587402025,-1
538,88.0002515732023,22.499993606421956,16,11,Library,-30.51923425667556,-21.71484896336132,2
721,87.99957245790183,22.49983811454859,17,16,Library,-100.36361354790353,-38.90292064508536,3
4410,87.99540943245586,22.496317117674707,23,6,Sports Complex,-528.51466248763,-428.1139150843046,4
1872,88.00486941428085,22.50263528783136,16,19,Cafeteria,444.40784156160373,270.2966140321711,1
2845,88.00478402997037,22.502897241888515,10,20,Cafeteria,435.6263958150671,299.2530155100983,1
2053,88.00448944677504,22.50333743036737,21,13,Cafeteria,405.32965472712726,347.911449962726,0
2907,88.00480895227376,22.502878966022784,11,12,Cafeteria,438.1895582265192,297.2328013121937,0
2254,88.00477524696873,22.50325920383265,19,12,Cafeteria,434.72309810270417,339.264288814568,0
3912,87.99519209892352,22.496579289962828,15,18,Sports Complex,-550.866574827796,-399.1333903554241,5
177,88.00036338351929,22.50038032901298,7,10,Library,-19.01997605646257,21.033466248445407,2
2890,88.00478372795601,22.50225326165856,11,12,Cafeteria,435.5953348078102,228.06744089075735,0
3673,87.99511645629296,22.496737780609703,26,6,Sports Complex,-558.6461265120961,-381.61383424986064,4
80,87.99994508202803,22.500050142299308,8,16,Library,-62.04066487435513,-15.465373080859735,3
2561,88.00453920218172,22.50279570904217,21,19,Cafeteria,410.4468056636708,288.0295746752498,1
1723,88.00478872492248,22.50286489366284,26,20,Cafeteria,436.1092534619823,295.6772426437881,1
1617,88.00446973438733,22.502556946751596,25,12,Cafeteria,403.30231197236844,261.6367910750819,0
1654,88.00423510143294,22.50301467377472,3,20,Cafeteria,379.17122105283556,312.23393621134005,1
2328,88.00411625157538,22.502859631849148,6,13,Cafeteria,366.94797335958134,295.09560175843603,0
4613,87.99476473652533,22.494632077874464,9,10,other,-594.8191428436957,-614.3782146031946,-1
221,87.99953318370186,22.499935113330604,4,15,Library,-104.40281295584705,-28.18067528139629,3
93,87.99991808446335,22.500225983710276,25,16,Library,-64.81725987486452,3.9721364875482124,3
2609,88.00483894085548,22.50246094244372,4,20,Cafeteria,441.2737677477902,251.02447488228023,1
3382,87.99556937606471,22.496238168156005,7,6,Sports Complex,-512.0650815785308,-436.84099488163827,4
4415,87.99540265804748,22.4960865822612,18,18,Sports Complex,-529.2113841603601,-453.5972996934217,5
1397,87.99975709649037,22.50043117416244,9,10,Library,-81.37424959079395,26.65388906971323,2
4686,88.00356102956098,22.503643343315478,2,3,other,309.8455388575715,381.7270672465107,-1
1292,87.99999848227212,22.499896750544465,16,10,Library,-56.54865652247906,-32.421297661189215,2
2164,88.00414355548568,22.503262271038924,16,13,Cafeteria,369.7560748201913,339.60333779627626,0
2939,88.00459522875914,22.503450445744672,5,20,Cafeteria,416.2089222311747,360.4041697696787,1
3668,87.99566013967691,22.49693307942775,23,18,Sports Complex,-502.7303954767838,-360.02550290310154,5
812,88.00036174447109,22.5000575176898,23,16,Library,-19.18854581715105,-14.650097415861367,3
1258,87.99982374703606,22.499717346166264,26,10,Library,-74.5194990205334,-52.252657627560666,2
889,88.00027717589515,22.50025881233368,0,14,Library,-27.886096424803007,7.601012518593464,3
1451,88.00042555373616,22.500194351838196,3,10,Library,-12.6260099578141,0.47554934783775593,2
3316,87.99554336738579,22.49597130888237,12,17,Sports Complex,-514.7399735059745,-466.33961898908063,5
2559,88.00480162083244,22.503495784518293,3,20,Cafeteria,437.4355478718014,365.4159178057202,1
3574,87.99558894469048,22.49613651070004,11,7,Sports Complex,-510.0525241824305,-448.0782100639257,4
2680,88.00405260393659,22.50282262513219,15,19,Cafeteria,360.4020601368553,291.00487926585583,1
4651,87.99828258884023,22.498774533353707,11,3,other,-233.0216524883825,-156.47118592761552,-1
4811,87.99777868441164,22.497996896155502,8,23,other,-284.8462719780448,-242.43120181716,-1
4679,87.99511418364398,22.50157893408625,19,22,other,-558.8798596610372,153.52727104773186,-1
2964,88.00419354485923,22.50313634665428,14,12,Cafeteria,374.8972883437154,325.68365631771815,0
2672,88.00427317272135,22.50290351727374,26,19,Cafeteria,383.086705663959,299.94669659284733,1
561,88.00051885019967,22.4999656570529,4,14,Library,-3.030829906668286,-24.804372218766346,3
2778,88.00484132008977,22.503347012955818,2,12,Cafeteria,441.51846278259075,348.97070928967815,0
2948,88.00427345543868,22.503472792357684,4,19,Cafeteria,383.1157820460537,362.8743643719801,1
2817,88.00465728012902,22.50314186494055,13,13,Cafeteria,422.5906653762222,326.29364768187395,0
2758,88.00482576951485,22.502856520489303,21,12,Cafeteria,439.91914636047943,294.7516720411343,0
1756,88.0038836679334,22.50340811711841,11,19,Cafeteria,343.0276462859475,355.7251634227913,1
724,88.00004271635953,22.499837656740414,27,11,Library,-51.99935189536511,-38.95352676098703,2
219,88.00002046853484,22.49989112840736,17,16,Library,-54.28745452662017,-33.04276869689609,3
4139,87.99624106345054,22.497110436114564,3,17,Sports Complex,-442.98463454891413,-340.4204947424659,5
3957,87.99606823522382,22.49656545270252,10,18,Sports Complex,-460.7593485203774,-400.6629611098965,5
1588,88.00461935560233,22.50285038210998,25,20,Cafeteria,418.69027463987925,294.07313559076306,1
3347,87.9950187201684,22.49632398162249,17,17,Sports Complex,-568.6979085134851,-427.3551742965144,5
3970,87.99554939007385,22.496938570373587,16,17,Sports Complex,-514.1205633578448,-359.4185337501182,5
4707,88.00142148471683,22.49953175744032,7,2,other,89.80163541132264,-72.76763539347023,-1
43,87.99992472407611,22.49988572593585,18,11,Library,-64.13440140902605,-33.63995789743193,2
3001,88.00431927426979,22.503002652531706,6,13,Cafeteria,387.8280714269686,310.9051080083364,0
210,88.00014272262767,22.50027677016732,7,16,Library,-41.714094415941396,9.586071449318965,3
677,88.00043806761086,22.50004618514473,11,11,Library,-11.33900639610553,-15.90279694803634,2
354,87.99999524594803,22.50025014557951,2,15,Library,-56.88149992496013,6.642989512703608,3
1433,87.99985423064035,22.50023882513956,13,11,Library,-71.38437834394128,5.391628080740816,2
949,88.00006083486232,22.49982736473692,0,14,Library,-50.135934033240936,-40.09120482730033,3
2843,88.00453348900636,22.50290540545092,20,19,Cafeteria,409.8592276983726,300.1554156984164,1
577,88.00019271629847,22.500300971109294,8,11,Library,-36.57243893701823,12.261243574925587,2
3928,87.99544585838412,22.49691475244425,18,17,Sports Complex,-524.7683967982833,-362.05136765886203,5
544,87.99938208887497,22.499794395016902,24,15,Library,-119.94233090063996,-43.73567767800232,3
367,88.00000314810019,22.500281676284207,3,15,Library,-56.06879417014128,10.128393609808413,3
1612,88.00464841755412,22.50272981412203,16,12,Cafeteria,421.67918386124427,280.7455502028788,0
3550,87.99525306171846,22.49594829185113,22,18,Sports Complex,-544.5967874014144,-468.8839216226536,5
3716,87.99573559679229,22.49621869671869,23,7,Sports Complex,-494.9699233115861,-438.99336756253155,4
3779,87.99592423175177,22.496602292909657,4,6,Sports Complex,-475.56954807523266,-396.5906446129344,4
135,88.00038748360126,22.499899087884188,19,16,Library,-16.541375934973352,-32.16292812824662,3
4480,87.99544762741952,22.496298048446096,2,17,Sports Complex,-524.5864583559247,-430.2218276148972,5
1437,88.000401836394,22.49994261283616,29,10,Library,-15.065246771389655,-27.35167993712473,2
47,88.00026428055655,22.500075447974957,8,11,Library,-29.21233207229122,-12.668083694599517,2
1360,87.9999961725377,22.499867196426347,13,11,Library,-56.78620376411104,-35.68820987796549,2
734,88.00025728890932,22.49969720701768,13,11,Library,-29.931395919560845,-54.47883911217197,2
1534,88.00469043479198,22.502932551401,7,13,Cafeteria,426.00049409502174,303.15612902004096,0
2004,88.00472131386401,22.50327725903233,7,20,Cafeteria,429.1762870971909,341.2601105874174,1
3795,87.99542980008678,22.4959115180879,6,6,Sports Complex,-526.4199305053932,-472.9488934098122,4
2519,88.00450885847229,22.5034240648214,23,19,Cafeteria,407.32607263235474,357.4880225110315,1
1972,88.00466582732349,22.50276056779849,23,13,Cafeteria,423.46971123475146,284.1450615986315,0
996,88.00044942163171,22.499930259267416,26,15,Library,-10.171289310961118,-28.71724342627857,3
61,87.99995358525584,22.49981319708021,28,15,Library,-61.16614081709083,-41.657297599830585,3
1108,87.99984405775983,22.50022426654922,10,16,Library,-72.43061971881137,3.7823215045145986,3
2405,88.00447535173424,22.50303652758309,3,19,Cafeteria,403.88003435360577,314.6496561885658,1
95,87.99963412126297,22.499747567323823,16,14,Library,-94.02177559983886,-48.9120108710236,3
478,88.00076972020211,22.499806780583043,19,16,Library,22.770178539906002,-42.366577196810056,3
4359,87.99499078774215,22.49708060439306,12,6,Sports Complex,-571.5706504059561,-343.7180932376841,4
4112,87.99511923744576,22.49701936155382,7,7,Sports Complex,-558.3600957143915,-350.48787668696997,4
3707,87.99501638078401,22.496021971425183,14,17,Sports Complex,-568.9385051409712,-460.73938150668545,5
1101,87.99927593615546,22.50015492786149,2,10,Library,-130.85972710588518,-3.882377037179552,2
2746,88.00446848178206,22.502883119630564,4,12,Cafeteria,403.17348636982695,297.6919411161396,0
2170,88.00436708398007,22.503253922138352,1,12,Cafeteria,392.7451150223353,338.6804503270722,0
322,87.99979544482919,22.499943786004547,0,15,Library,-77.43027141829299,-27.221997903786175,3
4254,87.99560868887328,22.495994624877127,10,7,Sports Complex,-508.02191142657784,-463.76226892872523,4
3142,88.00439448785308,22.50269160909692,4,12,Cafeteria,395.56349726010166,276.52236672724587,0
3537,87.99531142530677,22.496473740549863,0,7,Sports Complex,-538.594318312858,-410.8008224645176,4
4925,87.9930825571605,22.49619255688276,9,17,other,-767.8247775435309,-441.8828650259914,-1
2924,88.00419924511912,22.502981411097828,23,12,Cafeteria,375.4835380035205,308.5570799075059,0
1149,87.99978825966292,22.50022556929345,15,14,Library,-78.1692379498341,3.9263268513849425,3
3617,87.99525313914664,22.497122053168813,0,18,Sports Complex,-544.5888242125775,-339.13634556585356,5
291,87.99987674976633,22.500028756519782,11,15,Library,-69.06837342552342,-17.82935714965589,3
3749,87.99509759049063,22.49633956057288,15,17,Sports Complex,-560.5864012383294,-425.63307712009026,5
3586,87.99532967908414,22.496055329114046,28,18,Sports Complex,-536.7169879843883,-457.0520225797043,5
533,87.99969724595006,22.500126367539792,23,10,Library,-87.52964593560631,-7.03943499775761,2
3607,87.99487840621357,22.49669196214574,2,7,Sports Complex,-583.1286555077132,-386.67860725636854,4
2648,88.00452276731156,22.503221666910733,12,12,Cafeteria,408.7565428991924,335.114957466011,0
4810,88.00657733284848,22.50265639876441,16,9,other,620.0606536149652,272.63021657167945,-1
1983,88.00426682906965,22.502803750783457,29,12,Cafeteria,382.43428564708336,288.91850875692967,0
2932,88.00454870636824,22.503346048063303,20,19,Cafeteria,411.4242744496824,348.8640500711438,1
1536,88.00431121816275,22.50286395946781,21,19,Cafeteria,386.99953200964273,295.57397672529464,1
4534,88.00109332870444,22.49832803597171,27,18,other,56.05206007422376,-205.82700653357392,-1
4172,87.99504579506852,22.496175816310597,7,17,Sports Complex,-565.9133598635542,-443.7333678730059,5
3360,87.9952150463602,22.496109070690565,11,18,Sports Complex,-548.5065198123058,-451.1114287113253,5
3665,87.99554206949557,22.496472218350995,22,7,Sports Complex,-514.8734564902015,-410.96908632741804,4
4005,87.99545263301813,22.496879141621704,16,17,Sports Complex,-524.0716519193578,-365.9877879831822,5
3626,87.99585028717422,22.49665751913492,7,17,Sports Complex,-483.1744615816815,-390.4859376722526,5
586,87.99988515977512,22.499872964950587,19,15,Library,-68.20343658300366,-35.05055720851864,3
3256,88.0043134232466,22.50239707339163,11,20,Cafeteria,387.226316345606,243.96438986447328,1
2298,88.00450853978175,22.503082173938694,6,20,Cafeteria,407.29329654432325,319.6954043368112,1
3988,87.99502068767887,22.496699456731594,11,7,Sports Complex,-568.4955576792454,-385.85015573595376,4
584,88.00004546656376,22.499862365787628,22,15,Library,-51.71650403825278,-36.22218868199198,3
2423,88.00416847980523,22.5026295169714,7,20,Cafeteria,372.31944458494735,269.6587031721304,1
1391,87.99983057115756,22.49946735838005,11,16,Library,-73.81766454562995,-79.88630751583919,3
4525,87.99881063691535,22.497040272749377,8,21,other,-178.71395242999662,-348.1763531302557,-1
4920,87.99597749379214,22.50023099085102,9,22,other,-470.09175344055154,4.525625825270438,-1
4800,88.0023587959823,22.49802617215295,19,10,other,186.20047003380103,-239.19503305920193,-1
3240,88.0049920441678,22.50299877615855,2,13,Cafeteria,457.0198506435772,310.47661371959634,0
4281,87.99558583254677,22.496144647669013,11,18,Sports Complex,-510.3725961141966,-447.17874951371726,5
3338,87.9957081990307,22.49614171908885,27,18,Sports Complex,-497.78767701339507,-447.5024747648663,5
3220,88.0042311912357,22.503469831213504,7,12,Cafeteria,378.7690724063822,362.5470394943631,0
2111,88.00435617948588,22.502905493115517,24,20,Cafeteria,391.62363001439303,300.1651061428121,1
1174,87.99981150885279,22.49974786132898,12,15,Library,-75.77814878711095,-48.879511540858616,3
4862,88.00661938006058,22.50209001648668,8,2,other,624.3850465838199,210.02231959116182,-1
3811,87.99540696007203,22.49664422489797,8,18,Sports Complex,-528.7689375917481,-391.95548262474983,5
1867,88.00444791341641,22.503164268103987,6,13,Cafeteria,401.0581095990648,328.7700933683277,0
2614,88.00426589218571,22.502619630324453,11,13,Cafeteria,382.33793076166694,268.56583321866924,0
3866,87.99503364257666,22.49636402252651,27,6,Sports Complex,-567.163196600255,-422.9290527659484,4
4885,87.99612798243449,22.495618009817427,18,18,other,-454.6145792289683,-505.39329762798684,5
3778,87.99567589118627,22.496261728551787,13,17,Sports Complex,-501.1104137257851,-434.23662873190864,5
3846,87.99526805798078,22.495337609905544,27,17,Sports Complex,-543.0544798832603,-536.3887038875582,5
2416,88.00441858984135,22.503580574220912,26,19,Cafeteria,398.04229343725723,374.78857153322974,1
70,88.00009034890138,22.500198566169907,21,10,Library,-47.10052938717936,0.9414015750913052,2
4880,87.99410917153033,22.497575030331745,0,0,other,-662.2414643980346,-289.06424997524965,-1
1126,88.00007565886631,22.50035084249253,6,16,Library,-48.61134261832774,17.774026277879642,3
4024,87.995352446191,22.49630950394848,8,18,Sports Complex,-534.3754791912745,-428.95553638126984,5
3250,88.00454372488585,22.502825861338263,29,13,Cafeteria,410.91194827280157,291.36260948515405,0
3901,87.99547826895564,22.496617713039264,4,17,Sports Complex,-521.4350950028823,-394.88610348617885,5
1095,87.99997982085497,22.499438277666503,14,16,Library,-58.467911023465945,-83.10088959117884,3
4545,87.99789732248162,22.49601397825638,24,9,other,-272.6448058173517,-461.6229463862992,-1
1212,87.9998203981836,22.50012496603093,20,11,Library,-74.86391553006891,-7.19435778724872,2
3921,87.99515792255889,22.49664710843612,4,6,Sports Complex,-554.3814816084006,-391.6367363174979,4
1425,87.99950841085266,22.500063060099105,17,11,Library,-106.95060458201297,-14.037439491304653,2
3066,88.00420003657773,22.5029565334793,6,20,Cafeteria,375.564936456568,305.8071079553365,1
4519,88.00287029763295,22.499998972654403,26,23,other,238.8064343984,-21.12166562868694,-1
2100,88.00470003560339,22.502801430685142,23,13,Cafeteria,426.9879003766208,288.6620450892607,0
807,87.99988031284458,22.49995420084532,23,16,Library,-68.7019246226407,-26.070741404748716,3
4743,88.0040419333194,22.50149736120821,12,18,other,359.3046284731692,144.51020510900577,-1
3750,87.99561352099893,22.49662227724372,3,18,Sports Complex,-507.5249460118009,-394.381576325595,5
1362,88.0000298950921,22.49972442696254,4,15,Library,-53.31796961011444,-51.4699464071645,3
2317,88.0047641399083,22.50247135030487,1,19,Cafeteria,433.5807799411484,252.1749598538782,1
4581,87.99342443246069,22.494835779239114,12,14,other,-732.6642265745334,-591.8610657547001,-1
4741,87.99873973847099,22.49574051926003,20,7,other,-186.0055829319697,-491.85110384285343,-1
1025,88.00010908091741,22.500120671971803,19,11,Library,-45.17401406403259,-7.669023083238997,2
3109,88.0049423110216,22.502615512965047,3,12,Cafeteria,451.9049891097205,268.1107003098959,0
2110,88.004177056957,22.5025999017832,26,12,Cafeteria,373.20157143640847,266.38504026845396,0
1041,87.99988527893429,22.49968537377233,14,15,Library,-68.19118152394272,-55.78688605304208,3
1876,88.0041668331253,22.50351283555125,12,19,Cafeteria,372.15008992928915,367.3007389886047,1
881,87.99986728280678,22.499760712271275,8,16,Library,-70.0420135619917,-47.45896837964594,3
4299,87.99578169957837,22.496281741091884,23,17,Sports Complex,-490.2284302608849,-432.02444254947795,5
1192,87.99984965808902,22.49999017317809,25,14,Library,-71.854647544794,-22.094359740220852,3
4587,88.0016569473057,22.496069449037385,5,10,other,114.01805102574319,-455.4912062538118,-1
4510,88.00175556070434,22.503860522743505,14,23,other,124.1600572692255,405.73408122064143,-1
3670,87.99487983616122,22.496949174102053,28,7,Sports Complex,-582.9815909288467,-358.24639760549184,4
624,88.00039829665666,22.500005616473203,6,11,Library,-15.429295052815762,-20.38725789853487,2
2796,88.00436276601933,22.503108557059694,15,20,Cafeteria,392.301029477811,322.61179453213964,1
4291,87.99547894592521,22.4964321018226,15,18,Sports Complex,-521.3654713029132,-415.4035673763211,5
4968,87.99427475390434,22.494841315671277,3,22,other,-645.2119583241304,-591.2490685434573,-1
233,87.9998370999131,22.49992420505429,7,14,Library,-73.14620731660096,-29.386476145367126,3
4566,88.00134670158977,22.495742540240578,16,9,other,82.11048033434756,-491.6277046529523,-1
1662,88.00458694729495,22.50272054218536,6,12,Cafeteria,415.35720570296644,279.7206303234756,0
415,87.99981287836586,22.499864331550068,7,16,Library,-75.63729967007995,-36.004893301881324,3
4246,87.99595495493524,22.49708826799969,12,17,Sports Complex,-472.4097876076079,-342.87095816068563,5
2173,88.00479474830173,22.50359104139474,8,20,Cafeteria,436.7287346975371,375.94561292799517,1
1456,88.00018833540527,22.500233047891065,19,15,Library,-37.02299684113454,4.75301103193928,3
746,88.00004669169113,22.49977530398792,0,10,Library,-51.59050443233904,-45.8460000216369,2
17,88.00007856183315,22.50015770292114,2,10,Library,-48.31278371826862,-3.575621943607743,2
1200,88.00003130612566,22.50009670213017,22,10,Library,-53.17285027106221,-10.318649377583782,2
1699,88.00464882770142,22.50370712754923,28,19,Cafeteria,421.7213659224361,388.7777764455152,1
3253,88.00430473738818,22.503447101436446,3,20,Cafeteria,386.3330094367263,360.0344899383871,1
596,87.99993253126618,22.50016762015431,18,14,Library,-63.33146213746857,-2.4793709888231064,3
3226,88.00454831263941,22.503139524554744,13,20,Cafeteria,411.3837809643935,326.0349414349721,1
4405,87.99582079866482,22.496752223730976,26,7,Sports Complex,-486.2072406012223,-380.01729162432235,4
4719,87.99407473432002,22.503783253097676,25,4,other,-665.7831981455458,397.192694570766,-1
1505,88.00391970797276,22.50281782348476,22,20,Cafeteria,346.7342247964098,290.4741051591526,1
1412,88.00011397194302,22.49981726093107,28,10,Library,-44.670991016733,-41.20807952583455,2
1965,88.00433725733501,22.50292555967902,14,20,Cafeteria,389.67756005898224,302.3832640725634,1
371,88.0001244995728,22.499946269742427,17,10,Library,-43.58826505386024,-26.947445518502846,2
1340,88.00004014349527,22.500073906122186,15,16,Library,-52.26396102315116,-12.838520099981068,3
598,87.99988892668497,22.49961156030849,12,14,Library,-67.81602448882975,-63.946226345799104,3
238,87.9998345533838,22.500237576897995,4,15,Library,-73.40810799434409,5.25364745792487,3
3400,87.99533981305247,22.495680132581818,6,17,Sports Complex,-535.6747485776842,-498.5262472522679,5
2067,88.0044171346012,22.50299670118548,22,13,Cafeteria,397.89262762190566,310.2472461966559,0
810,87.99995328208895,22.49991983309361,9,11,Library,-61.197320357466204,-29.86975267870541,2
1094,88.0001831600193,22.50021210772055,29,16,Library,-37.55526524986469,2.4382845832217015,3
4324,87.99570585504256,22.4964150667385,26,7,Sports Complex,-498.02874711858914,-417.2866255726127,4
4760,87.99733863118271,22.49421057075387,10,19,other,-330.1040427987858,-660.9716117134308,-1
3676,87.99542209877548,22.49554470846528,6,17,Sports Complex,-527.2119805555087,-513.4960290941449,5
3464,87.99534915132993,22.496498507971825,5,17,Sports Complex,-534.7143428958435,-408.06303164081334,5
3103,88.00424804863876,22.5025359541004,18,13,Cafeteria,380.50279104288614,259.3162634116754,0
2749,88.00454145581432,22.503030475607453,27,19,Cafeteria,410.67858305123315,313.9806708014469,1
2295,88.00466584718441,22.50302531426449,21,13,Cafeteria,423.471753853479,313.41013595043705,0
4192,87.99507703122852,22.496702671550445,17,7,Sports Complex,-562.700841746239,-385.49478966024833,4
3708,87.99576951753812,22.496225138727908,10,7,Sports Complex,-491.4813059349519,-438.28126786341926,4
3018,88.00464431380003,22.502872613532386,9,19,Cafeteria,421.2571286413844,296.53059702353266,1
4252,87.99538387742989,22.496651614423545,11,18,Sports Complex,-531.1428979661566,-391.1386444677388,5
803,87.99988443117782,22.500062550051563,15,14,Library,-68.27836999434679,-14.093820146595064,3
4190,87.99485316146067,22.4958261582256,12,18,Sports Complex,-585.72498060271,-482.3845725884866,5
3705,87.99556148579939,22.496244697032903,11,6,Sports Complex,-512.8765648178829,-436.1192928292592,4
751,87.9996620788486,22.50037778873256,4,11,Library,-91.14644616250882,20.7526636508414,2
4644,88.0017709038457,22.50409471469489,0,4,other,125.7380399529927,431.62165952677236,-1
2531,88.004487112566,22.50274553016895,25,20,Cafeteria,405.08959036452615,282.48280202949786,1
621,88.00011786708929,22.50019615107197,18,15,Library,-44.27039030447879,0.6744366493595777,3
2297,88.00473103106997,22.502675029807836,17,20,Cafeteria,430.1756641071504,274.6896921118212,1
3828,87.99550350740311,22.4963898894934,8,18,Sports Complex,-518.8394183966694,-420.0697182459035,5
566,87.9994904688662,22.49939029571043,5,11,Library,-108.79586842224697,-88.40481501541781,2
1135,88.00024102179208,22.50026788578806,7,11,Library,-31.604405946170708,8.603992165642538,2
1204,88.00001221501758,22.50006232714891,24,14,Library,-55.1362968218188,-14.118459805833368,3
1047,87.99960590196075,22.49985880649896,27,10,Library,-96.9240215754881,-36.61563245137948,2
51,87.9999037294299,22.499949081562452,10,16,Library,-66.29361948540961,-26.636626932959544,3
3651,87.99583097169966,22.496293793864204,2,7,Sports Complex,-485.16098335558286,-430.692129097253,4
1044,87.99995684317501,22.500606679121585,0,14,Library,-60.83107644374552,46.054207253623716,3
2181,88.00522186717684,22.50239553197852,25,19,Cafeteria,480.6562573065214,243.79400205938765,1
2688,88.00494804226403,22.50332810713165,2,20,Cafeteria,452.49442520463936,346.88085948629805,1
534,87.99983704097305,22.500265052476877,0,15,Library,-73.15226907210368,8.290797947571491,3
3184,88.00468818736037,22.5031286637328,14,20,Cafeteria,425.7693544554491,324.8343861771826,1
3857,87.99543529313532,22.49694669239576,19,7,Sports Complex,-525.8549917314274,-358.52072541911025,4
443,87.99997771999013,22.499914201931126,17,14,Library,-58.683976839007194,-30.492221379671918,3
3604,87.99508245932014,22.4963368204129,26,6,Sports Complex,-562.1425835387035,-425.93597440445467,4
195,88.00009632934493,22.500484732249763,20,16,Library,-46.485463923172006,32.5742000424335,3
1115,88.00009124025061,22.50016708512218,25,11,Library,-47.00885756986265,-2.5385134407359544,2
765,87.99982420589372,22.50029812687812,25,14,Library,-74.47230728720749,11.946842261132815,3
1945,88.00491360142519,22.503227636806432,20,12,Cafeteria,448.95231827554994,335.7748697366409,0
3247,88.00434554462028,22.502904134807316,0,12,Cafeteria,390.52987526260017,300.01495875436876,0
3002,88.00472385209142,22.50283003109491,23,13,Cafeteria,429.4373339585287,291.8235343848728,0
1432,88.0002151183721,22.499777689792943,10,16,Library,-34.26847239978712,-45.58227313450644,3
4200,87.99511897780494,22.49647205279628,14,17,Sports Complex,-558.3867987682826,-410.98738674579124,5
3095,88.00435309144895,22.503006344818672,29,13,Cafeteria,391.3060373718561,311.31325340965077,0
2922,88.00489643763275,22.502680487698804,29,19,Cafeteria,447.1870886774288,275.29300737938183,1
644,87.99993856423397,22.499944199436342,8,14,Library,-62.71099475845669,-27.176297153115456,3
1049,88.00034502283853,22.50052211069322,0,15,Library,-20.90830098424867,36.706013181958355,3
3745,87.99545548021561,22.49681976252615,27,6,Sports Complex,-523.778828682303,-372.5515532056578,4
4093,87.99516639487334,22.497236780323767,16,7,Sports Complex,-553.5101368700537,-326.454405857143,4
4403,87.9957827088446,22.49639467264746,18,6,Sports Complex,-490.1246311369658,-419.54098839597054,4
120,88.00019775798675,22.500028317602634,15,14,Library,-36.053920817264846,-17.87787505119141,3
2052,88.00467144842094,22.50320084290125,6,20,Cafeteria,424.04781934335233,332.8130714578583,1
4258,87.99533886268358,22.49715632888597,22,18,Sports Complex,-535.7724903380024,-335.3475077911254,5
4888,87.99613866978375,22.5055355756896,21,18,other,-453.51542673630456,590.8944338819019,-1
4334,87.99541418965237,22.49611368450309,7,7,Sports Complex,-528.0254032455495,-450.6014178748203,4
4691,87.99816321238863,22.496358123465694,2,20,other,-245.29905833939375,-423.5811349486283,-1
134,87.99977014394145,22.499916306166973,24,14,Library,-80.03236976395834,-30.259619149155554,3
2460,88.00455308385546,22.503282605747117,13,20,Cafeteria,411.8744820612636,341.8511364399137,1
1954,88.00461285326537,22.503132540338324,25,19,Cafeteria,418.0215344590823,325.26290615196876,1
2463,88.00409800267911,22.50251075357784,29,12,Cafeteria,365.0711450335277,256.530597648157,0
184,87.99994413430368,22.49970524005221,29,11,Library,-62.13813465537458,-53.590867474930306,2
1392,88.00050334681188,22.50019205180416,2,14,Library,-4.625293315271808,0.22130358538710482,3
2276,88.00438905127344,22.50329842658558,17,12,Cafeteria,395.0043660930228,343.59997192364676,0
511,87.99998744047264,22.49980931880536,13,11,Library,-57.6842628481405,-42.08600210171767,2
4729,87.99543671555911,22.49823032552014,24,9,other,-525.7087009515843,-216.62791985010074,-1
4054,87.9955878512401,22.49684204217961,23,6,Sports Complex,-510.16498132036145,-370.0887603124937,4
3137,88.00493457873236,22.503091649066093,11,20,Cafeteria,451.10975309948884,320.74278491951077,1
2669,88.00434716540299,22.502982471437026,6,19,Cafeteria,390.6965664892283,308.6742898024283,1
4773,87.9993604261263,22.500488519458997,6,10,other,-122.17026072817643,32.992838151184,2
4861,87.99494816768325,22.499839405107625,4,19,other,-575.9539584503871,-38.76026224948227,-1
2117,88.00456080350901,22.503005560220945,15,20,Cafeteria,412.66841854063216,311.2265239768825,1
251,88.00022946548677,22.50016946882988,23,15,Library,-32.792927204222735,-2.2750183913197475,3
3526,87.9957227936224,22.49668270722229,18,6,Sports Complex,-496.2866797631915,-387.7016464943165,4
3559,87.99483109423616,22.4964359844514,15,6,Sports Complex,-587.9945092044927,-414.9743815887911,4
4011,87.99592585322237,22.49609338704494,20,7,Sports Complex,-475.40278610171623,-452.845098898699,4
1507,88.00431272397383,22.50341079867066,2,19,Cafeteria,387.15439884812514,356.0215822084603,1
122,88.00035069857773,22.500229807233644,26,14,Library,-20.324573182235888,4.394788760662465,3
4259,87.99549021070494,22.49653657991263,14,18,Sports Complex,-520.2069323221091,-403.85455930439235,5
3333,87.99538414148303,22.49669254496843,14,7,Sports Complex,-531.1157411228469,-386.61418203625294,4
1871,88.00450079834744,22.503063474237624,4,20,Cafeteria,406.4971199977214,317.6283393806019,1
3692,87.99584575155384,22.496248530605197,29,17,Sports Complex,-483.6409325766896,-435.6955297479481,5
567,87.99974797842228,22.49996643020945,24,10,Library,-82.31200759126631,-24.718907493692015,2
1371,88.00042792712003,22.50011459667589,25,11,Library,-12.381916616485517,-8.340586293610457,2
3185,88.00483350956068,22.50336109916582,24,19,Cafeteria,440.7151801066956,350.52779894319934,1
3955,87.9954765464854,22.49698828566728,25,7,Sports Complex,-521.6122443971159,-353.9230051854513,4
1056,87.99999361148225,22.499341063065245,1,11,Library,-57.04959840169921,-93.84699161422589,2
856,87.99979191110673,22.49990768071519,1,16,Library,-77.79370109194438,-31.213076589350948,3
3838,87.99591559950309,22.496394177651784,21,6,Sports Complex,-476.45734143003284,-419.5957052182414,4
2860,88.00402737859424,22.50278889073614,17,19,Cafeteria,357.8077313431949,287.2758791266938,1
4769,88.00538659674368,22.50081504603928,17,23,other,497.59805546422837,69.08708633544393,-1
776,87.99981821570604,22.50016984332074,22,16,Library,-75.08837489697909,-2.2336221716933835,3
720,88.00007695044222,22.499910414961995,2,15,Library,-48.47850903634171,-30.91083294743143,3
2710,88.00468686364715,22.50247519388069,23,19,Cafeteria,425.6332156757704,252.59982872524873,1
2654,88.00482831993912,22.502801197109704,25,12,Cafeteria,440.18144762205264,288.63622566033285,0
4877,88.00496289658754,22.505240472520587,12,3,other,454.0221348654579,558.2737295792735,-1
602,88.00021740148003,22.49978258422968,16,14,Library,-34.03366358859139,-45.04124209742521,3
3822,87.99567119569484,22.49627635523108,22,18,Sports Complex,-501.593326839278,-432.6197956029984,5
1244,87.99983768061374,22.499367609980577,11,10,Library,-73.08648450378101,-90.91249559335374,2
4845,88.00556499828362,22.50276881882887,11,8,other,515.9459631216205,285.0571304968173,-1
4841,88.001686551625,22.50173494675057,1,19,other,117.06274064478163,170.7729109616492,-1
318,88.00008104158812,22.49994721744029,9,14,Library,-48.057750520743284,-26.8426869966941,3
828,87.99989495329572,22.50017388443939,26,16,Library,-67.19621090688378,-1.7869169160806564,3
3263,88.00457724385853,22.502694885164114,2,20,Cafeteria,414.3592448365364,276.8845031948181,1
274,87.99975462283724,22.499814382353577,16,10,Library,-81.62865523743402,-41.52627748198853,2
2664,88.0043400975251,22.502688583928663,28,13,Cafeteria,389.96966261344875,276.1879646279933,0
549,87.99984900370332,22.500038797670964,20,16,Library,-71.92194858054508,-16.71940829803752,3
3641,87.99571143409923,22.496405677185503,12,6,Sports Complex,-497.45496274013504,-418.32454676084063,4
4053,87.99548324937533,22.496628923201342,20,18,Sports Complex,-520.9228781207801,-393.64693217000905,5
4892,87.99385094579478,22.495233772634773,14,14,other,-688.7989815147714,-547.8668757985982,-1
2934,88.00445978213385,22.503174652271696,20,13,Cafeteria,402.2787612347356,329.9179592668608,0
605,88.00046919895314,22.500410668238317,18,10,Library,-8.137268374991224,24.387164217137922,2
896,87.99995822047993,22.49976953504672,2,10,Library,-60.689425966132184,-46.48369878191822,2
527,88.00001202123667,22.500309736588235,18,16,Library,-55.15622643772916,13.230179617151805,3
4607,88.00024185563743,22.497672182894576,15,11,other,-31.518648180533262,-278.3250056800037,-1
2347,88.00446019173353,22.50319731510779,18,13,Cafeteria,402.3208869758155,332.4231091687874,0
3439,87.99588795561061,22.496957787467394,19,17,Sports Complex,-479.3004087414588,-357.2942762006028,5
4998,88.00449756229845,22.495171170478184,1,19,other,406.1643048890264,-554.7869181879755,-1
4826,87.99668410363444,22.49998029521153,4,2,other,-397.41966697446617,-23.186270163989207,-1
3922,87.99616066879223,22.4967071304169,25,17,Sports Complex,-451.2529138885604,-385.0019065621466,5
298,88.00020321552971,22.50026900178465,11,15,Library,-35.49263365462257,8.727354428630676,3
2119,88.00389679182712,22.50329656152329,28,19,Cafeteria,344.3773879429568,343.3938079379694,1
2536,88.00459575003293,22.50308168012964,11,12,Cafeteria,416.2625332222728,319.6408186839719,0
4203,87.99472383682195,22.496345588158224,16,6,Sports Complex,-599.0255189829171,-424.9667878362917,4
3254,88.0045824230419,22.50253482531114,22,13,Cafeteria,414.8919037927606,259.19148704713797,0
3725,87.9953088075968,22.496307766471343,9,7,Sports Complex,-538.863539647856,-429.1475971041225,4
1260,88.00013958172813,22.50015738239605,18,15,Library,-42.03712377254519,-3.61105278696094,3
1558,88.00473827700344,22.503459901185217,26,19,Cafeteria,430.9208803105922,361.4493741674472,1
3269,88.00484340380368,22.50357376640683,0,19,Cafeteria,441.7327646905168,374.03603576467674,1
4046,87.99548592834292,22.496241441446145,8,17,Sports Complex,-520.6473566764332,-436.4791653895327,5
756,88.00012332947522,22.500221721847524,27,14,Library,-43.70860506070914,3.5010301788884135,3
1010,88.0003293485164,22.50012046651543,25,10,Library,-22.52034432813676,-7.691734230786906,2
2794,88.00447699054077,22.502756850677404,25,12,Cafeteria,404.0485792594915,283.7341710338293,0
2905,88.00433635355365,22.50243935480614,2,13,Cafeteria,389.584609645778,248.63817742421395,0
1870,88.00440074556143,22.502795694703543,22,13,Cafeteria,396.20707833561056,288.02798968330376,0
2229,88.00466777910682,22.503168204112043,16,12,Cafeteria,423.6704445936671,329.20517969887896,0
1173,87.99998435171803,22.49986528953595,23,11,Library,-58.00192930093554,-35.89899754241635,2
1832,88.00420708610544,22.502700321896608,13,13,Cafeteria,376.28995308756015,277.4854796046535,0
376,88.00021808015919,22.49985945799336,11,15,Library,-33.96386406493487,-36.54361626042984,3
3853,87.99511359102829,22.49648010710173,3,17,Sports Complex,-558.9408078904637,-410.09706382133226,5
3616,87.99480057926151,22.49583050202633,16,6,Sports Complex,-591.1328562013902,-481.9044088559151,4
798,88.00000707959403,22.50016261252313,18,15,Library,-55.66445525082895,-3.0329145395521806,3
378,88.00054745073331,22.499579140451942,4,16,Library,-0.08937575589289831,-67.5299172886892,3
1158,88.00024544137175,22.50004295983495,8,11,Library,-31.149869288853,-16.25932269103501,2
3819,87.99560745107101,22.49642631277088,7,6,Sports Complex,-508.14921459718136,-416.04348915342484,4
2792,88.00422622644211,22.503394943643176,29,12,Cafeteria,378.25846260811585,354.26896747030264,0
2240,88.00432579287552,22.50305760862004,1,12,Cafeteria,388.49848478789687,316.97995401280764,0
4035,87.99543186770674,22.496511056152155,20,18,Sports Complex,-526.2072837978393,-406.67595578719323,5
2662,88.00423409144919,22.5026537880362,26,19,Cafeteria,379.06734813473514,272.3416266749956,1
4012,87.99588137033302,22.49731655574639,25,6,Sports Complex,-479.97767904496357,-317.636030640354,4
2957,88.00485250707459,22.50254546000577,27,20,Cafeteria,442.66900085827905,260.3670461914187,1
3927,87.99563515827431,22.49637691893566,24,7,Sports Complex,-505.29963601289023,-421.50348369856533,4
1038,88.00005611295464,22.499688570655888,26,16,Library,-50.62156395673627,-55.4335025445544,3
3259,88.00442606146241,22.502832084252013,16,13,Cafeteria,398.81072073510927,292.05049037113656,0
1344,88.00023738853386,22.50005419389094,1,15,Library,-31.97807248672955,-15.017510141959889,3
2505,88.0045605796603,22.502882788315823,29,19,Cafeteria,412.64539656838343,297.65531758467216,1
1721,88.00521370270401,22.50305296829996,21,20,Cafeteria,479.81657288660716,316.46701303134034,1
4663,87.99576277985467,22.495855290440844,14,3,other,-492.17425059111946,-479.1642975155463,-1
175,88.00020679581226,22.499919419882698,14,11,Library,-35.124415456074296,-29.91542901298395,2
4893,87.99451371650214,22.497750836802275,10,12,other,-620.6355803424278,-269.63060272286907,-1
1909,88.00477415504301,22.503205439073703,23,20,Cafeteria,434.6107977695526,333.3211323607476,1
45,87.9998200389479,22.50011719356402,24,14,Library,-74.90086153083799,-8.05352627968567,3
3409,87.99528968948846,22.49678172990077,14,18,Sports Complex,-540.8297630702474,-376.7556796151313,5
4674,88.00342896715274,22.498021837711462,9,22,other,296.26343148213846,-239.67416222132925,-1
1075,87.9998765608542,22.499722008243555,16,11,Library,-69.0878023061654,-51.7373116037772,2
2829,88.00479739815778,22.503004072097816,14,20,Cafeteria,437.0012621319926,311.0620268462334,1
1504,88.00444957975682,22.503221803811467,18,12,Cafeteria,401.2294862585504,335.130090473181,0
2309,88.00479460987486,22.50276803813869,6,12,Cafeteria,436.71449802991475,284.97083300441193,0
1436,87.99993782721846,22.499849004843508,17,15,Library,-62.786793950301096,-37.6991074450131,3
2418,88.00506021697052,22.50297931806114,6,13,Cafeteria,464.03115945482483,308.32571563201805,0
3986,87.99514451786919,22.496564669027588,22,6,Sports Complex,-555.7601020440765,-400.74958853678817,4
3098,88.0047687508877,22.50331455307201,8,19,Cafeteria,434.0550013201774,345.38259373349763,1
4588,87.99852400377848,22.500837941763272,6,21,other,-208.19306078589094,71.61797966574667,-1
283,87.9996905461253,22.500190013990924,28,14,Library,-88.21869697277579,-0.003956289663875623,3
4918,88.00640842486365,22.5010440523271,14,11,other,602.6891213441853,94.40144139117344,-1
842,87.99971931949462,22.500123004712,12,15,Library,-85.25946734112395,-7.4111619817144,3
1513,88.00460876277103,22.50311260420906,2,20,Cafeteria,417.60084295323645,323.05916642323814,1
1168,88.00014868858541,22.50013807498442,0,10,Library,-41.10051876102995,-5.745294068581472,2
1592,88.00459310388244,22.50311190636412,5,13,Cafeteria,415.990386889434,322.9820266432698,0
3460,87.99511259539797,22.496322868748084,1,18,Sports Complex,-559.0432046136331,-427.47819143315303,5
3165,88.00437624473999,22.503023378235632,29,12,Cafeteria,393.68726371155344,313.1961273203625,0
2284,88.00457564665169,22.503332411462846,27,20,Cafeteria,414.1949782963248,347.35666025664534,1
3575,87.9957439678426,22.496889479368463,9,7,Sports Complex,-494.10899319744004,-364.84505345653275,4
4870,88.0064797128654,22.499032039888785,22,15,other,610.0208163149856,-128.00641354006268,-1
2305,88.00467349068462,22.50330985743866,3,20,Cafeteria,424.25785825652986,344.86353842292306,1
952,87.99968711514396,22.499983205427487,14,16,Library,-88.57156011942324,-22.86457489199229,3
4942,88.00219801241285,22.502396237039218,4,11,other,169.66450242849348,243.8719394687289,-1
3053,88.00440836301647,22.50343245899452,7,20,Cafeteria,396.99050409362803,358.41591440792945,1
4559,88.00437297061741,22.497515862447152,10,23,other,393.35053288112124,-295.60466793822525,-1
2685,88.00486670472011,22.503008728402023,2,20,Cafeteria,444.1291737310262,311.5767347131876,1
1489,88.00031564602585,22.50060291916889,12,10,Library,-23.92959242847487,45.63858208281985,2
927,88.00009430296876,22.49998445224575,16,11,Library,-46.69386886618223,-22.726751601019757,2
1209,88.0004373941858,22.50039085333971,28,11,Library,-11.408265556531655,22.19682532509239,2
3973,87.99519884653618,22.49689716901521,0,18,Sports Complex,-550.1726089908793,-363.9950399051292,5
3545,87.99531768748363,22.49681484648186,24,18,Sports Complex,-537.9502776675738,-373.0949727414601,5
4361,87.99555020012797,22.496776735311546,19,18,Sports Complex,-514.0372524281321,-377.3077815081468,5
1921,88.00471776346616,22.503008996878645,19,20,Cafeteria,428.81114242461064,311.606412119013,1
351,88.00036883905423,22.500443827723156,1,11,Library,-18.45889540966676,28.052613671321538,2
4898,87.99992612897344,22.497735127945795,29,7,other,-63.98991315776504,-271.3670597182237,-1
3393,87.99542564190406,22.49667261849097,22,6,Sports Complex,-526.8475834986172,-388.8168548546896,4
2721,88.00423220577296,22.50290362089922,10,13,Cafeteria,378.87341363567714,299.95815135357554,0
4981,87.99349273002996,22.500333830294693,25,20,other,-725.6400860058626,15.893497928964564,-1
718,87.99990909694695,22.50052493044729,7,14,Library,-65.74159113871696,37.017708797176994,3
2702,88.00421173310933,22.50296306704094,0,12,Cafeteria,376.76787944573107,306.5293278592355,0
2722,88.00437192184718,22.50261628612468,16,12,Cafeteria,393.24267092356155,268.1961653758486,0
4561,88.00301667980163,22.503960200044496,2,16,other,253.86127369247734,416.75241007217767,-1
308,88.0001367743453,22.499604702324493,13,16,Library,-42.325852228344864,-64.70430789689125,3
1675,88.00419681347093,22.502515611912862,12,13,Cafeteria,375.2334524010451,257.0676380014221,0
833,87.99980805060872,22.4999107426998,4,10,Library,-76.13381579987791,-30.874604810478345,2
366,88.00005602312045,22.50025813655109,13,14,Library,-50.63080305516596,7.5263115110091405,3
4506,87.99435394702763,22.50211900044504,17,3,other,-637.0672522086049,213.22620634852612,-1
2078,88.0042552866668,22.50286626304985,22,13,Cafeteria,381.2471942037253,295.8286146839726,0
4038,87.99579921637293,22.49657611571905,1,17,Sports Complex,-488.4268957612759,-399.4842712624532,5
4846,88.00010990101805,22.49780999145113,3,18,other,-45.089669888629224,-263.0916478383542,-1
4479,87.99531315437467,22.496599374760663,21,6,Sports Complex,-538.4164903734477,-396.9132168026823,4
1746,88.00456509183701,22.50303162638381,6,12,Cafeteria,413.1094564721399,314.1078776198374,0
19,87.99964692407467,22.500463523141583,18,16,Library,-92.70505598613208,30.229745224223876,3
1322,87.99998237530548,22.49998777570413,0,11,Library,-58.20519567935872,-22.359376511737494,2
3567,87.99528508664346,22.496619857807712,5,6,Sports Complex,-541.3031478570184,-394.6490207819175,4
2521,88.004706830086,22.50302721964032,28,20,Cafeteria,427.6866866056647,313.6207561945383,1
218,87.99987865911304,22.50017736295429,27,11,Library,-68.8720045091729,-1.4024018792173365,2
1487,87.999559797797,22.50002334309357,24,16,Library,-101.66565631288802,-18.427757283150967,3
438,87.99957415439016,22.500271446581237,21,14,Library,-100.1891362919656,8.997602243597953,3
4174,87.99585335508877,22.496290225503238,14,17,Sports Complex,-482.8589384485881,-431.08657571851313,5
2750,88.00414667630571,22.502786688968865,3,20,Cafeteria,370.0770390767917,287.0324957719004,1
3288,88.00446203213205,22.50305581990083,0,19,Cafeteria,402.5101648385689,316.78222899132504,1
3433,87.99589223999726,22.49622815708146,20,17,Sports Complex,-478.859776162758,-437.94761906168446,5
2525,88.00434570697175,22.502633588724777,25,12,Cafeteria,390.5465724826193,270.10879479043865,0
4650,88.00007757609683,22.504837830134427,3,5,other,-48.414162882363726,513.76564021319,-1
3688,87.99557548406983,22.496883096859115,14,17,Sports Complex,-511.4368969001841,-365.5505760398278,5
2763,88.00445093567586,22.503532935339244,23,13,Cafeteria,401.3689372819646,369.5225695536577,0
802,88.00002403019424,22.49990400718201,28,15,Library,-53.9211516474157,-31.619148946955704,3
2997,88.00425934459905,22.502696273400343,20,19,Cafeteria,381.6645368237823,277.0379588274827,1
2228,88.00424116268927,22.502771480386954,2,19,Cafeteria,379.7945977986101,285.35133912753736,1
4785,87.99849919799941,22.49567732359126,14,1,other,-210.74423912227803,-498.83675306859107,-1
2077,88.00424490975519,22.50324131273917,15,13,Cafeteria,380.17996902058644,337.2866073415288,0
582,88.00015819546653,22.499639036295967,5,15,Library,-40.122772846744404,-60.909030690166475,3
203,88.000263450513,22.50027742496049,29,15,Library,-29.297698837359867,9.658452286222357,3
4346,87.99534773158993,22.49735395606345,24,18,Sports Complex,-534.8603576581767,-313.5017995927123,5
3478,87.99569450976232,22.496299825008837,1,6,Sports Complex,-499.19556526546967,-430.0254463695652,4
2929,88.00452652371331,22.503133450119897,18,20,Cafeteria,409.1428742756748,325.3634734070199,1
3085,88.00455447963073,22.50276040478221,21,12,Cafeteria,412.01803214383534,284.1270417792824,0
1018,87.99991991317295,22.49994255009236,18,11,Library,-64.62918417283016,-27.35861563691664,2
1583,88.00421608660379,22.50297245653282,13,19,Cafeteria,377.21561949541103,307.5672422915533,1
1032,88.00009980578065,22.500138878161582,0,16,Library,-46.12792596900027,-5.656510865081614,3
1718,88.00480039487356,22.50256777912461,1,13,Cafeteria,437.30946274730167,262.8342015881135,0
1281,87.9999618825409,22.499837558693287,6,16,Library,-60.312797173297476,-38.964364890488525,3
2498,88.00455832306248,22.50257912800513,12,19,Cafeteria,412.4133142191434,264.0887068407711,1
3350,87.99505289718866,22.496357544437867,24,7,Sports Complex,-565.18293430513,-423.6451406845779,4
517,87.9997556111888,22.4994990344089,16,14,Library,-81.52700710625629,-76.38483928669729,3
1747,88.0042157456579,22.502945244279115,8,19,Cafeteria,377.180554530844,304.55919976694736,1
4652,88.00275437400293,22.503728064681148,29,6,other,226.8841378777784,391.0921670077282,-1
3732,87.99526504234302,22.49620288337027,21,7,Sports Complex,-543.3646265509952,-440.7413750967853,4
668,87.99933725754791,22.499941495035223,27,15,Library,-124.55305931318604,-27.4752416528149,3
4059,87.99526923655283,22.49671297207704,14,18,Sports Complex,-542.933268311169,-384.35616945021525,5
3026,88.00531253847541,22.50367636083063,29,20,Cafeteria,489.9814493076884,385.37682337162767,1
4932,87.99895687978832,22.504827378845288,12,14,other,-163.67343916010907,512.6103547117635,-1
3286,88.0047182841051,22.50308222724845,23,20,Cafeteria,428.8646881232555,319.7012971971104,1
2650,88.00458669092664,22.502762725782,26,19,Cafeteria,415.33083921490766,284.3836050957408,1
4453,87.99541220821487,22.49647243648981,4,17,Sports Complex,-528.2291864200093,-410.94497326275757,5
3192,88.00464378860686,22.50338177730242,16,19,Cafeteria,421.20311455700687,352.8135601630007,1
2124,88.00455147963191,22.50286512125928,16,12,Cafeteria,411.7094938811607,295.7024011544038,0
3375,87.99586634944983,22.496447010877823,15,18,Sports Complex,-481.5225187247061,-413.75552041184176,5
3392,87.9950013320212,22.49714076033869,4,6,Sports Complex,-570.4862121304492,-337.06845500743435,4
3485,87.99548958172909,22.4963855242992,27,18,Sports Complex,-520.2716200535106,-420.55224681285694,5
759,88.00017507746985,22.5000497370367,17,15,Library,-38.386524167872345,-15.510170809489736,3
3379,87.99530710931599,22.496546724796676,22,6,Sports Complex,-539.0382012540555,-402.7331438217826,4
4440,87.99515324207844,22.49629128635882,22,7,Sports Complex,-554.8628509004436,-430.9693087425718,4
2526,88.00416865139196,22.50352018044209,19,13,Cafeteria,372.3370916162148,368.1126432223994,0
4858,87.9957234196486,22.50300199579652,26,20,other,-496.2222953930908,310.8325125009484,-1
907,88.00018656339151,22.50020743310447,19,10,Library,-37.205241595625814,1.9215525218363894,2
2683,88.0043392359687,22.503082010055834,15,19,Cafeteria,389.88105487329966,319.677288725546,1
214,87.99992118268884,22.499866167953517,11,15,Library,-64.49861937863074,-35.80189726464404,3
3331,87.99573728948982,22.496620259137316,6,17,Sports Complex,-494.79583592353015,-394.60465780746745,5
4458,87.99530780573166,22.4971071669776,23,6,Sports Complex,-538.9665775989214,-340.7818651425427,4
693,88.00015398390174,22.49965920649885,15,14,Library,-40.555915978853555,-58.67941646337819,3
1503,88.00472928942428,22.503094373264226,1,13,Cafeteria,429.9965425911557,321.0439177811163,0
2414,88.00468332536903,22.5037408222242,19,13,Cafeteria,425.2693174702332,392.50238581652076,0
2118,88.00506998189998,22.502877843298734,1,19,Cafeteria,465.0354446423327,297.10869539563845,1
3858,87.99497298826981,22.496629922367216,5,6,Sports Complex,-573.4012572216795,-393.53648437434197,4
2462,88.00472745349249,22.50271046672032,6,20,Cafeteria,429.8077241154861,278.60688841775095,1
3635,87.9955145396442,22.496889183676306,3,7,Sports Complex,-517.704795114557,-364.8777392675655,4
4105,87.99552508399387,22.49667744172104,15,6,Sports Complex,-516.6203495767006,-388.28369500260396,4
4478,87.99584820404283,22.496495703213277,7,7,Sports Complex,-483.38870357997445,-408.3730696507182,4
196,87.99977903564096,22.49974991716885,24,15,Library,-79.11789289594171,-48.6522590018366,3
4667,87.99912886835482,22.49705419939844,16,1,other,-145.98508099246527,-346.6369013427003,-1
1543,88.00418052001325,22.50337246800922,26,19,Cafeteria,373.55773336316423,351.784510892933,1
1330,88.00038268770808,22.499574032103293,4,14,Library,-17.034614979634842,-68.09459414834684,3
879,88.00029709831836,22.500065070126645,6,15,Library,-25.83715233261082,-13.815251047036696,3
4502,88.00460874090793,22.49478921323801,14,23,other,417.5985944178903,-597.0084715166355,-1
3501,87.9954150959373,22.49710568128314,3,18,Sports Complex,-527.9321953485146,-340.9460938079439,5
3894,87.99523378976745,22.49633745937651,4,6,Sports Complex,-546.578832946061,-425.86534336710093,4
4990,87.99655850703941,22.502165059517107,14,6,other,-410.336790494765,218.3175761746657,-1
887,87.99991017697731,22.49976894171393,23,10,Library,-65.63051419795096,-46.54928578842785,2
1345,87.99962877550789,22.499725674368094,20,10,Library,-94.57156581290421,-51.3320581973278,2
68,88.00009040900626,22.49960936353578,17,14,Library,-47.09434783287193,-64.18905760140369,3
4210,87.99540222741354,22.495957140836307,2,6,Sports Complex,-529.2556731944296,-467.9057548010345,4
1815,88.00444650696642,22.502578176392028,25,19,Cafeteria,400.91346166234604,263.9835155283673,1
568,87.99953230201974,22.500355687034023,28,11,Library,-104.49349054743809,18.309541894548857,2
2167,88.00442961271078,22.50345484076897,7,13,Cafeteria,399.175952880343,360.88999575561013,0
96,88.00007403006927,22.50015478856525,18,11,Library,-48.778858087273626,-3.8977748435845427,2
4181,87.99571406054655,22.496786297234745,16,17,Sports Complex,-497.18484280302545,-376.2508065176302,5
3353,87.99506419729842,22.496535941680865,14,17,Sports Complex,-564.0207617672996,-403.92510944362107,5
139,87.9996922839209,22.49973311677144,28,10,Library,-88.03997142363355,-50.50937493125936,2
4954,88.00465712103154,22.501606838724577,8,12,other,422.57430281619844,156.61184976831535,-1
2602,88.00461788003827,22.50349039996576,29,13,Cafeteria,418.5385185891075,364.82070936865307,0
4023,87.99550501774777,22.49653557951655,3,18,Sports Complex,-518.6840852960595,-403.9651430869501,5
4772,87.99706505277932,22.49617175493127,28,4,other,-358.24052236170087,-444.18231274362375,-1
1606,88.00486298477756,22.503418966346924,19,13,Cafeteria,443.746592041931,356.9244371426084,0
1629,88.00466027407985,22.50324378309117,11,13,Cafeteria,422.8985816272155,337.55968005134685,0
1539,88.00467835632263,22.503131253672688,10,13,Cafeteria,424.7582702867764,325.12067813253685,0
1694,88.00461481593791,22.5029880406578,1,19,Cafeteria,418.2233877310383,309.2899114669205,1
2059,88.00430180758512,22.502703806797356,24,19,Cafeteria,386.0316905354892,277.8707005333837,1
463,88.00005349497768,22.500161303896487,20,14,Library,-50.89081275098594,-3.1775701287238434,3
2330,88.00456079924933,22.50296533755931,15,19,Cafeteria,412.6679804495221,306.78031095973085,1
3043,88.00490280103281,22.50272521147389,2,13,Cafeteria,447.8415397362419,280.23677347748867,0
4734,88.00359844876246,22.501813829407627,20,22,other,313.6939588517225,179.49259987273246,-1
594,88.00025938498607,22.50025977794685,22,10,Library,-29.71582254217429,7.707751398586993,2
3814,87.99538288865092,22.496207981634697,27,17,Sports Complex,-531.2445900543523,-440.1778129469676,5
625,87.99987219608089,22.500136779778792,17,11,Library,-69.53670234261472,-5.888466098709699,2
450,87.99998433022569,22.499556741882948,23,10,Library,-58.00413970492783,-70.00585510531025,2
1499,88.0001481317373,22.499961185237797,8,16,Library,-41.157788432878796,-25.298686660263243,3
2456,88.00474177450856,22.50297782102498,17,13,Cafeteria,431.28058517065915,308.16023325499805,0
4722,88.0011852414444,22.49972613130933,26,18,other,65.5049295164133,-51.28154791300659,-1
2984,88.0045190504394,22.503434455295963,12,13,Cafeteria,408.3742769885687,358.63658556936963,0
1569,88.00444862831306,22.50263820259694,25,12,Cafeteria,401.1316339509211,270.6188122194834,0
1034,87.99987920338442,22.4998956582966,6,14,Library,-68.81602830429347,-32.542034740043704,3
3518,87.99606450392976,22.496696550714702,5,18,Sports Complex,-461.1430976675904,-386.17138684319684,5
1557,88.00428851862573,22.50297909565113,18,12,Cafeteria,384.66497251327365,308.30113042966383,0
3624,87.99591901248601,22.49697794612965,26,17,Sports Complex,-476.10632935088637,-355.0659376748346,5
4664,87.99430169189517,22.496478575637227,24,12,other,-642.4414902634235,-410.2663519073701,-1
150,88.00006262321259,22.500144908293304,19,16,Library,-49.95200913295975,-4.989940104536501,3
1420,88.00013457401977,22.4998202919031,9,10,Library,-42.55214718952324,-40.87303587785627,2
2011,88.00471577529491,22.502348226905657,16,19,Cafeteria,428.6066667093492,238.56489930487948,1
2686,88.00440089858512,22.503356787923487,20,12,Cafeteria,396.222816229812,350.05123421581754,0
1786,88.00443336701142,22.50287847212528,9,19,Cafeteria,399.56206816502527,297.17820588188,1
88,87.99986755994905,22.49979310244484,21,16,Library,-70.01351055181375,-43.87855859371683,3
457,87.9997411894194,22.50078443713341,19,15,Library,-83.01023025234596,65.70357788092636,3
1305,87.99977538300455,22.499555938416638,3,15,Library,-79.49355240846846,-70.09467027125886,3
2925,88.00439212893458,22.50325877127421,1,13,Cafeteria,395.32089162618684,339.21647380493437,0
3270,88.00390243382041,22.502917792130777,0,13,Cafeteria,344.9576451092316,301.5246392897026,0
3227,88.00437603799874,22.5024519714018,15,13,Cafeteria,393.6660011746339,250.0328159086407,0
1988,88.00416596259753,22.50283919457757,27,13,Cafeteria,372.0605595185295,292.8364657583794,0
3754,87.99513168468565,22.496001260089862,8,7,Sports Complex,-557.0799452850471,-463.0288125130197,4
3646,87.99558592453863,22.49745018592882,15,6,Sports Complex,-510.36313510707186,-302.86455027466945,4
831,87.99977033701337,22.49998210018704,3,10,Library,-80.01251306384887,-22.986748170972646,2
239,88.0002131083337,22.500427653343145,12,11,Library,-34.47519706693114,26.264697704868496,2
4681,87.99969225629323,22.49978513840679,15,6,other,-88.04281282187904,-44.75890335990265,-1
3022,88.0043212177908,22.50313218217709,26,20,Cafeteria,388.02795503838234,325.223315009162,1
3148,88.00398878412483,22.50360861405913,0,19,Cafeteria,353.8384395917691,377.8880952496974,1
1946,88.00444701347381,22.5026749454679,19,20,Cafeteria,400.96555398641095,274.6803691751078,1
2775,88.00411353140333,22.5030585221036,0,12,Cafeteria,366.66821419620976,317.0809304856178,0
192,88.00005352343604,22.500217824324363,11,11,Library,-50.887885918923224,3.0701979686603664,2
4849,87.99630332504871,22.50248592352777,27,3,other,-436.581270237837,253.785883913489,-1
4939,88.00346539647808,22.4947277998864,16,6,other,300.01004654764,-603.7971034035467,-1
944,88.00046165924901,22.49987425630736,28,16,Library,-8.912697752794106,-34.907810630676224,3
1268,87.99981611751436,22.49987089258903,0,16,Library,-75.30416578823579,-35.27963605503231,3
4231,87.99589277116667,22.49606207022962,21,18,Sports Complex,-478.80514744597116,-456.3068596642312,5
2307,88.00442780126185,22.503184259565423,0,19,Cafeteria,398.9896523718692,330.9799495154199,1
4424,87.99582568666177,22.49650556803044,6,7,Sports Complex,-485.70452903987643,-407.28261276160276,4
4711,88.00019838765391,22.497580243567835,15,23,other,-35.9891619882076,-288.4879788578689,-1
2313,88.00475875298713,22.503152672831288,17,13,Cafeteria,433.0267559551931,327.4883519241428,0
3214,88.00466032030039,22.50306346683069,13,13,Cafeteria,422.9033352302814,317.6275206179507,0
2732,88.00466953731019,22.503619365165477,27,13,Cafeteria,423.8512690027262,379.0765225454379,0
1926,88.0045615205128,22.50290728260919,18,13,Cafeteria,412.7421596039779,300.3629167734524,0
4227,87.99546178241692,22.49657526118003,12,7,Sports Complex,-523.1306716777143,-399.57873200582105,4
4676,87.99515357207413,22.50279288257203,16,20,other,-554.8289121218096,287.71713666590745,-1
800,88.00023457095149,22.50026298690443,28,10,Library,-32.26784992452829,8.062469569442499,2
3671,87.99572290455545,22.496463744236877,25,17,Sports Complex,-496.2752707291121,-411.9058149020188,5
4193,87.99564422921272,22.4966634818304,4,18,Sports Complex,-504.3667251184158,-389.826821314037,5
2968,88.0044983741684,22.50333271459078,29,13,Cafeteria,406.2478025702967,347.3901680184057,0
4793,88.00093540056216,22.50387259456579,22,23,other,39.8097620977969,407.06850045621167,-1
4368,87.99483689659735,22.49621126375969,6,7,Sports Complex,-587.3977588216728,-439.8150068502281,4
2776,88.00461431390016,22.50312942269009,14,20,Cafeteria,418.1717550922097,324.91828131620485,1
2970,88.00426846760588,22.50312312097948,18,20,Cafeteria,382.6028027546421,324.2216902254489,1
3867,87.9957209965122,22.49678894497621,4,17,Sports Complex,-496.4715055894192,-375.9581251761664,5
1743,88.0045309837459,22.502684753572264,28,19,Cafeteria,409.60157135892985,275.7645570317272,1
3948,87.99568065705803,22.49670862852295,4,6,Sports Complex,-500.6202622670236,-384.8363059195892,4
3802,87.99575786717081,22.49599959651494,14,18,Sports Complex,-492.67950110579034,-463.21270408473015,5
2024,88.00448273382388,22.502986732731184,15,13,Cafeteria,404.6392536909543,309.1453332587006,0
2274,88.00416832458728,22.5028210860492,3,19,Cafeteria,372.3034810200691,290.8347490320494,1
99,87.99994135321666,22.499817999264693,23,16,Library,-62.424158687650305,-41.12646412728111,3
4921,88.0008676533504,22.503837517730048,1,5,other,32.8422236684371,403.19110703311935,-1
3407,87.99608675923668,22.496437452590403,2,7,Sports Complex,-458.8542255181373,-414.8120935032728,4
4245,87.99540006043115,22.496787672518845,27,18,Sports Complex,-529.4785389425925,-376.0987826132233,5
4619,88.00522343591852,22.49431266663354,4,16,other,480.81759631459676,-649.6859331748532,-1
4916,88.00483900368542,22.498563454674034,15,20,other,441.2802295638948,-179.80382317864,-1
191,88.00021409969858,22.499881274085844,0,14,Library,-34.373239026792064,-34.13206539719013,3
4696,88.00670247080463,22.49496274275261,4,21,other,632.9306079022138,-577.8265189730054,-1
1784,88.00408174769447,22.503115607366382,27,20,Cafeteria,363.3993827981084,323.39113543350663,1
1532,88.00480546287535,22.502751801959505,25,12,Cafeteria,437.8306871101856,283.1760857572894,0
2834,88.00447959315646,22.503057666804164,26,19,Cafeteria,404.3162482070042,316.9863856858951,1
4444,87.99510966371227,22.496838151454345,29,6,Sports Complex,-559.3447171370868,-370.518841083148,4
4915,87.99423729544345,22.494114531510988,10,21,other,-649.0644159960436,-671.5877896217955,-1
1598,88.00488252790656,22.502957172223557,11,12,Cafeteria,445.75652719349415,305.877714745559,0
1779,88.00473567733904,22.502261558365927,2,13,Cafeteria,430.6535148924564,228.98455892314422,0
4900,87.9974639527886,22.49798854727853,6,18,other,-317.2152008461984,-243.3540866775452,-1
2574,88.00453120546418,22.50259086255348,27,12,Cafeteria,409.6243742257007,265.3858438151735,0
3398,87.99579294690413,22.496881245286428,12,18,Sports Complex,-489.0716863533914,-365.7552488846678,5
3975,87.99640046333624,22.49667798736117,15,6,Sports Complex,-426.590973460275,-388.2233799425882,4
3770,87.9955119716396,22.49603055909547,7,6,Sports Complex,-517.9689044453778,-459.7901004331731,4
166,88.00020551504,22.499750174441925,22,11,Library,-35.25613792490048,-48.62382003604516,2
1751,88.00457480967734,22.502538188404152,13,12,Cafeteria,414.1088987248605,259.5632433485947,0
1479,87.99989063542492,22.50004995260843,29,14,Library,-67.64028720137593,-15.486341510723065,3
1024,88.00043188579252,22.500230450375494,28,14,Library,-11.974782477473369,4.465881660663129,3
1788,88.00451606218918,22.50275728244116,23,12,Cafeteria,408.06694702358345,283.7818981993529,0
2264,88.00443387492174,22.503271728525743,10,19,Cafeteria,399.61430477585327,340.6487683892016,1
2473,88.00459538432719,22.502768085843968,7,19,Cafeteria,416.2249218023402,284.9761063458365,1
1822,88.00416499777998,22.503311732930253,15,12,Cafeteria,371.9613317695584,345.070855263825,0
1220,87.99970310039524,22.50048853935844,21,11,Library,-86.92753891602423,32.99503783551309,2
1666,88.00483226959699,22.503267987993677,29,13,Cafeteria,440.5876546415528,340.2352899746899,0
2960,88.00450257280059,22.503045867644506,13,19,Cafeteria,406.6796156343059,315.68210657727656,1
152,87.9998299938196,22.500048596075395,18,15,Library,-73.87704151920094,-15.63629267224158,3
2534,88.00411171980352,22.50337787437333,24,12,Cafeteria,366.48189816919574,352.3821303816714,0
4688,88.00402880072124,22.494777717907848,5,21,other,357.953991598955,-598.2791653128882,-1
1978,88.00428417518776,22.503229183003423,2,13,Cafeteria,384.2182667352794,335.9457863520135,0
1469,88.00011115066705,22.5000675143396,29,11,Library,-44.961148327000565,-13.545067746827826,2
2807,88.00471122263137,22.502957656495955,5,12,Cafeteria,428.13844289097995,305.9312462164541,0
2512,88.00411459188967,22.50318951111232,29,20,Cafeteria,366.77728111039806,331.56045550959965,1
2943,88.0047844065545,22.50243499137161,22,20,Cafeteria,435.6651260358146,248.15584337154667,1
2980,88.00441406994445,22.503442700831584,6,13,Cafeteria,397.57743954049806,359.548047076959,0
4822,87.99814211526662,22.50571992764652,11,4,other,-247.46881565599026,611.2726991999876,-1
3017,88.00498407443938,22.502718155631563,24,12,Cafeteria,456.2001949314013,279.45682066653103,0
1566,88.00446944094696,22.50256725512232,14,13,Cafeteria,403.2721327669199,262.77627837473113,0
31,88.00046306954613,22.49955789015861,3,16,Library,-8.767654154682928,-69.87892471371872,3
937,88.00017708911183,22.50020651179286,1,11,Library,-38.1796345786036,1.8197107364544252,2
1215,88.00031193551817,22.499474993373088,25,10,Library,-24.311203777651812,-79.04233538524473,2
1937,88.00465655353288,22.50294920201945,19,20,Cafeteria,422.51593777626744,304.99668838372713,1
1129,88.00008219060257,22.49988012675815,7,11,Library,-47.9395788330904,-34.25889100050526,2
309,87.9999494518369,22.50022375957852,1,11,Library,-61.5912469515666,3.726280963326971,2
4901,88.00505970054176,22.50296464898507,5,22,other,463.97804675677617,306.70419596330703,1
2168,88.00389898787533,22.502531831519217,24,19,Cafeteria,344.60324299926464,258.8605532878922,1
3113,88.00428994294506,22.503075770247115,18,13,Cafeteria,384.8114582424039,318.98754026969254,0
495,88.00013472751093,22.50026753755958,12,15,Library,-42.53636121824685,8.565498989580362,3
205,87.99976554374003,22.499939685586344,12,14,Library,-80.50548266935311,-27.675258131869853,3
2673,88.00476018502302,22.503401153149905,12,20,Cafeteria,433.17403530171237,354.9553663441538,1
3357,87.99532617213177,22.49636058554549,29,17,Sports Complex,-537.0776644573673,-423.30897664807225,5
3830,87.99539115998674,22.49627525548916,4,7,Sports Complex,-530.3939151902555,-432.74136107470963,4
305,88.00002933184582,22.49960396601425,2,15,Library,-53.37589730870101,-64.78569963134873,3
3793,87.99562474440424,22.496410887204892,10,6,Sports Complex,-506.37066222993695,-417.74863121765156,4
2201,88.00441277883405,22.502904592250875,18,13,Cafeteria,397.4446538353572,300.06552456533507,0
1061,87.99928786434484,22.50002142179035,9,10,Library,-129.6329590110534,-18.64013814104908,2
843,88.00009560243655,22.49986849128933,3,14,Library,-46.560223635894424,-35.54507572381816,3
3872,87.9956848126016,22.495865545212222,24,7,Sports Complex,-500.1928807006395,-478.03073508734195,4
2251,88.0045456147993,22.502970082469087,2,12,Cafeteria,411.10631855375004,307.3048132864901,0
211,88.00028389141005,22.49996990470901,26,16,Library,-27.195431718137204,-24.334836312617156,3
3997,87.9957770241026,22.496663983260987,25,17,Sports Complex,-490.7092848424965,-389.7713931768706,5
679,88.00031788877375,22.50000169996114,0,10,Library,-23.69893449064734,-20.82018914208888,2
565,87.99989798115675,22.4998543103356,14,15,Library,-66.88480712338811,-37.112638349176876,3
3290,88.00376013496334,22.502724465353225,23,19,Cafeteria,330.32275860457605,280.15429729910267,1
4354,87.99515545543385,22.496368425114085,5,7,Sports Complex,-554.635215866983,-422.4423907354628,4
680,88.00018041801601,22.49995249024125,20,16,Library,-37.83726967182911,-26.25983157873904,3
180,88.00015641683694,22.500100932522585,9,14,Library,-40.30569801278813,-9.851021799829027,3
4279,87.99508749952534,22.49650991209229,27,17,Sports Complex,-561.6242179487504,-406.8024201647267,5
2495,88.004504334383,22.502783334369315,19,13,Cafeteria,406.8607875648366,286.66167833772585,0
2316,88.00435117221289,22.50308274374043,5,19,Cafeteria,391.10865137435206,319.75839022056323,1
4273,87.99491711537662,22.49665308043597,18,6,Sports Complex,-579.1475679600802,-390.9765914543517,4
278,88.00001745052124,22.49989267444387,12,11,Library,-54.59784554047992,-32.8718698209417,2
3683,87.99612358967526,22.49602143573855,1,6,Sports Complex,-455.0663575074079,-460.79859630688213,4
4762,87.99334600131144,22.5014148427868,25,4,other,-740.7305666091785,135.38861880657208,-1
432,87.99993264829139,22.49988367238581,15,16,Library,-63.319426547806756,-33.86695731897795,3
289,87.99984432512005,22.500335112611506,24,11,Library,-72.40312275522496,16.035245229444186,2
1027,88.00003000783168,22.500151712648304,0,14,Library,-53.30637478031902,-4.237786702897779,3
535,88.00001184966783,22.50068991500973,29,15,Library,-55.17387162892861,55.25510232913092,3
3631,87.99579799347788,22.49647149040428,2,17,Sports Complex,-488.5526657825318,-411.04955355743107,5
188,87.99978830157048,22.500070821967885,26,11,Library,-78.16492792008249,-13.179442516395525,2
2174,88.00488882503471,22.50363537708021,29,12,Cafeteria,446.40416244307016,380.84647960019487,0
3915,87.9954050462029,22.49647987396092,21,18,Sports Complex,-528.9657716214625,-410.1228352064441,5
1862,88.00480304873605,22.50262730691664,19,20,Cafeteria,437.5824022298395,269.4144037189994,1
270,88.00036031832227,22.500010900611592,20,15,Library,-19.335219702370416,-19.80314924100682,3
1728,88.00420655219664,22.50289973136641,6,13,Cafeteria,376.2350426342909,299.52820239640863,0
4075,87.99532819448679,22.496258495590062,21,17,Sports Complex,-536.8696730736629,-434.5940003208916,5
2157,88.00421541942843,22.503467714573592,15,13,Cafeteria,377.1470030931042,362.31306611846514,0
3931,87.99531715484507,22.496532924444416,5,6,Sports Complex,-538.00505748186,-404.25863476061,4
111,87.99999337153113,22.499609202297822,23,16,Library,-57.074276445392854,-64.20688084509528,3
2384,88.00479456968691,22.50319449181281,6,13,Cafeteria,436.7103648542301,332.1110221415972,0
220,88.00057866464167,22.500128276449544,12,15,Library,3.1208538663464696,-6.828424113766403,3
627,87.99996855326998,22.500278580423668,21,16,Library,-59.62673851495033,9.786177185872305,3
1181,88.00034800057159,22.49992448862513,27,10,Library,-20.602052667950538,-29.35513022455048,2
3381,87.99519989514967,22.49605702724422,4,18,Sports Complex,-550.0647631540108,-456.8643112703404,5
2422,88.00437937308236,22.50275539856705,19,19,Cafeteria,394.009001612255,283.57365475532697,1
790,88.00010740455478,22.500434724915948,17,10,Library,-45.34642146999015,27.046389362499497,2
4275,87.99600908846132,22.495686102946053,4,18,Sports Complex,-466.8423640417979,-497.8662831897313,5
461,88.000008815888,22.50007138851872,15,14,Library,-55.485884138785266,-13.116815987128803,3
4402,87.99524059306599,22.495616789923123,13,6,Sports Complex,-545.8791400326369,-505.52814474442647,4
551,87.99996108069115,22.499783217446076,15,10,Library,-60.395264315633234,-44.971246357135826,2
3129,88.00409896242424,22.502975909819337,6,13,Cafeteria,365.1698511034857,307.948968583163,0
1444,88.00009992198794,22.500081014257056,19,15,Library,-46.11597449923895,-12.052786871447125,3
198,88.00001455217961,22.500128476962416,17,11,Library,-54.89592875591864,-6.806259420886249,2
2589,88.00453603608482,22.50261723731526,28,19,Cafeteria,410.1211848555346,268.30130998242316,1
402,88.00000131092493,22.5002932811594,26,15,Library,-56.25774053273022,11.411196513768402,3
3959,87.9951054500667,22.49697945387818,10,6,Sports Complex,-559.7780742695446,-354.89927115247264,4
4189,87.99607026148111,22.496121005814896,10,7,Sports Complex,-460.5509558030772,-449.7921200678186,4
4763,88.00564364196022,22.50233262543014,1,6,other,524.0341607717661,236.8403122011515,-1
2095,88.00498625205306,22.5026357764201,21,12,Cafeteria,456.42415406727145,270.3506226314072,0
2900,88.00435745563982,22.50264472881838,21,19,Cafeteria,391.75487750598,271.34022073752675,1
4462,87.99520973786898,22.496465699661627,27,17,Sports Complex,-549.0524775816923,-411.6896622501403,5
650,88.00046223902373,22.49995603639889,17,14,Library,-8.853070167513177,-25.86783931326501,3
708,87.99947951764803,22.499921735492368,6,14,Library,-109.9221588109276,-29.659461520036317,3
1480,88.00018059533946,22.500066005020333,8,16,Library,-37.81903264226383,-13.711907898787459,3
4414,87.99579855531589,22.496657971641756,16,7,Sports Complex,-488.49488291878254,-390.43591756665,4
3065,88.004340202293,22.50291056837844,1,19,Cafeteria,389.98043758552063,300.72612570630014,1
2395,88.0043120067036,22.502802521957182,3,20,Cafeteria,387.08063038252743,288.782674300545,1
1769,88.00449622598094,22.502810607293945,22,20,Cafeteria,406.0268698070074,289.6764274263022,1
314,88.0003263697018,22.499932867338025,15,14,Library,-22.82670387720413,-28.428947301131444,3
3761,87.99576351187854,22.49631958575442,21,18,Sports Complex,-492.09896477094384,-427.8410935527262,5
4909,87.9959287183468,22.5037095267043,2,6,other,-475.10811914720176,389.0429790467749,-1
113,88.00061581052812,22.499980540700747,26,11,Library,6.941164468491047,-23.15913378579978,2
960,88.00016068068997,22.50001898881698,29,15,Library,-39.86717723732618,-18.909079017503032,3
2910,88.00455750089104,22.50355369367078,29,13,Cafeteria,412.32875706938637,371.8171955217855,0
3405,87.99557138035014,22.4965683067165,13,6,Sports Complex,-511.85894858167643,-400.34747840437154,4
1623,88.00450554582119,22.50345566330665,24,19,Cafeteria,406.98537929218094,360.980919070631,1
3322,87.99570547013711,22.495969955078163,5,18,Sports Complex,-498.0683331536554,-466.4892685062653,5
4999,88.0005568432834,22.50273482859735,21,7,other,0.8766116560818341,281.2998503047857,-1
1818,88.0043709052466,22.50265890616388,22,13,Cafeteria,393.13811749013996,272.9073845089273,0
3194,88.00469322312233,22.5034880143098,7,12,Cafeteria,426.2872630756914,364.5569989587485,0
3007,88.00504871824369,22.502945717686107,10,13,Cafeteria,462.84855992003025,304.61153017582427,0
3414,87.99529321357818,22.496040628958383,27,18,Sports Complex,-540.4673240868773,-458.67697778673715,5
4528,87.99595756623134,22.494465743772324,25,14,other,-472.1412259143398,-632.7647862537327,-1
1897,88.00419941294298,22.50300382137199,7,20,Cafeteria,375.5007980373536,311.03431161344076,1
1918,88.00452755072747,22.50313854581461,14,20,Cafeteria,409.2484987061427,325.926751500726,1
1270,88.00027282753015,22.49994853514228,25,11,Library,-28.33330892888279,-26.69702821869862,2
4176,87.99559591359423,22.496533259759847,7,6,Sports Complex,-509.33579941383795,-404.22156899291883,4
4962,87.99832481839749,22.501221682707587,22,1,other,-228.67850602569334,114.0367036503308,-1
4883,88.00117700673907,22.49831491681499,2,4,other,64.6580219555414,-207.27719811731419,-1
4094,87.9956270484962,22.49577846691076,29,7,Sports Complex,-506.1336952922651,-487.6563705309436,4
3159,88.00499050453624,22.502804752192503,8,20,Cafeteria,456.8615054977785,289.0292045129135,1
1813,88.00502644356267,22.503568042517426,19,12,Cafeteria,460.55769521953033,373.40331702983497,0
2426,88.00453118790368,22.502923794078296,12,20,Cafeteria,409.62256819675093,302.1880945684021,1
3950,87.99522881923765,22.496073638376615,1,7,Sports Complex,-547.0900326914715,-455.02811669540506,4
4428,87.99527594872322,22.49637117960125,6,18,Sports Complex,-542.2429475744534,-422.1379097240938,5
2142,88.0048882556049,22.503016737690377,18,20,Cafeteria,446.34559879125436,312.4620814478737,1
1626,88.00461395146071,22.50266531252625,1,20,Cafeteria,418.1344795979587,273.61554380534807,1
789,87.99958475976662,22.500355592465425,5,10,Library,-99.09841438441458,18.299088281694367,2
3786,87.99603176772288,22.49634135916592,20,6,Sports Complex,-464.5098897984885,-425.43426064546674,4
1864,88.00422414326015,22.50299981809474,27,19,Cafeteria,378.0442154082327,310.5917893461119,1
2865,88.00422340220845,22.502777931183847,19,19,Cafeteria,377.9680011107823,286.0644102160023,1
871,87.99980042568886,22.49986292817588,2,11,Library,-76.91800928571747,-36.16002228466854,2
3271,88.0041150003008,22.503074830291265,9,12,Cafeteria,366.81928461337736,318.88363755002877,0
3833,87.99546075574474,22.496586990786792,5,17,Sports Complex,-523.2362609364294,-398.2821412744121,5
73,88.00039116091395,22.499660854548843,17,16,Library,-16.16317856234713,-58.49724101730814,3
1752,88.00479340015724,22.50267807656147,3,19,Cafeteria,436.59008325602156,275.02648025845554,1
1421,88.00026812683433,22.50018625132822,28,14,Library,-28.8167572946308,-0.41988102497249713,3
4221,87.9952672339287,22.49651195036267,17,6,Sports Complex,-543.139230449158,-406.5771097568196,4
4693,88.00294587721737,22.504115287678527,0,18,other,246.579502030857,433.8957971379697,-1
4369,87.99544398646425,22.49607971335006,11,18,Sports Complex,-524.9609165086515,-454.3565891307748,5
4575,88.00147539851218,22.50257811514614,13,14,other,95.34646052306452,263.9767454078679,-1
3809,87.99624088106924,22.496401901050422,19,7,Sports Complex,-443.0033917594229,-418.7419607327019,4
2244,88.00437378663082,22.50319740833368,4,13,Cafeteria,393.4344567010979,332.4334143585829,0
3047,88.00468132394876,22.502905703426634,16,19,Cafeteria,425.063479144414,300.1883539337797,1
2445,88.00410411450747,22.50254672168104,14,12,Cafeteria,365.69972291643256,260.5065117756704,0
494,88.00038078101932,22.500087862051885,8,16,Library,-17.230710537000935,-11.295831631054227,3
3130,88.00495849862652,22.503259615540223,24,20,Cafeteria,453.56982160222344,339.30979896987526,1
4321,87.99571448886259,22.49606499494488,9,6,Sports Complex,-497.1407921564174,-455.98356163927053,4
4397,87.995392388685,22.49600621920022,12,6,Sports Complex,-530.2675483307349,-462.48063245425203,4
1164,88.000255642608,22.500115801573024,15,16,Library,-30.100711637099874,-8.207396964312608,3
3734,87.99540157874162,22.49644627475655,25,6,Sports Complex,-529.322386589333,-413.8368912572909,4
1730,88.0040250438013,22.50315378198086,16,19,Cafeteria,357.5676069291922,327.6109573178524,1
4812,88.00415175072342,22.50099743993867,27,15,other,370.5989232918661,89.24890797402789,-1
2402,88.00429974549239,22.502768085232496,13,12,Cafeteria,385.81961228179904,284.97603875374796,0
3403,87.99561313651564,22.49668801293509,5,6,Sports Complex,-507.5644886291543,-387.1151530017239,4
618,88.00012025230794,22.4993594165853,1,15,Library,-44.025079801272945,-91.81819350736177,3
1697,88.00457047457425,22.503475429870218,7,13,Cafeteria,413.66305015694746,363.16591500745636,0
3593,87.99571132351436,22.49638634032272,29,18,Sports Complex,-497.4663359666955,-420.46204357306897,5
1957,88.0045907076079,22.50328454000408,3,19,Cafeteria,415.7439393308862,342.06494920475575,1
1221,88.00007745517756,22.49987356332393,4,14,Library,-48.426598960856104,-34.984413019099065,3
2073,88.00450485153968,22.502917543296835,15,19,Cafeteria,406.9139751269075,301.4971331857654,1
3410,87.9957879388493,22.49646592891089,20,6,Sports Complex,-489.5867454025046,-411.6643210365941,4
869,88.00050255113469,22.500308952905,22,16,Library,-4.707125634142127,13.143551272480636,3
2718,88.00430329374227,22.502290163845927,24,13,Cafeteria,386.1845360439102,232.1466086824239,0
1042,88.00026967020835,22.499945745737392,17,14,Library,-28.658027251618414,-27.005369035062756,3
1361,88.0001448228749,22.5001209691628,16,11,Library,-41.49809212001574,-7.636171590414591,2
356,87.999995371716,22.500348116325014,28,15,Library,-56.86856517634323,17.47267572069063,3
1162,87.9996526068833,22.500149307054564,5,16,Library,-92.12060112048498,-4.503701034940235,3
2765,88.00512869446523,22.50348513805238,17,20,Cafeteria,471.0738046579962,364.2390574636628,1
3252,88.00448119987256,22.503184063773944,13,13,Cafeteria,404.4814927367893,330.958306725328,0
1438,88.0001227437379,22.49959012895937,9,15,Library,-43.76884587532927,-66.31524767774778,3
3603,87.99558536182957,22.49636336193651,26,17,Sports Complex,-510.4210075553874,-423.0020743846013,5
4940,88.00518373051491,22.49566487024532,23,8,other,476.73404928271356,-500.2133459286293,-1
4593,88.0028324032574,22.505555762976783,11,21,other,234.909144590277,593.1259366072339,-1
3639,87.99612808369695,22.496365916777595,29,7,Sports Complex,-454.60416477722816,-422.7196622510261,4
1253,88.00009351414246,22.499962290572107,27,14,Library,-46.7749965968479,-25.17650300570054,3
3365,87.99572783798757,22.49692355813338,27,17,Sports Complex,-495.7678863362324,-361.0779867827413,5
332,88.00001895113955,22.50023828415848,14,15,Library,-54.44351275725843,5.331828032115951,3
3694,87.99582121886924,22.49674789317688,24,18,Sports Complex,-486.1640242040374,-380.4959910739701,5
3568,87.99543067422945,22.49605292010326,24,6,Sports Complex,-526.3300283161255,-457.3183146320339,4
2728,88.00466607048152,22.502928623901468,19,20,Cafeteria,423.494719096387,302.72198322189183,1
3667,87.99557339012226,22.49646626537729,16,17,Sports Complex,-511.6522513007076,-411.6271280407789,5
1630,88.00466044207184,22.50309335482233,9,12,Cafeteria,422.91585895242645,320.9313392139159,0
1116,88.00060085389632,22.499816456550302,29,15,Library,5.4029327959915205,-41.29699577595311,3
1849,88.00489089564961,22.503296408675386,25,13,Cafeteria,446.6171171683637,343.37691213074714,0
3554,87.99552096842093,22.496563118541733,27,6,Sports Complex,-517.0436203185996,-400.92097924322877,4
3153,88.0044914525417,22.502551071387764,20,12,Cafeteria,405.53594006232106,260.9873283570057,0
3265,88.00469952695147,22.503045172956195,19,13,Cafeteria,426.9355874957774,315.6053157314414,0
1665,88.00435337248678,22.50330631462208,9,12,Cafeteria,391.3349410243254,344.47191547830556,0
445,88.00016741813721,22.49990759741599,27,16,Library,-39.17425687473329,-31.22228448276971,3
2245,88.00437301232749,22.503234809061677,3,13,Cafeteria,393.35482260143266,336.5676908314038,0
452,87.99975356848842,22.499773566924784,11,16,Library,-81.73709093229331,-46.038014980788304,3
1551,88.00453907998565,22.50299959821681,4,12,Cafeteria,410.43423827096785,310.5674840398184,0
4434,87.99533909051173,22.496506649678796,29,7,Sports Complex,-535.7490590945811,-407.16304735225754,4
2954,88.00484000043643,22.503037033303738,25,20,Cafeteria,441.38274154635235,314.70555854875306,1
14,87.99956877054187,22.49997932982854,25,11,Library,-100.74284424368155,-23.29298359945753,2
3628,87.99520333047563,22.49667039472414,3,6,Sports Complex,-549.7114531792187,-389.0626700398092,4
945,87.99973247880841,22.500065871803837,7,10,Library,-83.90608286682561,-13.726633650212463,2
247,87.99983666769185,22.500125273542483,13,14,Library,-73.19065959788018,-7.160365460266078,3
4697,87.99482311662341,22.498339978830437,17,16,other,-588.8149757888972,-204.50684292990744,-1
360,88.00012983662856,22.499966422814637,2,10,Library,-43.039369533310065,-24.71972491639292,2
4656,87.99621160877375,22.49419296103687,2,16,other,-446.013934015914,-662.9181898308243,-1
1614,88.00458215718412,22.502885853275146,17,12,Cafeteria,414.8645613495801,297.99411818821284,0
2303,88.00419981928566,22.50314182564254,11,13,Cafeteria,375.54258880859345,326.28930368002506,0
4141,87.9955509659489,22.49614884435916,10,6,Sports Complex,-513.9584907107055,-446.7148473850205,4
3168,88.00415673547114,22.50311266647661,18,19,Cafeteria,371.11158529504434,323.0660494781421,1
2478,88.00441627829939,22.50316314891192,14,12,Cafeteria,397.8045602961405,328.646377877239,0
4214,87.99561762639438,22.49696302415612,10,17,Sports Complex,-507.1027219850659,-356.71541262890605,5
4180,87.99534655042149,22.496523872373917,23,18,Sports Complex,-534.9818362593601,-405.2592506336129,5
4884,87.99927976798465,22.495671710199183,25,23,other,-130.46563830956998,-499.4572574287271,-1
3163,88.00495620587368,22.50275393144521,16,13,Cafeteria,453.3340208496756,283.4114791070335,0
490,87.99999800683968,22.500200102381307,4,11,Library,-56.597552908553176,1.1112143832325216,2
862,88.00038687630033,22.499619410203447,27,10,Library,-16.603834484627217,-63.07849895733192,2
1740,88.00442200720339,22.50218856306064,14,12,Cafeteria,398.3937558916851,220.91565787658004,0
4099,87.99563765329836,22.49616472525618,10,7,Sports Complex,-505.04303244958203,-444.95937302837035,4
4385,87.99582651337433,22.496516261445606,25,18,Sports Complex,-485.61950485484175,-406.1005626490774,5
2447,88.00496618767266,22.503270623107017,7,20,Cafeteria,454.3606102279838,340.526575403291,1
4230,87.9954288386001,22.49621659258641,9,6,Sports Complex,-526.5188156874841,-439.2259583445628,4
506,87.99985190151894,22.50000030136884,7,11,Library,-71.62391946369064,-20.97478953490331,2
2677,88.00427376687671,22.50313023882752,20,13,Cafeteria,383.14781224154206,325.008497147677,0
2995,88.00453446721234,22.503084596025516,10,20,Cafeteria,409.95983239552436,319.96314181418825,1
1942,88.0050656146948,22.50337639090433,14,13,Cafeteria,464.5862944984018,352.2181477181074,0
1222,88.00015844422023,22.49973527310324,19,11,Library,-40.09718949104853,-50.27101401416019,2
1113,88.00012392047199,22.499998369671196,5,10,Library,-43.64782333039975,-21.188319392330897,2
1905,88.00463838038301,22.502937437153857,11,20,Cafeteria,420.64689967411863,303.69620014099587,1
3423,87.99514454651712,22.496764314740837,6,17,Sports Complex,-555.757155715185,-378.6807513943005,5
1877,88.00411250958516,22.502452638729643,15,19,Cafeteria,366.5631241527704,250.1065823283797,1
4672,87.99647645876234,22.49941028019141,19,16,other,-418.7751381207688,-86.19573048805357,-1
433,88.00017938556395,22.499973512911424,29,10,Library,-37.943453368974374,-23.93598561755681,2
2364,88.0047302500117,22.50251033317778,19,12,Cafeteria,430.095335289002,256.48412662556296,0
3154,88.00416511040946,22.50352993507799,7,19,Cafeteria,371.97291527540864,369.1909206744817,1
2835,88.00497069096068,22.503294356648347,11,12,Cafeteria,454.8237559643194,343.1500810618609,0
2092,88.00411495145929,22.502420250682487,16,13,Cafeteria,366.81426145277015,246.52640759573137,0
3010,88.00446620610492,22.5026610756546,20,12,Cafeteria,402.93944178754714,273.1472000131609,0
3162,88.00440971857927,22.50258766503242,19,19,Cafeteria,397.12991847937343,265.03238983715994,1
2945,88.0046549438441,22.503143081690563,17,13,Cafeteria,422.35038751750074,326.4281472284791,0
3916,87.99467550377847,22.496333580340583,2,6,Sports Complex,-603.9963853715873,-426.29413199838825,4
2916,88.00435804812335,22.50296161471498,21,19,Cafeteria,391.8158121431646,306.3687877475257,1
1102,88.0005220936762,22.499841159402795,19,16,Library,-2.697250903748062,-38.566342461437344,3
1448,88.00030957076785,22.49995327596046,24,15,Library,-24.55440919189401,-26.172978177004822,3
1720,88.00418013498368,22.50305240829066,19,12,Cafeteria,373.51813456308287,316.40510960319085,0
4518,88.00682439263744,22.50174126811904,6,3,other,645.4697963567705,171.47167503237299,-1
3842,87.9947785081016,22.49641884602268,1,18,Sports Complex,-593.4027895435981,-416.8688634991782,5
156,88.00046644362779,22.500042115244067,17,16,Library,-8.420642919784761,-16.35268376719374,3
2978,88.00486060076153,22.50302772113273,6,19,Cafeteria,443.50140522374187,313.6761911657653,1
1773,88.0047576931078,22.50314422374827,15,20,Cafeteria,432.91775147031797,326.55439028722236,1
615,88.00003230529549,22.49987169660838,16,10,Library,-53.07008952280885,-35.19075975601112,2
643,87.99962421426171,22.50006098829948,28,15,Library,-95.04067232169294,-14.266456221775172,3
1935,88.00490872058063,22.503006624458838,8,12,Cafeteria,448.45034231025863,311.3441648335171,0
4277,87.99518967629079,22.49685978565079,7,18,Sports Complex,-551.115733224529,-368.1273970079253,5
1068,87.99988307469967,22.500214612779164,28,16,Library,-68.41787852025186,2.7151937623997213,3
4454,87.9960758742333,22.496956953950534,14,18,Sports Complex,-459.97370597147545,-357.3864131544028,5
4154,87.9949319587633,22.49622950819419,28,7,Sports Complex,-577.6209831098937,-437.7982670605928,4
4239,87.99483860378074,22.496731807413827,9,17,Sports Complex,-587.2221816201363,-382.27411132196016,5
4868,88.00448089767362,22.502234349356225,20,20,other,404.4504127457012,225.97687499075994,1
330,87.9999969383068,22.50017705360581,10,15,Library,-56.707447378350906,-1.4365972601166277,3
2057,88.00477110569253,22.50319212377055,7,12,Cafeteria,434.29718387875556,331.84925875017024,0
2646,88.00489100105986,22.50279960919858,23,19,Cafeteria,446.6279582045773,288.4606979645471,1
2191,88.00466903557971,22.50340058589921,15,19,Cafeteria,423.79966796512923,354.892662452393,1
622,88.00047050612412,22.499995184905067,16,15,Library,-8.002830901153851,-21.540363440234813,3
1595,88.00422448345337,22.50344865224064,4,19,Cafeteria,378.07920296425135,360.20591583383913,1
2915,88.00449005340008,22.50246017041933,7,20,Cafeteria,405.3920437634253,250.93913530628635,1
4821,87.99538114118575,22.501140947226045,11,9,other,-531.4243100820652,105.1122035205831,-1
3898,87.99554806946361,22.49605244245081,21,6,Sports Complex,-514.2563830077607,-457.3711143337629,4
1919,88.0047689170262,22.502995652180804,11,12,Cafeteria,434.07208802077264,310.1312892196713,0
4173,87.9949882613407,22.49640837674718,10,7,Sports Complex,-571.8304810144892,-418.0261372131289,4
4477,87.99503959660694,22.49705822207283,10,18,Sports Complex,-566.5508476378669,-346.1922349157238,5
755,88.00065809551621,22.50009090797065,5,15,Library,11.290011777583851,-10.959135770551569,3
518,88.00002483307635,22.500158854507557,4,16,Library,-53.83857833067082,-3.448325581035405,3
3803,87.99571660111556,22.49600268710517,25,6,Sports Complex,-496.9235551163919,-462.8710702407104,4
32,87.99999662569381,22.500080791928543,17,10,Library,-56.73959841325429,-12.077363065266766,2
2937,88.00427062990504,22.503119874322422,8,12,Cafeteria,382.82518685075195,323.86280475417436,0
1157,88.00056310895134,22.50022256187521,22,11,Library,1.5210113440895763,3.593886839160163,2
744,88.00012941475512,22.500404303143743,23,16,Library,-43.08275758297173,23.683566662919233,3
1497,88.00030209155764,22.49968955985613,28,14,Library,-25.323617004506232,-55.324156349834794,3
3459,87.99507217238477,22.496240069291986,6,7,Sports Complex,-563.2005550139451,-436.630843310289,4
3755,87.99533356294366,22.49615894160834,11,7,Sports Complex,-536.3175480700535,-445.5986974605778,4
2591,88.0042789023008,22.5027868805929,9,13,Cafeteria,383.6759707260904,287.0536778928123,0
783,88.00015264643632,22.49975470861721,18,14,Library,-40.69346911899339,-48.12261229994206,3
3493,87.99598679174187,22.49652562680761,5,6,Sports Complex,-469.13549531001826,-405.0653155331406,4
2949,88.00464591197628,22.502562847040785,24,13,Cafeteria,421.42149488142104,262.28900904201043,0
229,88.00016989943724,22.5004595459192,23,16,Library,-38.91906477366947,29.790103061860975,3
857,88.0001178538891,22.500035847116838,24,15,Library,-44.27174789321473,-17.045562551165077,3
2266,88.0051489302828,22.502814691373565,6,19,Cafeteria,473.15498014739507,290.1278815875269,1
4274,87.99520230211368,22.49630265308385,27,7,Sports Complex,-549.8172162242463,-429.7128309577932,4
408,88.00003007390792,22.4997015187484,16,16,Library,-53.29957909490753,-54.002220398381056,3
170,87.9997776213926,22.49994026697521,1,14,Library,-79.26334286408576,-27.61099140682532,3
540,88.00020892302801,22.49982632171723,25,15,Library,-34.90563955211344,-40.206500223851975,3
2210,88.00464270880966,22.502448873408856,16,20,Cafeteria,421.0920615955863,249.69036376851756,1
2304,88.00444550892009,22.50258290496785,12,12,Cafeteria,400.8108164613025,264.50621229958506,0
2567,88.00459644937077,22.502151869567783,14,13,Cafeteria,416.3344574106443,216.85955917630736,0
613,87.99971862773818,22.49974945313605,19,15,Library,-85.33061181273145,-48.70355318732358,3
2101,88.00444182443742,22.5030012598132,9,19,Cafeteria,400.43188168470743,310.7511569046992,1
1808,88.00435233234359,22.503182605422506,19,20,Cafeteria,391.22796632447074,330.7971005573899,1
3438,87.99511873007681,22.496033830411363,9,7,Sports Complex,-558.4122766467199,-459.4284891742805,4
1161,88.00057273564315,22.499776232539432,15,11,Library,2.511079324265563,-45.74335793758479,2
4225,87.99485119371558,22.496303243180325,12,7,Sports Complex,-585.927355566833,-429.647601693273,4
3119,88.00411501318042,22.50306684679016,18,19,Cafeteria,366.82060923288833,318.00114133772473,1
3652,87.99567652777301,22.49656741670165,19,18,Sports Complex,-501.0449432434805,-400.4458606458215,5
1610,88.00433501493416,22.50318073362387,1,20,Cafeteria,389.44693781321274,330.5901919363531,1
1932,88.00468352727277,22.50326599796059,23,19,Cafeteria,425.290082488715,340.015311717181,1
3027,88.00474236127434,22.503117600775035,27,13,Cafeteria,431.3409317592288,323.6114868259393,0
564,88.00030030348054,22.50006634058735,17,16,Library,-25.507513811231103,-13.674814320844106,3
3571,87.99557959177766,22.49635673792489,9,6,Sports Complex,-511.01443505452335,-423.73429262889135,4
4247,87.99525008538969,22.496499213829384,14,18,Sports Complex,-544.902891292104,-407.98500614623384,5
2388,88.00412941200283,22.50278792406423,11,20,Cafeteria,368.30147236824837,287.1690232135087,1
1471,87.99984755427393,22.49998284148848,29,15,Library,-72.07101678155878,-22.904804709622084,3
2630,88.00431031273204,22.502876725417263,29,12,Cafeteria,386.9064119667211,296.98512477784,0
1835,88.00422807617133,22.50354012033507,0,19,Cafeteria,378.4487000963009,370.3167989923464,1
4928,88.00032561267417,22.50033532804497,25,17,other,-22.904561237008537,16.059059244451817,3
3475,87.9957070838174,22.49623925743138,4,6,Sports Complex,-497.90237238433747,-436.720586381611,4
1533,88.00371421031514,22.50349444944737,9,20,Cafeteria,325.59958634526544,365.26833906587547,1
4327,87.99518715837279,22.495867343622788,3,6,Sports Complex,-551.3746913426701,-477.8319387834474,4
2484,88.004400933062,22.5029884786993,19,20,Cafeteria,396.22636204380143,309.3383325743263,1
4207,87.99561257843087,22.49688907101595,3,18,Sports Complex,-507.621885487849,-364.89019274328587,5
1172,88.00002605027599,22.500065110565835,26,11,Library,-53.71339406050255,-13.810780898999013,2
1427,87.99972419790856,22.500053678295792,24,16,Library,-84.75774135469946,-15.074504029511644,3
325,87.9996964528468,22.50011048516239,8,14,Library,-87.61121353460422,-8.79507299564203,3
1051,88.00009895088336,22.49953001890372,10,14,Library,-46.21584884577235,-72.95981322923595,3
3319,87.99497875050746,22.49636896348838,21,7,Sports Complex,-572.8086333894225,-422.38287884095115,4
4721,88.0000934804795,22.498416465589404,5,0,other,-46.77845870162718,-196.05199659365985,-1
3864,87.99606765581173,22.496015123818545,3,17,Sports Complex,-460.8189388103004,-461.4963159444677,5
2603,88.00464827662685,22.503299105913477,13,20,Cafeteria,421.66469003717447,343.6750648293862,1
1738,88.00407199723142,22.50327430067929,23,12,Cafeteria,362.396585424706,340.93309424238987,0
1196,87.99999509055027,22.50027044168192,8,10,Library,-56.89748198259501,8.886520673037523,2
620,87.99980238138613,22.500603153855405,3,11,Library,-76.71687339328884,45.664524330052885,2
1374,88.00036779258187,22.49999223526678,14,14,Library,-18.566521040524293,-21.866416456425526,3
2879,88.00435727925633,22.50260987260026,21,12,Cafeteria,391.7367371464852,267.48721438636466,0
1189,87.99975791388628,22.500153117198504,3,14,Library,-81.29018358573634,-4.082527723724567,3
328,88.00015602995427,22.499975352966928,18,10,Library,-40.34548739802387,-23.732585882197554,2
648,87.99994226636744,22.499974186309963,13,16,Library,-62.330244664879864,-23.86154814308796,3
897,88.00003667842161,22.49974901065698,23,14,Library,-52.620330433287215,-48.75246482375154,3
3882,87.99570688168598,22.496297930294503,14,18,Sports Complex,-497.92316081801357,-430.23488809203144,5
1123,87.99971424877182,22.5003526147863,7,15,Library,-85.78097154780706,17.96993563135871,3
1891,88.00461503087877,22.50293967955607,16,12,Cafeteria,418.24549356572186,303.94407528174656,0
4643,87.99625674224413,22.49633467393427,0,23,other,-441.3721313327137,-426.173246152062,-1
4791,87.99398226710694,22.49698336942826,13,23,other,-675.2930930011512,-354.4664462464635,-1
4529,87.99563027154517,22.494418390875804,8,22,other,-505.802217185175,-637.999175434995,-1
4234,87.99556362343141,22.49672595932764,21,7,Sports Complex,-512.6567176406462,-382.92055876895813,4
1593,88.00431767795794,22.503019218201057,9,13,Cafeteria,387.6638969340038,312.7362770984866,0
3312,87.99638562938404,22.496489568676356,15,18,Sports Complex,-428.1165880114662,-409.0511813619776,5
2547,88.00458148567584,22.50242347318538,11,19,Cafeteria,414.7954993234304,246.88262306561896,1
1545,88.00446915276085,22.50265539701038,11,19,Cafeteria,403.2424939407786,272.5194826809143,1
4336,87.9955161740613,22.496770857010706,25,17,Sports Complex,-517.5367016450244,-377.95756888298575,5
1023,88.00053556758965,22.499921617578455,23,11,Library,-1.3115110724584873,-29.672495724012506,2
1971,88.00469582502468,22.50270094271141,16,13,Cafeteria,426.55485865871304,277.5541044728923,0
4988,88.00646507046677,22.49448806422044,21,3,other,608.5149023080444,-630.2974839188419,-1
1714,88.00456730666731,22.50244100568051,24,20,Cafeteria,413.3372431935586,248.82066507713347,1
1717,88.00401899622709,22.502814988661267,14,19,Cafeteria,356.945637335606,290.16074377010716,1
1477,88.00010488311098,22.499788421005636,24,14,Library,-45.60574220283752,-44.396044883359096,3
809,87.99977634817445,22.500221913856468,3,14,Library,-79.39428842082663,3.5222548475422144,3
2850,88.00442723014538,22.502985121091644,10,19,Cafeteria,398.93091525381624,308.9671826239441,1
978,87.99960402429413,22.49966534855007,29,16,Library,-97.11713231745678,-58.000474121560686,3
4687,87.99752397688763,22.50165767386189,1,3,other,-311.0419546592542,162.2311658467924,-1
4895,88.00037953755495,22.500262223333944,0,19,other,-17.35859603286248,7.978064487827297,3
1684,88.00482496384657,22.50323269394784,20,12,Cafeteria,439.83628649735243,336.33388614786577,0
4660,88.00410645439868,22.500684081848277,24,0,other,365.940371667974,54.6103046621684,-1
1514,88.00415945145129,22.502379805533984,0,19,Cafeteria,371.39091333734905,242.05560088018657,1
2404,88.00479983735652,22.50301109025617,28,19,Cafeteria,437.2521242782474,311.8378140705888,1
2021,88.00491890244794,22.50286937201473,5,12,Cafeteria,449.49750794150077,296.1722796617323,0
4553,87.99805766420698,22.49473415857102,11,4,other,-256.1542801663787,-603.0942144057794,-1
1767,88.0042641804701,22.50304051564784,16,13,Cafeteria,382.16188743831,315.09049686578464,0
174,88.00006917269984,22.500403843922367,0,10,Library,-49.278419726944406,23.632804332061212,2
1554,88.00362965836545,22.5027797060587,16,20,Cafeteria,316.90374568402837,286.2606048822872,1
4215,87.99567503949038,22.496306913701684,0,6,Sports Complex,-501.19800735022795,-429.24186226226504,4
1482,88.00043174096281,22.500183123025696,1,16,Library,-11.989677652677262,-0.7656835859413746,3
4461,87.99510652996608,22.4964645072596,29,18,Sports Complex,-559.6670107997135,-411.8214703702915,5
217,87.99994079534831,22.500047624919944,11,16,Library,-62.481533287221986,-15.743644195813715,3
3914,87.99553609115387,22.49694190209244,25,18,Sports Complex,-515.4883057878707,-359.05024554793266,5
3720,87.99599197665914,22.4965767581196,19,17,Sports Complex,-468.6022466434179,-399.4132603059901,5
690,87.99990975845854,22.49960046891203,27,16,Library,-65.67355723266738,-65.1722693107753,3
2577,88.00420976334433,22.5027630676978,3,20,Cafeteria,376.56529674245996,284.42140046833487,1
2233,88.00433421162697,22.503183515872102,15,19,Cafeteria,389.364320779141,330.8977416557984,1
2238,88.00444846874481,22.50329418975453,24,20,Cafeteria,401.11522297474716,343.1316326194291,1
1106,88.00015319347627,22.499848813833864,15,16,Library,-40.637208178569225,-37.720221651022996,3
1789,88.00479148286897,22.502448464102788,12,20,Cafeteria,436.392897580394,249.64511907574428,1
3188,88.00456914862151,22.502824041365344,0,12,Cafeteria,413.5266810516145,291.1614296786837,0
2436,88.00489855120264,22.502954381015503,5,13,Cafeteria,447.4044611575679,305.5691746072676,0
611,87.99998610383227,22.499959301773483,9,14,Library,-57.82173113469109,-25.50688480556481,3
3660,87.99554323522065,22.4964244592356,12,17,Sports Complex,-514.753566179022,-416.2483789429735,5
3711,87.99510132847234,22.49682406646185,4,7,Sports Complex,-560.2019642915227,-372.075796153349,4
576,88.00005890363953,22.50015394278744,2,16,Library,-50.334552820777326,-3.991267122948514,3
2063,88.00427484111455,22.502592202858,6,12,Cafeteria,383.25829344457645,265.53400107699014,0
4435,87.99538131909692,22.4963175608176,19,7,Sports Complex,-531.4060126064849,-428.0649300687108,4
1180,88.00004497353778,22.50016978569386,27,15,Library,-51.76720985133715,-2.2399922471240785,3
888,88.00014766370768,22.500222549602785,9,15,Library,-41.20592346779227,3.592530245513146,3
3128,88.00433801838766,22.503153303083632,4,13,Cafeteria,389.7558313770905,327.5580200183078,0
1732,88.00497202364426,22.50284779954305,23,20,Cafeteria,454.96081731083984,293.7876586425076,1
2663,88.0040645809893,22.50234358709868,0,19,Cafeteria,361.633853635745,238.0520150415606,1
817,88.0002224076989,22.499845686703363,4,16,Library,-33.518793360564096,-38.06589465662704,3
3277,88.0045518347867,22.50341193717055,21,20,Cafeteria,411.74602017542304,356.1474319862919,1
1859,88.00452186445989,22.502868159519004,22,12,Cafeteria,408.66368810083304,296.0382503842736,0
208,88.00012876192157,22.499966841563403,2,10,Library,-43.14989898588016,-24.67343642786112,2
293,88.00021240052426,22.500167835019116,4,16,Library,-34.547992526777385,-2.4556198332718537,3
1119,88.000262663599,22.500363955580536,13,10,Library,-29.37862989559296,19.22354702602611,2
2213,88.00401596217755,22.50272868838542,9,19,Cafeteria,356.63359708734515,280.62111127804167,1
1609,88.00430866152846,22.50286042588421,1,19,Cafeteria,386.7365920705458,295.18337439435294,1
1264,88.00004234020601,22.50006329130951,14,16,Library,-52.03803782878854,-14.011881493278366,3
990,88.00005209570199,22.49999654056348,23,14,Library,-51.03472283796877,-21.390508959350854,3
4197,87.99533222612008,22.49647548957812,26,17,Sports Complex,-536.4550351986667,-410.60748488095163,5
1616,88.0046144083844,22.50299646559136,18,19,Cafeteria,418.1814724300167,310.2212036224113,1
353,87.9999600153675,22.500229788543404,4,11,Library,-60.50482872779792,4.3927227414813075,2
4557,88.00404418153745,22.50236729215651,22,7,other,359.5358489953503,240.67237213423647,-1
2022,88.00415145667708,22.50263145603085,22,20,Cafeteria,370.5686817637962,269.8730468039182,1
3690,87.995345684234,22.49715454854249,5,7,Sports Complex,-535.0709202892036,-335.54430695957353,4
2555,88.00487215482387,22.502720678827117,22,20,Cafeteria,444.68969580098747,279.7357347031493,1
3048,88.00477108382748,22.502973151977795,7,12,Cafeteria,434.2949351431796,307.64411677903416,0
1228,88.0002409697792,22.499814378941867,0,16,Library,-31.609755269429826,-41.52665461241476,3
259,88.00019365851335,22.5003287286134,20,10,Library,-36.47553578440972,15.329558078888326,2
1519,88.00452434275567,22.503357373889216,28,19,Cafeteria,408.91857122685406,350.11600686753127,1
1777,88.00407805779878,22.503129688003234,25,13,Cafeteria,363.0198913125159,324.9476090311315,0
4739,88.00010200057407,22.495761839827697,14,11,other,-45.902199962990814,-489.4943282927574,-1
1770,88.0040764444875,22.503125965117817,12,19,Cafeteria,362.85396849332193,324.53608127715455,1
4353,87.99531161700448,22.496817404687118,10,17,Sports Complex,-538.5746029457567,-372.8121887324044,5
52,87.99983076949992,22.49978050435331,27,15,Library,-73.79726580152898,-45.27115163144089,3
3473,87.99527536250862,22.49650019599732,2,7,Sports Complex,-542.3032374760668,-407.87643730255365,4
4683,88.00225558537602,22.49998899961277,20,11,other,175.58565878281811,-22.22408565064832,-1
4411,87.99532603162962,22.49599211360474,2,6,Sports Complex,-537.0921145597257,-464.03986497852367,4
2409,88.00406217332245,22.50313464602732,26,13,Cafeteria,361.38623442302276,325.4956690135438,0
2787,88.00439562861817,22.50338079248649,18,12,Cafeteria,395.6808205331692,352.70469861008326,0
2344,88.00410023626786,22.50315023138824,13,20,Cafeteria,365.300860988069,327.21847480964686,1
1033,88.00016179898492,22.49977032837213,20,14,Library,-39.752164931841065,-46.3960045912161,3
1097,87.99950044982887,22.50005282092307,15,14,Library,-107.76936505506092,-15.169278010218292,3
543,88.00036039215516,22.500038088718007,5,11,Library,-19.32762627512829,-16.797775957880532,2
1046,88.0001630807196,22.49965559562481,2,14,Library,-39.62034348226325,-59.07856248002915,3
1894,88.00424265369153,22.503192244923536,9,13,Cafeteria,379.9479416088497,331.8626510012769,0
4376,87.99544923820797,22.49698470488283,6,18,Sports Complex,-524.4207950009362,-354.3188250982913,5
30,87.99984957334695,22.500035221561728,24,14,Library,-71.86336293852806,-17.11471141301722,3
725,87.99995400416591,22.50033032600807,29,10,Library,-61.123057537646154,15.506134085499639,2
4961,88.00197459245575,22.49695635782349,17,11,other,146.6866248666985,-357.45230903791474,-1
4718,87.99702172163389,22.494441467000627,21,10,other,-362.6969629024234,-635.44834059711,-1
3903,87.99558164976439,22.49633194064553,7,18,Sports Complex,-510.8027790869428,-426.4753838896035,5
1426,88.00051405178249,22.49997094273922,17,10,Library,-3.5243285353808855,-24.220092452883577,2
2497,88.00432385092006,22.503080955010653,17,13,Cafeteria,388.2987621875499,319.5606640311404,0
436,88.0004071538864,22.50006343491537,3,16,Library,-14.518363266561357,-13.99600730155285,3
2470,88.00480908976408,22.503784439680608,17,12,Cafeteria,438.20369857337704,397.32385944801035,0
912,88.00006234592092,22.49971936379844,12,10,Library,-49.98052750675563,-52.02962856672755,2
4222,87.99520049009702,22.49632045901461,8,17,Sports Complex,-550.0035751223605,-427.74456337157596,5
4352,87.99531865308018,22.49636026017392,17,7,Sports Complex,-537.8509698018368,-423.34494322138545,4
4512,88.00632530642505,22.50547398820666,4,16,other,594.1407117481176,584.0865535177945,-1
4443,87.99563022851754,22.49690513186204,8,6,Sports Complex,-505.8066424099074,-363.1148268165507,4
2287,88.00437427662821,22.50254537860952,0,12,Cafeteria,393.48485103553617,260.35804864977604,0
4597,87.9999616013218,22.503713743009467,25,20,other,-60.34171946906114,389.50904942005826,-1
1238,88.0001422457698,22.500388540105178,2,11,Library,-41.76313740238278,21.941120379933352,2
903,88.00031961296565,22.49993208622242,20,11,Library,-23.521608028963232,-28.515291820215865,2
3620,87.99526252684434,22.496817391951232,29,17,Sports Complex,-543.6233358507255,-372.81359655715835,5
3231,88.00466642522632,22.502642635615,28,13,Cafeteria,423.5312032254688,271.10883803575865,0
2859,88.00493209653183,22.50335844869839,7,12,Cafeteria,450.85446838556567,350.2348162735388,0
507,87.99978400230758,22.499795727842237,0,14,Library,-78.60709046345401,-43.58834716552188,3
3221,88.0048220672074,22.502373828776875,3,20,Cafeteria,439.53837837337386,241.39493014938168,1
183,88.00012061810381,22.50008108982043,4,14,Library,-43.98745911230832,-12.044434096060357,3
1564,88.00455475479897,22.5028793986151,26,13,Cafeteria,412.04633213268835,297.28062006677635,0
2704,88.00479640650205,22.502444087901075,26,20,Cafeteria,436.8992741801522,249.16137373848656,1
321,88.00014878925636,22.500019212970734,20,14,Library,-41.09016514407229,-18.884301061412856,3
3563,87.99614091199746,22.496971136198358,4,7,Sports Complex,-453.28482373744185,-355.81870747992417,4
1538,88.00439108776797,22.50353557705982,11,13,Cafeteria,395.21381167122627,369.8145853462836,0
1837,88.00480784261332,22.503282678082066,10,19,Cafeteria,438.07543394604306,341.8591323451427,1
2380,88.00454056212432,22.503076858873857,16,13,Cafeteria,410.58667049485103,319.10787706981176,0
1912,88.0046764619221,22.502955413682415,25,20,Cafeteria,424.5634385272926,305.6833256077181,1
1840,88.00477451499479,22.50269687998401,14,12,Cafeteria,434.6478174168883,277.1050105862128,0
2115,88.00438646360392,22.50329728779454,12,12,Cafeteria,394.7382343023768,343.474089961874,0
4437,87.99557072607716,22.496245391126347,28,18,Sports Complex,-511.9262380245606,-436.04256773995354,5
1146,87.99972593122827,22.499907372975358,9,11,Library,-84.57947613386735,-31.2470941503625,2
2486,88.00434927406594,22.50358038758902,2,13,Cafeteria,390.9134343098873,374.76794124406644,0
44,87.99963036950241,22.49984944698491,10,15,Library,-94.40762964747798,-37.65023313436956,3
2154,88.00449838255007,22.50357626232576,0,13,Cafeteria,406.24866459173927,374.31193464292664,0
1526,88.00468423878382,22.50268014343622,1,19,Cafeteria,425.36325864533376,275.25495259327334,1
4855,87.99968533650289,22.505832862444063,29,16,other,-88.75448646638432,623.7565117202971,-1
1378,87.99984859611507,22.50007304818208,18,14,Library,-71.96386745354943,-12.933356799158702,3
1765,88.00451803005816,22.503480037105945,27,19,Cafeteria,408.269334729337,363.6751988447355,1
3012,88.00475109276181,22.50268119809252,23,13,Cafeteria,432.238931439315,275.3715343008795,0
413,88.00031941920547,22.500125211118736,14,11,Library,-23.541535513960827,-7.167265781364307,2
4284,87.99573717298568,22.49643951532684,10,7,Sports Complex,-494.8078179232206,-414.58407861735594,4
1407,88.00037533341299,22.49971748266524,3,15,Library,-17.790975755974795,-52.23756903078922,3
1658,88.00446988846831,22.50278932336532,4,12,Cafeteria,403.318158604505,287.3237019561077,0
801,87.99987098881795,22.49975048484317,11,14,Library,-69.66086466180693,-48.58950828250428,3
1288,87.99972415834846,22.49988596979313,6,14,Library,-84.76180995846592,-33.613001913782696,3
2182,88.00467230739768,22.503248566568608,11,20,Cafeteria,424.13616177609345,338.08844564755657,1
2588,88.00454497559603,22.50321192168733,12,13,Cafeteria,411.04057897282496,334.03772047120026,0
2615,88.00478774550295,22.502675609752547,26,12,Cafeteria,436.0085239558962,274.75379920016644,0
2318,88.00373872063729,22.502734843802084,8,12,Cafeteria,328.1203780805157,281.30153103602373,0
256,88.0003167277873,22.499965637871345,14,15,Library,-23.818337452724542,-24.806492547955443,3
4541,87.9965674494515,22.49544015546631,5,11,other,-409.4170980336111,-525.0533176006381,-1
1729,88.00422456544827,22.503213827933685,2,12,Cafeteria,378.0876358220454,334.24843694313336,0
1151,87.9994616524716,22.50037982098091,19,15,Library,-111.75952303747857,20.977308383455693,3
4144,87.99557996876221,22.49700185956387,8,6,Sports Complex,-510.9756636522059,-352.4225466562132,4
647,87.99998642628337,22.499792875743804,23,15,Library,-57.788568287454865,-43.90361812630367,3
2908,88.00463071969666,22.502617462873356,19,20,Cafeteria,419.8590277432393,268.3262431744263,1
1702,88.00472038985642,22.502626533084158,3,13,Cafeteria,429.08125649367173,269.32886427637976,0
1881,88.00442502908173,22.50305312251253,0,19,Cafeteria,398.70454437923615,316.4840596886125,1
3768,87.99489362689177,22.496984576736928,2,17,Sports Complex,-581.5632676861313,-354.33299034638435,5
1315,87.99967204094192,22.50020353794053,3,10,Library,-90.12188343569785,1.4909810996321937,2
2269,88.00403900832971,22.502867836362576,20,13,Cafeteria,359.00380460868956,296.00252867274025,0
1966,88.0043866229919,22.503014026105813,14,19,Cafeteria,394.7546267390251,312.16234289016944,1
2465,88.00445816658807,22.502383984684936,6,20,Cafeteria,402.1126086058079,242.517564226466,1
3855,87.99555124500215,22.49607709376952,5,6,Sports Complex,-513.9297911640174,-454.64615756347473,4
1350,87.99970747174349,22.499862932801268,6,11,Library,-86.47796267284825,-36.159510994271,2
3296,88.00460191120939,22.502475329385504,18,19,Cafeteria,416.89618636645565,252.614807427245,1
112,88.00001505755249,22.500220777444287,0,11,Library,-54.84395311175044,3.396635845125431,2
3133,88.00422692564311,22.503527192891944,16,19,Cafeteria,378.3303727234017,368.8877994291273,1
263,87.99974390308967,22.499599508547025,10,16,Library,-82.73113977173742,-65.2784280582646,3
1393,88.00003413383277,22.500053849126363,4,11,Library,-52.882031543304095,-15.055620418190827,2
1878,88.00458194479509,22.502935004491377,15,12,Cafeteria,414.8427179606261,303.42729363041855,0
1186,87.99975437815162,22.50011731689745,9,16,Library,-81.65382020638596,-8.039893002073057,3
3071,88.00405775846936,22.50312774734076,9,20,Cafeteria,360.93218387542885,324.73308820112686,1
56,87.9997901956192,22.50022839615656,20,14,Library,-77.97013234226968,4.238808299936849,3
1309,88.00011867455822,22.499862614931352,27,10,Library,-44.18734525070978,-36.194648334705875,2
695,87.99992261339017,22.49983450445555,26,14,Library,-64.35147728598554,-39.30198032997936,3
2952,88.00435356865883,22.502787316108783,16,12,Cafeteria,391.3551165604299,287.10181981850945,0
1726,88.00410794504276,22.502362471529583,4,12,Cafeteria,366.093678640315,240.13950003372906,0
2091,88.0045208546871,22.50320165218768,25,20,Cafeteria,408.5598368791661,332.90252997981617,1
3869,87.99550214600765,22.495914420595625,9,7,Sports Complex,-518.9794326489725,-472.62805020600723,4
319,87.9999674642364,22.49975320511821,5,14,Library,-59.738741401618675,-48.288809079398334,3
4320,87.99530461940817,22.49672140397988,19,17,Sports Complex,-539.2942786324493,-383.42410691048406,5
682,87.99986886993344,22.49995490207956,12,15,Library,-69.87878372983857,-25.993226972005488,3
3841,87.9954305007846,22.49671348298557,13,7,Sports Complex,-526.3478664484679,-384.299693621538,4
3213,88.00472998200837,22.502580161820912,3,13,Cafeteria,430.0677721838127,264.20298483724997,0
2002,88.00453795433637,22.502769874173826,26,20,Cafeteria,410.3184696010672,285.1737883282882,1
4782,87.99841330379523,22.50292790063256,11,3,other,-219.57812546119376,302.6420330768152,-1
4150,87.99603926333178,22.496139469880784,21,18,Sports Complex,-463.73899544442503,-447.751102224484,5
286,87.99996205372624,22.49992269773074,15,14,Library,-60.295191424445555,-29.553095690532416,3
1888,88.00413128426571,22.502861342785245,23,20,Cafeteria,368.49402735706116,295.28472863457625,1
2337,88.00436056173882,22.50338337638697,27,13,Cafeteria,392.074327762217,352.99032296936605,0
2520,88.00423410415289,22.502795766876478,22,20,Cafeteria,379.06865466048754,288.03596767946084,1
2277,88.00440161904328,22.50294358202478,19,19,Cafeteria,396.2969125622072,304.3754541728473,1
2127,88.0045425335112,22.50343060995486,20,19,Cafeteria,410.78942000269933,358.2115215640056,1
3499,87.99609944899396,22.49704682407828,8,6,Sports Complex,-457.5491331129923,-347.4521692334735,4
4211,87.99537017411375,22.497026818599608,0,17,Sports Complex,-532.5522309756223,-349.6635748457638,5
2083,88.00397487767935,22.503262941886664,29,13,Cafeteria,352.40821551697036,339.67749330545865,0
736,88.00006400743358,22.50000356826696,22,10,Library,-49.80964736309729,-20.613666616813973,2
4801,88.00613768444254,22.495684103672616,19,21,other,574.8445172707591,-498.087282875411,-1
336,87.9997936257008,22.49971406844817,28,15,Library,-77.61736172955891,-52.614976585603586,3
2596,88.00442656604262,22.503120144640263,11,19,Cafeteria,398.86261485651823,323.8926856883185,1
2771,88.00455989138821,22.503299285928843,19,20,Cafeteria,412.5746104481951,343.69496372796254,1
3704,87.99570968141575,22.49627428644948,17,18,Sports Complex,-497.63521945094226,-432.8484787207956,5
4404,87.99605311891979,22.496724951003426,15,6,Sports Complex,-462.31400186307604,-383.0320189277102,4
1071,88.0001192602068,22.499637852146343,11,15,Library,-44.127113561891626,-61.03992658966732,3
2290,88.00451599650052,22.502830273901107,19,20,Cafeteria,408.0601911985175,291.8503741820283,1
1672,88.00437640903925,22.502754866159258,8,19,Cafeteria,393.70416125491056,283.5148023979418,1
4083,87.995204008741,22.4962800450588,29,17,Sports Complex,-549.6416962124331,-432.2119220466542,5
4250,87.99592523043741,22.49630731311113,5,17,Sports Complex,-475.4668371242767,-429.1977115419121,5
4113,87.99526051523682,22.496335804249355,18,7,Sports Complex,-543.8302218957806,-426.0483011226549,4
4408,87.99489027113981,22.49739111908758,4,7,Sports Complex,-581.9083937823088,-309.39379890518154,4
3366,87.9954587066169,22.49627427503889,1,7,Sports Complex,-523.4470058014203,-432.84974004758914,4
1488,87.99961858592135,22.499717449068832,18,16,Library,-95.61952533630333,-52.24128277766695,3
498,87.99978109543666,22.499959233259013,25,14,Library,-78.90605088272333,-25.514458395138462,3
4382,87.99538805870756,22.49607906497228,7,18,Sports Complex,-530.7128697461998,-454.42826081036975,5
3479,87.99621893235451,22.496785363458383,14,17,Sports Complex,-445.26073208974435,-376.3540261567851,5
2581,88.00393348826039,22.50301907888476,6,13,Cafeteria,348.151474025478,312.7208770748016,0
3123,88.0048507464484,22.50323115030552,0,19,Cafeteria,442.48792727127227,336.16325192584105,1
2921,88.00436529922636,22.503182181484625,22,13,Cafeteria,392.5615600137251,330.75023846409533,0
4377,87.99545740896002,22.496638819778727,5,7,Sports Complex,-523.580464787302,-392.5529645058547,4
2644,88.00437683137751,22.503463151492078,16,20,Cafeteria,393.74759710980237,361.8086630878612,1
4286,87.99579817517478,22.496476689640545,4,18,Sports Complex,-488.5339789593746,-410.4748299805425,5
4040,87.99586970096932,22.4963899446734,24,7,Sports Complex,-481.1778279208061,-420.0636186487879,4
2034,88.00443779836823,22.50330934799545,26,20,Cafeteria,400.0178160562489,344.8072245707528,1
1022,87.99999391135194,22.50009187041637,2,14,Library,-57.01875796583616,-10.852747020907145,3
2282,88.00493874571254,22.503069000835893,29,19,Cafeteria,451.5383108771023,318.2392495532352,1
4886,87.99733538280125,22.502538069928537,20,8,other,-330.43812625511026,259.550147054102,-1
4219,87.99562559682545,22.495978122026735,4,6,Sports Complex,-506.2829940089322,-465.586494011156,4
3063,88.00430771572013,22.50293623502597,27,19,Cafeteria,386.63931934634167,303.56331692436555,1
4365,87.99547446069884,22.49651536790566,0,7,Sports Complex,-521.8267594693947,-406.1993345549084,4
665,88.00002660755692,22.499746226452043,27,14,Library,-53.65607987479227,-49.06023083756615,3
3932,87.99530161533878,22.496266074642605,1,17,Sports Complex,-539.6032355390973,-433.7562118528001,5
2638,88.00485014920524,22.502965835769984,7,19,Cafeteria,442.4265031248419,306.8353831676893,1
3176,88.00448120886863,22.50283926201268,25,19,Cafeteria,404.48241794754136,292.84392003543223,1
4265,87.99557920229354,22.496461902981228,16,7,Sports Complex,-511.05449198769475,-412.1093473014904,4
3121,88.00464836150782,22.50274396772398,28,19,Cafeteria,421.6734197159163,282.31008936233434,1
1017,87.99987902854149,22.49944517490681,25,10,Library,-68.83401022355521,-82.33846864755691,2
557,87.99989186045305,22.500218597295177,5,15,Library,-67.51429780133586,3.155642162491503,3
2399,88.0045036933472,22.503070188045896,29,20,Cafeteria,406.79485951505467,318.3704837469884,1
1207,87.9998342747706,22.50000597576082,2,14,Library,-73.43676228325127,-20.347542245205403,3
2005,88.0041778248374,22.50277394494748,28,19,Cafeteria,373.2805449618867,285.6237716482158,1
2656,88.00458768299247,22.502328513497662,12,12,Cafeteria,415.43286934362084,236.38577918522225,0
2135,88.00392366977405,22.50308301132716,25,20,Cafeteria,347.14168072078735,319.7879692578565,1
1510,88.00456743607081,22.503150468327707,13,20,Cafeteria,413.3505518428271,327.24466609834644,1
1736,88.00358566680627,22.503419553706635,6,20,Cafeteria,312.379384146402,356.98936388507235,1
245,87.99991637469104,22.500059592245684,8,11,Library,-64.99310333672746,-14.420776008496574,2
1163,87.99958865031326,22.499762912998943,27,10,Library,-98.69828672602428,-47.21569994326323,2
3362,87.99498889414768,22.49674076572901,11,7,Sports Complex,-571.7653992659182,-381.28385916143566,4
266,88.00040810282599,22.50054273567937,28,16,Library,-14.420768504146912,38.9858991512822,3
2366,88.00409995785184,22.502767540954128,11,13,Cafeteria,365.27222697790984,284.9158742229323,0
1114,88.00003760472629,22.50014969859739,25,11,Library,-52.525063583450084,-4.460419890887266,2
63,87.99970094834399,22.50022101134909,11,11,Library,-87.14886905508222,3.4224916820581086,2
2592,88.00398770518505,22.50298078894147,6,13,Cafeteria,353.7274748133063,308.4883067438412,0
2788,88.00453618120218,22.502753827033324,12,19,Cafeteria,410.1361096150568,283.39993741722583,1
2757,88.00383677795008,22.50290624463626,12,12,Cafeteria,338.20519304869276,300.24817924588723,0
3011,88.00463524759436,22.50301123112064,23,19,Cafeteria,420.32470449093836,311.8533852293333,1
3076,88.005037835191,22.50280984360852,2,13,Cafeteria,461.7292800881825,289.5920096395076,0
2998,88.00461204920852,22.503147653221028,29,20,Cafeteria,417.9388403248454,326.9334842060142,1
2815,88.00456348812881,22.502784678988785,5,12,Cafeteria,412.94452129301123,286.81031257393846,0
2259,88.00394662713066,22.503465800533327,26,13,Cafeteria,349.5027559626465,362.10148810757755,0
4958,88.00060119368116,22.502328341858096,11,23,other,5.437878351982716,236.36680614753473,-1
3204,88.00444704627007,22.50332283231237,24,12,Cafeteria,400.96892695531403,346.29778096308326,0
1237,87.99986160293957,22.500085584458624,14,16,Library,-70.62616591256473,-11.54759679008734,3
103,87.9997994306827,22.499800201998337,7,11,Library,-77.0203418169668,-43.09377395024647,2
2643,88.00506689032765,22.50276999846024,24,20,Cafeteria,464.7174883985559,285.1875269486936,1
272,88.00029079093804,22.499844337659567,12,16,Library,-26.485841977698115,-38.21501795781302,3
508,88.00001213040699,22.500164811417108,27,14,Library,-55.144998693464466,-2.789848799320964,3
2226,88.00463383190875,22.503178910244724,1,12,Cafeteria,420.17910670643295,330.38863560541876,0
4933,87.99435377739765,22.501562237269454,0,2,other,-637.0846979957696,151.681604919022,-1
2441,88.00466874527008,22.502999795577168,22,20,Cafeteria,423.7698107438144,310.58930025372433,1
865,87.99990307461002,22.50038343192748,25,10,Library,-66.36096517532913,21.376462417423596,2
3326,87.99604526690132,22.49620780953131,21,18,Sports Complex,-463.12155156170024,-440.19683725542643,5
908,88.00016137104528,22.500202849138624,1,16,Library,-39.79617686686728,1.4148409371195214,3
2114,88.00377272490282,22.50313409168189,13,20,Cafeteria,331.6175851343387,325.4343916697112,1
3896,87.99554142252299,22.496909891672654,16,6,Sports Complex,-514.9399951151818,-362.5886773511703,4
1627,88.00446020127511,22.50299520616713,18,13,Cafeteria,402.3218682903729,310.0819868683444,0
2873,88.00405539232838,22.50302043613221,3,20,Cafeteria,360.68883543718664,312.8709072081683,1
1522,88.00389544490069,22.50290852114428,27,13,Cafeteria,344.2388617751425,300.49982444245296,0
835,88.00005855368313,22.500143801254023,15,16,Library,-50.37054448101229,-5.112312226722153,3
358,88.00008067964008,22.50007217340732,17,10,Library,-48.09497547523895,-13.030054401051316,2
138,88.00020337930434,22.50051563122981,22,14,Library,-35.47579006808122,35.98977329678476,3
299,88.00015740721048,22.500005327912167,4,11,Library,-40.20384192907859,-20.41915543549841,2
1556,88.00438032369122,22.503540023985728,14,19,Cafeteria,394.1067680534538,370.3061485360014,1
1003,87.99983826580558,22.49984694081637,5,10,Library,-73.02629978858161,-37.92726500500521,2
382,87.99946902606892,22.49969141278203,6,11,Library,-111.00117710105596,-55.11933392067171,2
941,88.00021811433207,22.500345363519678,14,11,Library,-33.96034951602484,17.168380618786188,2
4446,87.99536977748615,22.49610534316708,6,7,Sports Complex,-532.593022588468,-451.52346915730664,4
4854,88.00340179452719,22.504350892248738,3,12,other,293.4688321497835,459.939526329068,-1
761,88.00003050245365,22.50010107368874,9,10,Library,-53.25550482556768,-9.83541729313032,2
1705,88.00443039264687,22.50265252198085,29,19,Cafeteria,399.25616628720394,272.20167691666774,1
1873,88.0039988748582,22.502987361517143,25,12,Cafeteria,354.8762324499979,309.21483925854346,0
2550,88.00481407682189,22.50329821333132,3,19,Cafeteria,438.71659816017444,343.5763987976941,1
2086,88.00405432717896,22.5030355207079,11,12,Cafeteria,360.57928894339676,314.53835620492805,0
2197,88.00490693011304,22.502699876165455,8,12,Cafeteria,448.26619965057,277.4362084829655,0
898,88.00030162724163,22.50005181683235,4,10,Library,-25.37137010911469,-15.280270198396337,2
3999,87.99544867887909,22.496248237409617,24,7,Sports Complex,-524.4783198108578,-435.7279395873408,4
3615,87.99595538572207,22.49679737567395,22,17,Sports Complex,-472.3654828503838,-375.02619584799504,5
1402,88.00029642603866,22.49985754176794,9,14,Library,-25.90629369653025,-36.7554358181733,3
3873,87.99523104756909,22.496138613353327,28,18,Sports Complex,-546.8608574304667,-447.8457827695764,5
3785,87.99567538150326,22.496727201702377,0,17,Sports Complex,-501.1628326494998,-382.78322666559416,5
4386,87.9944435051303,22.496527260004445,12,7,Sports Complex,-627.856548095,-404.8847819550372,4
2955,88.00413581256451,22.50315508520657,20,20,Cafeteria,368.95974535648355,327.7550158876901,1
1512,88.00478932450167,22.502771737237147,5,20,Cafeteria,436.17091786078817,285.3797313478351,1
1188,88.00013751302475,22.50018919717,9,10,Library,-42.2498819057904,-0.09424767477575813,2
2989,88.0044955116205,22.503290045950344,9,20,Cafeteria,405.95340060165336,342.6735765046096,1
2080,88.0039368328219,22.50356062342876,10,12,Cafeteria,348.49544922853437,372.58321096888255,0
4983,87.99911910261605,22.504314714391843,10,13,other,-146.98944941418563,455.9404260278796,-1
3437,87.99550063122723,22.496238399761364,21,7,Sports Complex,-519.135221950528,-436.8153932252664,4
108,88.00006438759767,22.50008076981828,24,16,Library,-49.77054895774745,-12.079807133831864,3
4698,87.99445509452161,22.49618481013889,14,6,other,-626.664624070343,-442.7391900936201,4
2827,88.00474933073234,22.50288872294665,0,13,Cafeteria,432.05771353046845,298.31133167636096,0
4747,87.99409487919675,22.50533684148341,6,9,other,-663.7113755698718,568.9263547296362,-1
58,88.00008281585785,22.50037317214224,15,14,Library,-47.87527374814438,20.242345756791877,3
76,88.00002176176706,22.499596217046022,19,15,Library,-54.15445060022797,-65.64227057907239,3
796,87.99999011121153,22.500104599555225,21,15,Library,-57.409587693312325,-9.445668011780342,3
368,88.00002441902464,22.499727258392447,28,15,Library,-53.88116194614963,-51.15696014529604,3
4905,88.00175031566712,22.49797411696921,7,15,other,123.62062549909446,-244.94921306986654,-1
785,88.00027019518139,22.500115515223317,1,16,Library,-28.604035807823575,-8.23905006088161,3
2088,88.00419705097717,22.50312079038946,5,20,Cafeteria,375.2578789984944,323.96406680448166,1
2314,88.00387843614267,22.5029944095484,21,19,Cafeteria,342.48957686622174,309.9939286337236,1
3384,87.99555199176626,22.496601268616978,4,7,Sports Complex,-513.8529893660263,-396.7038699256842,4
3605,87.99536254581656,22.49613549146688,29,18,Sports Complex,-533.3367718060881,-448.19087609744247,5
4111,87.99552974053692,22.497116865607705,19,17,Sports Complex,-516.1414421524325,-339.7097785707086,5
1902,88.00483728561049,22.502939777803288,21,19,Cafeteria,441.10353220962685,303.95493552906777,1
1703,88.0046107370963,22.50300025471574,28,13,Cafeteria,417.8038946633911,310.6400534315279,0
121,87.9997726531363,22.49964043050542,9,11,Library,-79.77430878785896,-60.754914777354756,2
1844,88.00455124842382,22.50285870249615,21,13,Cafeteria,411.68571502419127,294.9928710782209,0
2369,88.00486432624103,22.5026874559896,23,19,Cafeteria,443.88455636638815,276.0632822441613,1
3728,87.99547309710755,22.49632821773673,10,7,Sports Complex,-521.9669995546046,-426.8869142284435,4
910,87.99992305544126,22.50020469441094,7,16,Library,-64.30601404298474,1.618817338863039,3
124,88.00014671427346,22.500468324444054,13,10,Library,-41.303569101729686,30.760481199287497,2
2572,88.00427093882,22.503078912135404,16,13,Cafeteria,382.85695755865027,319.3348446011689,0
1586,88.00455388857984,22.50309533866522,20,20,Cafeteria,411.9572448480144,321.15063320687426,1
1257,88.00010475475234,22.49981042948278,15,16,Library,-45.61894339154927,-41.96322782007513,3
3441,87.99563820852151,22.495931628755105,0,18,Sports Complex,-504.98592989800113,-470.7258602570355,5
3480,87.99571189157668,22.4960865795894,15,18,Sports Complex,-497.4079129565835,-453.59759503425545,5
4108,87.9951549934383,22.4963934396926,19,17,Sports Complex,-554.6827303195928,-419.67727922638977,5
1178,87.99975285222321,22.50002383604986,16,11,Library,-81.8107560354683,-18.373265894951416,2
3463,87.99506202533622,22.49687625742508,23,17,Sports Complex,-564.2441396696756,-366.3066070781683,5
3469,87.9957399797374,22.49725991750137,21,7,Sports Complex,-494.5191543769529,-323.89682224488956,4
3467,87.99558783285725,22.496294193518334,17,7,Sports Complex,-510.16687192520953,-430.64795132969687,4
2103,88.00451195269665,22.50320821092164,6,13,Cafeteria,407.644301627119,333.6275324315023,0
442,87.99948313947499,22.500067281735312,24,15,Library,-109.54966793060076,-13.570779825001011,3
2227,88.00421924193336,22.503230682435028,3,20,Cafeteria,377.5401329246,336.11153352159226,1
4416,87.99483368420803,22.496474512148595,9,7,Sports Complex,-587.7281406253006,-410.7155299407293,4
925,87.99961920327381,22.500128563689003,6,16,Library,-95.55603302649979,-6.796672663981269,3
4020,87.99547784387204,22.495850423349484,0,17,Sports Complex,-521.4788132051766,-479.70230579440033,5
2145,88.00452602926167,22.50265847477849,16,20,Cafeteria,409.0920218388386,272.85969916776105,1
4770,88.00042310781228,22.49991950611305,6,1,other,-12.877563759182316,-29.905897109999913,-1
1411,88.00013905750235,22.50008961340455,24,16,Library,-42.091038364635125,-11.1022371073053,3
3466,87.9955939446458,22.497009390468204,2,18,Sports Complex,-509.5382981360541,-351.59008049114186,5
2072,88.00462223753198,22.50252939744347,15,13,Cafeteria,418.98666994587336,258.5914905548969,0
1509,88.00499543494908,22.50315274163794,13,13,Cafeteria,457.3685793693153,327.4959578115455,0
1227,87.99996324949959,22.50033536897888,0,16,Library,-60.172210765071696,16.063584079113014,3
4072,87.9958204788315,22.49659344152409,0,7,Sports Complex,-486.2401342197618,-397.56907677338165,4
2585,88.00431052927523,22.50276225889249,10,13,Cafeteria,386.9286825949146,284.33199512928724,0
4450,87.99600254976244,22.496650949335912,9,6,Sports Complex,-467.51484390579964,-391.212163254687,4
2951,88.0047151493583,22.50269852841,9,19,Cafeteria,428.5422915527424,277.2872275950907,1
3885,87.9956402580388,22.49645059761468,28,7,Sports Complex,-504.7751449797425,-413.35904251978343,4
324,87.99974849565463,22.50004216366799,23,11,Library,-82.25881224654084,-16.347330986587707,2
3977,87.99480310094788,22.4957951613353,8,7,Sports Complex,-590.8735105216635,-485.81096884213264,4
3576,87.9956371584418,22.49635900830004,26,7,Sports Complex,-505.0939265312935,-423.4833253599952,4
2211,88.00425952781858,22.50248484525426,6,13,Cafeteria,381.6833802427199,253.66669155934602,0
3298,88.00438009677153,22.503502786360432,14,20,Cafeteria,394.0834302413494,366.18990143576264,1
3035,88.00454270777287,22.50295713653316,9,20,Cafeteria,410.80734214094275,305.87376952894283,1
1498,88.00025601563145,22.50008354410431,21,11,Library,-30.062347619118132,-11.773137555951152,2
1502,88.00429489066441,22.50285304641436,1,13,Cafeteria,385.32031202093987,294.3676477968063,0
1006,88.000223798305,22.50073727360633,27,15,Library,-33.375774907111236,60.49012159728143,3
4179,87.99597726255332,22.496584857563224,21,7,Sports Complex,-470.1155354573519,-398.5179478075711,4
3013,88.004393806452,22.50283769256858,29,19,Cafeteria,395.49341779764643,292.6704336844204,1
3516,87.99534479970363,22.49604251557946,13,18,Sports Complex,-535.1618908126073,-458.46843069277185,5
1467,88.00009866788245,22.499857412158395,9,16,Library,-46.244954392725866,-36.76976285741098,3
1225,87.99996754482507,22.500000923917963,15,15,Library,-59.730453169662994,-20.9059729548067,3
3167,88.00421568444928,22.50353355463088,2,20,Cafeteria,377.1742594608553,369.59102605117175,1
2267,88.00484336510371,22.50321488356849,19,20,Cafeteria,441.7287845488606,334.36512681441826,1
3808,87.99558175827845,22.49671179655552,2,6,Sports Complex,-510.79161883619753,-384.48611159924616,4
1216,87.99983162734394,22.50015637700421,17,14,Library,-73.70903986599318,-3.722188801053079,3
3976,87.9956749375726,22.49664792001602,10,7,Sports Complex,-501.2084891990264,-391.5470242755291,4
4584,88.00167190175509,22.505579976700115,9,21,other,115.55605824502155,595.8025215843717,-1
420,88.00051518698122,22.499505175047407,22,10,Library,-3.4075777412344337,-75.7060531060339,2
3422,87.99630697289308,22.496888763610347,4,6,Sports Complex,-436.2061035683091,-364.924173358663,4
6,88.00039480320387,22.500174096861866,11,15,Library,-15.788583145515515,-1.7634357357740527,3
932,87.9996379965249,22.49999411196228,22,15,Library,-93.62321991491596,-21.65896653591659,3
1691,88.00457632053148,22.50302400868728,26,13,Cafeteria,414.26428422429376,313.26581744555676,0
439,87.99998611307528,22.500024495788367,16,10,Library,-57.82078052690812,-18.300338400345595,2
1313,88.00013945257659,22.49991968930847,29,14,Library,-42.05040650886219,-29.885646688107386,3
678,88.00023391959829,22.500505901554806,19,10,Library,-32.334839079712175,34.91425502190275,2
1943,88.00422159610969,22.503168743977,4,13,Cafeteria,377.7822508454911,329.2648563711478,0
4610,87.99817104098857,22.497965372371425,11,17,other,-244.49391714657213,-245.91584090906878,-1
3303,87.9952285377735,22.49658491098457,17,6,Sports Complex,-547.1189801898824,-398.51204261203185,4
2268,88.004295709665,22.503035736329377,20,20,Cafeteria,385.40454306066016,314.5621910029104,1
4633,88.00422034238954,22.49563880312044,15,1,other,377.6533105828893,-503.09480591305623,-1
4080,87.99505667880172,22.496191363525355,23,17,Sports Complex,-564.794010043353,-442.01477875362656,5
2518,88.00464826782468,22.5025442970824,3,20,Cafeteria,421.66378476755665,260.2384966422902,1
2439,88.0038208814172,22.502580307473394,15,13,Cafeteria,336.5702961886635,264.2190852626186,0
4037,87.99557609204847,22.49681607035836,8,7,Sports Complex,-511.3743686515599,-372.9596854332814,4
1893,88.00428650212677,22.50328668878192,11,20,Cafeteria,384.45758340326915,342.3024751070046,1
4244,87.99591937888762,22.496108618821225,23,18,Sports Complex,-476.0686463641464,-451.16137834818744,5
4829,87.99412089127723,22.50459669275079,6,23,other,-661.0361338044293,487.1103138260711,-1
2640,88.00390360729995,22.502922232835463,23,12,Cafeteria,345.07833293570445,302.01551478566523,0
194,88.00004329523146,22.500031594894885,1,15,Library,-51.939817158250115,-17.51560316577539,3
1474,87.99980377542173,22.500227840680544,28,14,Library,-76.57350222992798,4.177405980997406,3
4616,87.99573676768908,22.49541175473377,17,14,other,-494.84950110967355,-528.1927345755068,-1
1211,87.99982677370055,22.50038309193117,5,10,Library,-74.20821829651898,21.338879225095866,2
2438,88.00418447487097,22.50319500573184,3,19,Cafeteria,373.96447516722947,332.1678307511732,1
1657,88.00455423227162,22.503110259110635,25,12,Cafeteria,411.9925922169836,322.79993924316625,0
2700,88.00510286377285,22.50271806086664,26,19,Cafeteria,468.41721795663375,279.4463453521368,1
3082,88.00503533506287,22.502754583403824,12,12,Cafeteria,461.47215158956925,283.483546612346,0
2705,88.00481184364423,22.503408856409735,20,12,Cafeteria,438.48692448481313,355.80688468566564,0
4226,87.99566175393363,22.496002279525992,23,17,Sports Complex,-502.56437542336823,-462.91612404318977,5
2842,88.00459744174755,22.50274484524243,1,19,Cafeteria,416.4365195205873,282.4070902516886,1
2302,88.00402771079543,22.503336078876167,3,13,Cafeteria,357.841896948577,347.76205612510284,0
1130,88.00008033930386,22.500074143886284,18,10,Library,-48.12997773718641,-12.812237656567405,2
1461,87.99969392544092,22.49984785256919,11,11,Library,-87.87114744417568,-37.8264798481942,2
276,88.00004976492389,22.499847057727276,6,15,Library,-51.27443434158565,-37.914341673276724,3
2222,88.0044502841714,22.50269574781685,23,13,Cafeteria,401.30193257024064,276.97986082834393,0
2331,88.00457206072856,22.50338076987208,2,20,Cafeteria,413.8261799867385,352.7021988134092,1
4322,87.995352480951,22.495705822954463,25,17,Sports Complex,-534.3719042606567,-495.6864334600658,5
1302,87.99995626006083,22.50008745000614,19,11,Library,-60.891047480133125,-11.341379167518966,2
2517,88.00444642095903,22.50293769682001,26,20,Cafeteria,400.9046161353188,303.7249036374039,1
222,88.0001715650476,22.50018470262022,21,16,Library,-38.747763197435795,-0.5910752072015413,3
2036,88.00452394923755,22.50255411548072,4,13,Cafeteria,408.878099411691,261.32382239240314,0
1924,88.0042853038896,22.50377581737507,15,12,Cafeteria,384.3343493494296,396.3707497940365,0
573,87.9999452248678,22.500049328926853,2,11,Library,-62.025974357391306,-15.555283272102898,2
1236,88.00041942520352,22.499916215554705,8,14,Library,-13.256305812402646,-30.269635429250457,3
3544,87.9955163230783,22.49687128002513,8,6,Sports Complex,-517.5213758222899,-366.856808868639,4
2133,88.00439584082211,22.50284944358876,27,13,Cafeteria,395.7026448871384,293.9693914553171,0
1334,88.0000371668643,22.499939154005155,3,14,Library,-52.570095993305664,-27.73401911658297,3
2457,88.00437177312753,22.50330560725513,29,19,Cafeteria,393.2273756833712,344.39372313556504,1
418,88.00029482429602,22.499957964045358,10,14,Library,-26.071026725406764,-25.654757272569242,3
4914,87.99345315947608,22.494055689905977,1,23,other,-729.7097642653425,-678.0921406396766,-1
1104,88.00027704570418,22.499843913652573,12,16,Library,-27.899486061910217,-38.26188769102352,3
257,87.9998230826336,22.5002382186368,15,10,Library,-74.58783024152838,5.324585265354287,2
295,87.99982677260118,22.499812007667064,0,10,Library,-74.20833136204857,-41.78877532915841,2
2361,88.00443873418965,22.503387503508407,12,20,Cafeteria,400.11406166588654,353.44653497287,1
386,88.00008543899395,22.49979759912002,26,15,Library,-47.60549435661705,-43.381496119541865,3
3308,87.99549365301478,22.496960537644007,8,17,Sports Complex,-519.8529040835631,-356.9902716778388,5
4013,87.9953742501435,22.49695357475155,18,6,Sports Complex,-532.1330270968059,-357.7599498099677,4
2231,88.00479141793063,22.503240610006976,13,13,Cafeteria,436.3862189241852,337.20892732478046,0
2554,88.00459791896664,22.503343278949835,8,13,Cafeteria,416.4855996562335,348.55795226835755,0
4335,87.99496855450542,22.496590858476345,6,7,Sports Complex,-573.8572527226277,-397.8546068711664,4
3515,87.99522759200646,22.49671580277331,17,7,Sports Complex,-547.2162486683379,-384.0432642847938,4
1839,88.00452633383044,22.50275126708597,27,12,Cafeteria,409.12334555782377,283.1169608366548,0
4384,87.99604474561245,22.49621121594502,0,18,Sports Complex,-463.1751641034831,-439.82029228380094,5
1563,88.00359812667156,22.503078018191434,14,13,Cafeteria,313.66083304992236,319.2360280347787,0
2015,88.00469328745787,22.50297375774458,10,19,Cafeteria,426.2938797366618,307.7110782395659,1
1400,87.99973827225433,22.499988621938677,4,15,Library,-83.31024938449032,-22.26583374507257,3
712,87.9998637702283,22.50022058326558,5,15,Library,-70.40326865816968,3.3751713308656406,3
2420,88.00436094051074,22.50273990877505,11,20,Cafeteria,392.113282987183,281.8614131478248,1
2619,88.00426186225478,22.503011173188742,11,12,Cafeteria,381.9234679679002,311.84698143718714,0
209,88.00096318287267,22.499756367673832,25,15,Library,42.66706516777266,-47.93922018096154,3
4944,87.99566176256765,22.498014693513973,4,7,other,-502.5634874480513,-240.46388181182905,-1
1289,87.99946177735177,22.50004535665503,2,16,Library,-111.74667959511198,-15.994378199469423,3
449,87.99973519661953,22.4999871515691,20,14,Library,-83.62656651643245,-22.428368397940517,3
4091,87.99553246007304,22.496502685617664,6,18,Sports Complex,-515.8617483925905,-407.60123466986374,5
2569,88.00478007513111,22.50328267632425,24,13,Cafeteria,435.2196559095311,341.8589380362476,0
1820,88.00394841616705,22.502832991717447,17,20,Cafeteria,349.6867514285861,292.1508016002498,1
958,88.00014244182006,22.50012492127757,20,16,Library,-41.74297439160223,-7.199304823677366,3
1793,88.00473822891249,22.50305264525866,5,13,Cafeteria,430.91593434222676,316.4313040458004,0
4786,88.0054098294293,22.494902505484223,0,10,other,499.9874472292451,-584.485146620369,-1
654,88.00064333995081,22.499684958808707,11,16,Library,9.772459005752197,-55.832756131881496,3
2407,88.0050381847994,22.50329348819069,28,20,Cafeteria,461.7652359584369,343.054081752369,1
3852,87.9951871642493,22.495737073968517,6,6,Sports Complex,-551.3740869658266,-492.23194636655,4
1995,88.00439814890755,22.50255264457765,2,19,Cafeteria,395.94002253851437,261.1612287671914,1
1760,88.00465571866708,22.502877537891557,19,19,Cafeteria,422.43007506098417,297.07493568630593,1
2354,88.00487784391369,22.50323133384204,15,12,Cafeteria,445.27479666204596,336.1835400528826,0
2741,88.00462293925392,22.503555014199016,28,13,Cafeteria,419.058839330981,371.9631667128068,0
2617,88.0047537390569,22.50325499832434,4,20,Cafeteria,432.5110926432357,338.79941192622164,1
411,87.99971883947704,22.500557825036548,22,10,Library,-85.30883529029997,40.653876693637656,2
1774,88.00438630747932,22.50307698044344,5,20,Cafeteria,394.72217749179606,319.12131537130307,1
3978,87.99537356943249,22.496541415576612,1,6,Sports Complex,-532.2030355887586,-403.3200250077098,4
2186,88.00401912773145,22.50228324579122,29,12,Cafeteria,356.95916205036707,231.38188691492985,0
2379,88.00441704205588,22.502932842230216,16,12,Cafeteria,397.8831096939795,303.18827728165604,0
3963,87.99516115499075,22.49681979907832,1,17,Sports Complex,-554.0490385062125,-372.5475127288643,5
4311,87.99580510354848,22.497210905549576,25,17,Sports Complex,-487.8214225499118,-329.3146033962926,5
4774,88.00271945747262,22.49940335379437,20,22,other,223.2931079232823,-86.96137441664987,-1
3702,87.99559578104173,22.496392124425142,17,7,Sports Complex,-509.34943192530795,-419.82266889115436,4
3972,87.99545317721963,22.496911603844826,9,17,Sports Complex,-524.0156829022898,-362.399413839371,5
4765,87.99827086273483,22.50224851668873,15,19,other,-234.22763702812995,227.5429319259031,-1
3558,87.9950579629721,22.496311719611786,17,17,Sports Complex,-564.6619380916801,-428.71061695960327,5
4110,87.99514716272265,22.49629989246204,20,6,Sports Complex,-555.4880891066688,-430.01799009240483,4
3497,87.9950237077576,22.496129648749047,1,6,Sports Complex,-568.1849542756445,-448.8367301267138,4
3765,87.99589127683797,22.49634015529936,19,17,Sports Complex,-478.9588333670932,-425.5673360550332,5
430,87.99970418537184,22.499692612601383,26,16,Library,-86.81595327318227,-54.98670588956493,3
4484,87.99548247179041,22.496735700084464,15,18,Sports Complex,-521.0028497187346,-381.84381550970375,5
2321,88.00483552897987,22.502505776201847,22,13,Cafeteria,440.92286955116936,255.98039850577686,0
1366,87.99999317386512,22.499790353550388,13,10,Library,-57.094605629369,-44.18242138649717,2
1992,88.004734633383,22.50281529362239,6,19,Cafeteria,430.5461480549615,290.1944541726459,1
2851,88.00456957395477,22.503329301631705,3,19,Cafeteria,413.57042493009214,347.0128995223141,1
1176,87.99957676079646,22.500087412511824,28,11,Library,-99.92107749557083,-11.345523789318435,2
3528,87.9958716358261,22.496432517869444,28,7,Sports Complex,-480.9788353919251,-415.35757755807754,4
1476,87.99996976296285,22.50031592666941,25,15,Library,-59.5023262870448,13.91443119001238,3
3740,87.99637611012682,22.496633182106866,0,6,Sports Complex,-429.0956067602826,-393.1761527534571,4
2045,88.00410843757065,22.503125395390366,9,20,Cafeteria,366.14433322672426,324.47310360472164,1
102,87.99991432137087,22.499838508955214,23,15,Library,-65.20427936663124,-38.85932293698815,3
4331,87.99624060421989,22.49603983789889,26,6,Sports Complex,-443.0318646430544,-458.7644215029485,4
2992,88.00399051909827,22.503010684302325,26,13,Cafeteria,354.0168748924702,311.7929399325888,0
1263,87.99976983160172,22.49984210556771,15,10,Library,-80.0644926950747,-38.461753391895854,2
2881,88.0042255841484,22.50281961171509,2,12,Cafeteria,378.1924051864986,290.6717761396384,0
3138,88.00449165834485,22.50300659819784,3,20,Cafeteria,405.5571061191692,311.34126194271977,1
3622,87.99529091662865,22.4962673546832,13,18,Sports Complex,-540.7035564530281,-433.61471616529775,5
3203,88.0049761282477,22.50329201116075,28,12,Cafeteria,455.3829598835077,342.8908108627866,0
4278,87.99573546487552,22.49636278327607,4,7,Sports Complex,-494.983490439988,-423.06603950968906,4
3299,88.00425627109266,22.502958611723223,2,12,Cafeteria,381.3484385912421,306.0368370386534,0
4993,87.99362843776207,22.49463784902525,11,3,other,-711.6830711839546,-613.7402715953427,-1
3633,87.99533691715769,22.496702130934118,15,17,Sports Complex,-535.9725801437257,-385.5545493890146,5
1643,88.00470587439199,22.5030233385444,28,19,Cafeteria,427.58839717738215,313.19173985142123,1
4505,88.001473370606,22.50277480973917,2,11,other,95.13789822427755,285.7193657213133,-1
0,88.00012417853826,22.500194590269043,2,15,Library,-43.621282214186316,0.5019054936233402,3
1580,88.00464047298941,22.50318964794581,14,20,Cafeteria,420.8621161396945,331.5755810834229,1
4422,87.99560153076487,22.496385271730443,18,18,Sports Complex,-508.7580951614359,-420.5801657632579,5
4116,87.99497941894377,22.496279642018848,29,18,Sports Complex,-572.7398873025128,-432.25647408290797,5
1356,87.99986343888794,22.499820520277314,15,16,Library,-70.43734573128806,-40.84779139207065,3
4201,87.99648048054638,22.49628593819883,5,18,Sports Complex,-418.3615132039461,-431.56049434761894,5
4574,88.000019207084,22.49854409592848,5,0,other,-54.41718986229633,-181.943738912195,-1
3733,87.99553121936881,22.496041960554155,25,17,Sports Complex,-515.9893500181339,-458.5297831900656,5
2025,88.00397395259277,22.50347870812005,14,13,Cafeteria,352.3130739437576,363.5282927438409,0
2218,88.00452343825104,22.50293754126973,12,12,Cafeteria,408.8255464275483,303.7077091096256,0
396,87.99957171636773,22.499935300984333,29,11,Library,-100.43987745995987,-28.159932038192608,2
4941,87.9984206176698,22.498720205118765,13,17,other,-218.82592177996113,-162.4766290180922,-1
1064,87.99990938976465,22.49977616341941,1,14,Library,-65.71147597172768,-45.750998464980555,3
3080,88.0046388812214,22.50260436670005,28,20,Cafeteria,420.6984089626213,266.87859217730085,1
2153,88.0047479442611,22.50261268599525,26,13,Cafeteria,431.91512033149553,267.7982070684461,0
818,88.00002057099732,22.499860424561515,9,15,Library,-54.27691665732365,-36.436771816543896,3
1812,88.00338736101719,22.503085920112856,12,19,Cafeteria,291.9844015288466,320.1095064286775,1
2552,88.0042607966333,22.503238114728624,13,19,Cafeteria,381.8138729249607,336.9330992557566,1
1552,88.00457767382426,22.503112030955275,0,13,Cafeteria,414.403465146477,322.9957989497587,0
4047,87.99532430281394,22.49628054025186,21,7,Sports Complex,-537.2699165584155,-432.1571834058139,4
816,88.00006676256646,22.50020973512512,18,15,Library,-49.52629261328485,2.1760178845477895,3
1572,88.00485037949888,22.50279742889733,17,19,Cafeteria,442.45018793372816,288.21968746459436,1
4552,87.99619634595875,22.498634243329438,24,19,other,-447.5836554446718,-171.97884521036804,-1
1800,88.00454546296253,22.503340274271263,14,20,Cafeteria,411.0907027295731,348.22581509903875,1
4287,87.99582020372934,22.49572146556199,7,6,Sports Complex,-486.26842741249385,-493.9572996241711,4
381,87.99985015183864,22.500403895705887,0,16,Library,-71.80386730760837,23.63852848232824,3
2874,88.00406592961275,22.503212236450665,25,19,Cafeteria,361.7725543367144,334.0725144100986,1
4347,87.99498269921065,22.496605434868037,7,6,Sports Complex,-572.4025245541395,-396.24333253354496,4
4626,88.0015199847301,22.505490510689366,1,17,other,99.93198040863872,585.9129487561655,-1
3503,87.99565669369325,22.496349503006986,4,18,Sports Complex,-503.0848015548085,-424.5340404541833,5
2311,88.00498278475735,22.503041687576783,0,12,Cafeteria,456.0675561277032,315.2200418911684,0
1780,88.00451871621891,22.50294195815314,27,13,Cafeteria,408.3399037054226,304.1959514017814,0
2726,88.00450600539048,22.50301616622657,8,13,Cafeteria,407.0326442146141,312.3989118385561,0
2437,88.00418909911332,22.50314162650519,26,13,Cafeteria,374.4400605891169,326.2672910373378,0
2333,88.00431226279186,22.503056864356825,17,13,Cafeteria,387.10696806818714,316.89768315706425,0
864,87.99984680282738,22.499842684151577,26,11,Library,-72.14830014975712,-38.39779673103699,2
3638,87.99524981745935,22.49672465767152,28,7,Sports Complex,-544.9304468894065,-383.0644438364385,4
3164,88.00515386279199,22.50236642452534,6,12,Cafeteria,473.66226961965737,240.57646418484964,0
554,88.00008440066551,22.49966353226913,22,15,Library,-47.71228241599059,-58.201245816948486,3
1159,87.99991879215412,22.500138312805,7,10,Library,-64.74447661880535,-5.719005381753419,2
1213,88.00022373109424,22.4996501734563,1,11,Library,-33.382687273880975,-59.67792898709568,2
3760,87.99543746168935,22.49647258420288,11,7,Sports Complex,-525.6319643452008,-410.92864505997545,4
4213,87.99579236670239,22.49650657667896,28,7,Sports Complex,-489.13135785622893,-407.1711167540748,4
48,88.00008590457239,22.500191520069595,1,15,Library,-47.557611416867864,0.16252564668967295,3
2367,88.00424547498154,22.503216475643303,24,20,Cafeteria,380.2381003631103,334.5411147642823,1
700,87.99986931924487,22.500451087027447,16,14,Library,-69.83257378899083,28.855057167552545,3
652,87.99993277782737,22.500005221622075,24,11,Library,-63.30610427414269,-20.43090474220122,2
3933,87.99578381982042,22.496011915046747,25,6,Sports Complex,-490.010371575683,-461.85101357897474,4
4409,87.9953406727967,22.497099306640603,8,6,Sports Complex,-535.5863272120175,-341.6507467941249,4
3311,87.99539437052732,22.49666566783645,27,17,Sports Complex,-530.0637235216303,-389.58518020527515,5
748,87.99984712054925,22.499952719902307,24,16,Library,-72.11562368555106,-26.234444845368827,3
1455,87.99955980931021,22.50043684079948,27,11,Library,-101.66447222400451,27.280279128169127,2
4195,87.99565157238136,22.4962672388384,0,7,Sports Complex,-503.6115086539211,-433.62752164973244,4
2389,88.00451259353001,22.503381572634225,14,13,Cafeteria,407.7102088573863,352.7909361408908,0
3494,87.99561158291888,22.49627063536688,17,17,Sports Complex,-507.7242700408465,-433.2520693914767,5
866,88.00007146634768,22.499866049634235,21,14,Library,-49.04252692714983,-35.81497627801923,3
752,87.99975603168676,22.499637206077487,11,14,Library,-81.48376051967907,-61.11134304093255,3
1644,88.00402875639006,22.502707215200743,12,13,Cafeteria,357.9494323079485,278.24746544379195,0
92,87.99982448672652,22.50010913995104,29,11,Library,-74.4434247202515,-8.943772658501885,2
4824,87.99696658834056,22.502246084311317,27,3,other,-368.3672086592663,227.27405692654273,-1
3101,88.00439166726423,22.502990448163008,12,20,Cafeteria,395.2734106177997,309.55603709247436,1
2432,88.00434828219912,22.50306268633564,3,13,Cafeteria,390.8114246469981,317.54124469513215,0
2629,88.00454069692579,22.502884272900115,3,12,Cafeteria,410.60053430389365,297.8194235323037,0
1490,87.99986203546352,22.50037909851381,6,14,Library,-70.58168249920544,20.89744687027931,3
2895,88.00433438514352,22.503557019481256,6,19,Cafeteria,389.38216628490926,372.1848306116941,1
2177,88.00410143659656,22.503562312949157,28,20,Cafeteria,365.424310147175,372.7699705534107,1
729,87.99980542381864,22.50025187842246,24,10,Library,-76.40397098912456,6.834537972398778,2
4759,87.99583193074555,22.49695065103768,24,15,other,-485.06234919881524,-358.0831371413669,5
2471,88.00470412331917,22.503120689656708,12,19,Cafeteria,427.40830611800385,323.9529318060847,1
2242,88.00527085184572,22.503307091060545,20,13,Cafeteria,485.6941408445477,344.5577429862843,0
1936,88.00459299059828,22.50282075269529,12,12,Cafeteria,415.97873605229427,290.79790009085906,0
1745,88.00470592525012,22.503362474002063,22,19,Cafeteria,427.59362773952387,350.679773341705,1
4746,87.99900202646187,22.50439159144201,14,7,other,-159.0302785827128,464.43841515320617,-1
4373,87.99510621628555,22.49545220268907,17,7,Sports Complex,-559.6992716277776,-523.7216175966689,4
3491,87.99507026000188,22.49593341209981,6,7,Sports Complex,-563.3972361893995,-470.5287293334653,4
1110,87.9999523293998,22.50016288049784,1,11,Library,-61.295300747860075,-3.003292615209432,2
3337,87.99512696905103,22.496315526858616,0,7,Sports Complex,-557.5649300476655,-428.2897638949389,4
4032,87.99512526607,22.496667156086843,3,17,Sports Complex,-557.740075052448,-389.42066900671875,5
4471,87.9957424715194,22.496888674952977,14,7,Sports Complex,-494.26288424449217,-364.93397354428157,4
4157,87.99508982312477,22.4971835305939,21,6,Sports Complex,-561.3852447435595,-332.3406309965773,4
346,87.99963797891462,22.50031642696021,7,11,Library,-93.62503106361018,13.969733335327703,2
1185,88.00023519279699,22.50007903898929,4,16,Library,-32.203895522346244,-12.271132970131049,3
4006,87.99506967669481,22.49628790348387,15,18,Sports Complex,-563.4572270631525,-431.3432517392439,5
1515,88.00401812866976,22.50293661071489,29,12,Cafeteria,356.856412422906,303.60484557757945,0
4669,88.00524679907505,22.49989814184486,10,15,other,483.2204065074275,-32.267503315635935,-1
578,87.99963035343856,22.49996513843108,7,14,Library,-94.4092817523267,-24.86170067486455,3
1964,88.0043285890722,22.50265701950315,22,20,Cafeteria,388.7860627904964,272.6988330318479,1
75,88.00020547562609,22.499991089629425,6,16,Library,-35.26019149243203,-21.993055209718904,3
1429,87.99993079667503,22.500246362421404,11,14,Library,-63.50985812151385,6.224799215579608,3
3712,87.99463964069932,22.4969120230756,5,7,Sports Complex,-607.6847642092265,-362.3530720697497,4
4430,87.99525038269348,22.496285969469287,24,6,Sports Complex,-544.872314747425,-431.55703771136336,4
2751,88.0055798400342,22.50284852554731,6,20,Cafeteria,517.4723797056985,293.86791115333915,1
4952,88.00468907807937,22.50254792023249,24,4,other,425.86096145531036,260.6389996531595,-1
1846,88.00432839926852,22.50273565345653,13,13,Cafeteria,388.76654221629826,281.3910302383544,0
131,88.00001714074371,22.499788410836253,10,14,Library,-54.62970496041033,-44.39716900701754,3
178,87.9999338357917,22.50024957772454,24,11,Library,-63.19729673939107,6.580218824106083,2
2899,88.00447514027924,22.5028406637185,12,20,Cafeteria,403.85828702526373,292.99886459675946,1
4466,87.99594453080884,22.496729277306173,12,17,Sports Complex,-473.48186864839465,-382.5537894220392,5
4194,87.9951104275646,22.49695602494768,5,18,Sports Complex,-559.2661578826801,-357.48910513000425,5
2522,88.00459437369513,22.50310314129706,1,12,Cafeteria,416.1209822077164,322.0131361306855,0
1842,88.00471647426853,22.50297766157797,14,12,Cafeteria,428.6785534401329,308.14260798228736,0
2098,88.0045628587719,22.503235569294127,10,20,Cafeteria,412.8797943721072,336.65172692636463,1
3949,87.99587289865326,22.4961674634008,5,6,Sports Complex,-480.84895850839564,-444.65669852213244,4
2373,88.00484626906741,22.50298734332515,27,13,Cafeteria,442.0274459724234,309.21282831556107,0
604,88.00010335872581,22.499702647026783,1,14,Library,-45.762519315457396,-53.87750050575853,3
2627,88.00429428646684,22.503367574701493,24,19,Cafeteria,385.2581726405102,351.2436046565922,1
25,88.00002773064743,22.500272187154927,12,10,Library,-53.540574363848485,9.079465259233501,2
658,88.00004952119019,22.500320410948756,23,14,Library,-51.29950140839613,14.410123429123658,3
4977,88.0009324188573,22.50324630335169,26,12,other,39.50310529809152,337.8382696495529,-1
3317,87.99571523643122,22.49625927549681,2,18,Sports Complex,-497.06390761675,-434.5077894288616,5
3868,87.99577967382561,22.496836382710036,18,7,Sports Complex,-490.4367710894363,-370.7143580789931,4
173,88.0000852879937,22.499769397453875,3,16,Library,-47.621024147748926,-46.4989082950666,3
1611,88.00468295546314,22.503173482739477,26,20,Cafeteria,425.2312740815455,329.7886791754139,1
437,87.99965497463545,22.500116923292943,2,15,Library,-91.87708697966033,-8.083402044496353,3
331,87.99977568640713,22.500058304032816,24,15,Library,-79.46234862713351,-14.563175058917963,3
3100,88.00464619494495,22.50288016701544,26,20,Cafeteria,421.4505971136214,297.3655590404361,1
1454,88.00014137741141,22.499762770869797,0,15,Library,-41.85244470014553,-47.23141089903841,3
342,88.00006124164278,22.499862818773064,21,16,Library,-50.0940982380652,-36.172115671915535,3
3209,88.00411674175481,22.50280516608017,24,19,Cafeteria,366.9983864162367,289.07495565545497,1
4576,88.00162830709786,22.49839820644265,26,1,other,111.07251653656584,-198.07036267571405,-1
1088,87.99993523946354,22.499799990358905,25,11,Library,-63.05293452475072,-43.11716857298386,2
479,88.00027989372786,22.500101763071783,18,16,Library,-27.606577852882136,-9.759212891546554,3
727,88.00008689542634,22.499849894108564,6,16,Library,-47.45570592462827,-37.60080808569427,3
3783,87.99546428026329,22.496534121128654,1,18,Sports Complex,-522.8737778498881,-404.1263532849497,5
976,87.99988692342019,22.49994228340654,27,11,Library,-68.02205251557679,-27.38809508746982,2
3784,87.9946331227766,22.496420668228694,18,18,Sports Complex,-608.3551073245717,-416.66743684652914,5
2977,88.00456707320724,22.50376086939286,3,20,Cafeteria,413.31323272917183,394.71839984031965,1
1928,88.00462873507874,22.503480969358986,5,19,Cafeteria,419.6549174736704,363.7782500958861,1
1468,87.99970102923449,22.499544849174864,0,15,Library,-87.14054978019989,-71.32047505692718,3
1224,87.99995367808528,22.500490646797637,23,10,Library,-61.15659366876771,33.22799416439082,2
2856,88.00470615018355,22.50357701156392,9,20,Cafeteria,427.6167612719249,374.3947554292757,1
1952,88.0050195774047,22.503200827279,18,19,Cafeteria,459.8515374558625,332.81134457412924,1
4830,88.00448963202932,22.4989219717805,22,11,other,405.34870741251336,-140.17334222984482,-1
4500,88.00033927653037,22.49765172331776,0,1,other,-21.499286530436226,-280.58660730132544,-1
1892,88.004062712654,22.503030912469733,16,19,Cafeteria,361.44170258497684,314.0289615578432,1
1299,88.00008042445155,22.5000752768348,8,10,Library,-48.12122062696199,-12.687001527669821,2
2990,88.00441861732004,22.502596624272897,13,19,Cafeteria,398.0451195142692,266.0227442796412,1
4599,88.00353740448061,22.50238332266465,15,6,other,307.41579081144783,242.44438450388813,-1
660,87.99985658449827,22.499722135510765,2,15,Library,-71.14229317012244,-51.723243486372326,3
4577,87.9953842658692,22.49673312483712,9,21,other,-531.1029484862344,-382.12848335104013,-1
4073,87.99591524545669,22.497087500887524,1,7,Sports Complex,-476.4937537321547,-342.955754739492,4
2784,88.00464083649064,22.503058796172617,1,13,Cafeteria,420.8995008337246,317.11122607468735,0
4937,88.00239116061086,22.498883219695628,11,20,other,189.52904677276715,-144.45699769166026,-1
3827,87.99497235646939,22.497032224033607,29,7,Sports Complex,-573.4662354485209,-349.06605817150626,4
2714,88.00420822555931,22.502795613945946,16,12,Cafeteria,376.4071415065882,288.01906273842724,0
4657,87.99556773249064,22.49602271606468,7,22,other,-512.2341168077353,-460.65706905671686,-1
267,87.99964246465551,22.49995602854689,4,11,Library,-93.1636899809233,-25.868707273141922,2
4442,87.99494922984226,22.496691306403992,17,18,Sports Complex,-575.8447195081084,-386.75109294909566,5
4959,88.00304664318027,22.505425218428524,15,23,other,256.94289117468037,578.6955422426469,-1
3372,87.99512352233076,22.49679532650906,15,6,Sports Complex,-557.9194118827081,-375.25271053505776,4
3595,87.9953103793674,22.49667858827784,21,7,Sports Complex,-538.7018891275194,-388.156954613766,4
4316,87.99598229101689,22.49638406624189,5,17,Sports Complex,-469.5983774489376,-420.71342046775703,5
3722,87.99476408975784,22.49624700782169,11,6,Sports Complex,-594.8856603758549,-435.86385823674584,4
3406,87.99556754637463,22.49708283828188,15,18,Sports Complex,-512.2532581189231,-343.4711591673578,5
1278,88.00004801227912,22.49998455895004,10,14,Library,-51.454687069719824,-22.714956509016275,3
4640,88.00268905128672,22.4968663185556,24,23,other,220.1659494285319,-367.4052497103252,-1
3917,87.99605110522522,22.496267658414013,29,18,Sports Complex,-462.5211025530152,-433.5811417614312,5
2678,88.00439113053116,22.503379397072106,21,12,Cafeteria,395.2182096997827,352.55044950416936,0
1621,88.00460708796886,22.502973850011877,28,13,Cafeteria,417.4285960351174,307.72127746646856,0
4103,87.99571426006652,22.4965272780538,10,6,Sports Complex,-497.1643229462031,-404.8827867792485,4
2857,88.00438585226932,22.50320769437209,20,13,Cafeteria,394.675360905808,333.5704330444637,0
1896,88.004431283933,22.50330345314743,5,13,Cafeteria,399.3478316153213,344.1556080706779,0
3924,87.99558355827386,22.49715200419249,5,17,Sports Complex,-510.6064962767139,-335.82555940857594,5
3014,88.00471293202793,22.50352083478497,1,19,Cafeteria,428.31424770849145,368.18497428399775,1
4438,87.99549852932962,22.49672336441425,9,7,Sports Complex,-519.3513939814013,-383.2074004950823,4
67,88.00025088322447,22.500128984804427,21,10,Library,-30.59019580593777,-6.750122565076282,2
2042,88.00464581160449,22.50319139958872,2,12,Cafeteria,421.4111720311606,331.7692076905774,0
2580,88.0036405870323,22.50318890105132,27,19,Cafeteria,318.0277167553978,331.4930193665682,1
3782,87.99559909578782,22.49619849479969,3,6,Sports Complex,-509.00852312325407,-441.2264876887776,4
3790,87.99611946957369,22.496232302770093,0,17,Sports Complex,-455.4900940028214,-437.4893546403589,5
820,87.99987067788747,22.50010987530765,26,11,Library,-69.69284265724025,-8.862486338704372,2
1226,88.000010952868,22.500252865758853,19,16,Library,-55.26610401953172,6.943678137192535,3
2991,88.00430840570822,22.50310754921425,13,20,Cafeteria,386.710281949368,322.5003872967119,1
3132,88.0045084601829,22.502949433096084,5,13,Cafeteria,407.2851101109517,305.0222315947814,0
2743,88.00456635279362,22.502647787262116,22,12,Cafeteria,413.23914097721604,271.6783011079622,0
4457,87.99526025134746,22.495682375638243,7,18,Sports Complex,-543.8573618949412,-498.2782997950435,5
4269,87.99496538852537,22.49642529855602,9,7,Sports Complex,-574.1828615125912,-416.1556004640107,4
3349,87.99563568795767,22.49642687871492,27,6,Sports Complex,-505.24516012990193,-415.9809296990385,4
1143,88.00003139411336,22.49983697777785,14,15,Library,-53.16380107671324,-39.02857928285506,3
397,88.00033846809355,22.500399661792628,5,14,Library,-21.582431127646444,23.17051171066737,3
2906,88.0042978714403,22.503005521387028,22,12,Cafeteria,385.62687328033854,311.22223127565144,0
4301,87.99553337259603,22.496383316980538,25,17,Sports Complex,-515.7678989358922,-420.7962438177625,5
2759,88.00416165853878,22.503263234556623,15,13,Cafeteria,371.61790374046865,339.70984504276834,0
1398,88.00030010347699,22.49992813812015,10,15,Library,-25.528083402505036,-28.951715044945487,3
1659,88.00425856450653,22.50294070551492,6,19,Cafeteria,381.5843073283839,304.0574847728646,1
979,88.00019010366404,22.50017322965576,12,11,Library,-36.84113827292769,-1.8592966985389836,2
1298,88.00006684807852,22.499910092581885,1,10,Library,-49.51749802939568,-30.946468844808805,2
3555,87.99554331412489,22.496029876713298,14,18,Sports Complex,-514.7454511838431,-459.86553095847717,5
82,88.00036947351118,22.49974604454525,25,15,Library,-18.39364396853258,-49.08033881433745,3
4507,87.99952837102325,22.50201299981425,8,8,other,-104.89777831753649,201.50889662097205,-1
2458,88.00426297721391,22.502580246725632,9,20,Cafeteria,382.03813719789224,264.21237020496557,1
3739,87.9951069798629,22.49622088007593,7,7,Sports Complex,-559.6207406540033,-438.75201925293925,4
3781,87.99544092534191,22.496293701805985,8,18,Sports Complex,-525.2757410896648,-430.7023052127619,5
2288,88.00451180173803,22.50296365535246,5,12,Cafeteria,407.62877611827406,306.59435981450287,0
423,88.00024289273775,22.500059811716028,27,10,Library,-31.41198642816368,-14.396515756657493,2
4339,87.99557048809555,22.4963259206634,24,17,Sports Complex,-511.9507135116963,-427.1408327143164,5
1904,88.00464719864698,22.50313777003329,3,12,Cafeteria,421.5538239807722,325.8409966336052,0
4538,88.0010053399245,22.495885003771548,4,2,other,47.00275472778959,-475.8797859394886,-1
3352,87.99594436464191,22.49609190903501,12,18,Sports Complex,-473.49895827351423,-453.0084781165085,5
3102,88.00459622795742,22.50295848522642,11,19,Cafeteria,416.3116859054139,306.0228540819235,1
1565,88.00467370483233,22.503216367963123,6,12,Cafeteria,424.2798825187621,334.52921179724706,0
3355,87.99544974644395,22.49612538780797,9,18,Sports Complex,-524.368524897655,-449.30773455320275,5
839,87.99994650278894,22.49983491971513,11,14,Library,-61.894545115607215,-39.256077535852754,3
500,88.00023154438688,22.499831205431256,9,15,Library,-32.579120376900136,-39.666654475311844,3
141,88.00032678568857,22.50035305513885,7,15,Library,-22.78392124791947,18.01861220193892,3
1377,88.00025997617185,22.499833055110884,1,16,Library,-29.655021373497462,-39.46219088931656,3
3697,87.99512258972669,22.49650397946808,1,18,Sports Complex,-558.0153266001782,-407.4582124447654,5
2144,88.00472679881582,22.502809821533244,19,13,Cafeteria,429.74039315487994,289.5895694384192,0
1138,88.00014935001747,22.49974186902412,17,10,Library,-41.03249303517154,-49.54190092011771,2
2927,88.0044326856961,22.503036099176317,28,19,Cafeteria,399.4919975229119,314.60230010366354,1
1787,88.00438760380965,22.503210208095844,19,19,Cafeteria,394.8555000466459,333.84830006818606,1
3484,87.99554045885854,22.496944860534803,3,18,Sports Complex,-515.0391042725731,-358.7232193292151,5
550,88.00002164744687,22.500206274566168,27,14,Library,-54.166207988851866,1.7934876977659542,3
4906,88.0043530319788,22.50595525881364,21,17,other,391.29992109684804,637.2862064132779,-1
2019,88.00457855169591,22.50266402554329,29,13,Cafeteria,414.4937508474266,273.47328070882907,0
948,87.99998860349591,22.499804058583603,19,16,Library,-57.56465040769272,-42.667467014915346,3
2600,88.00436309128595,22.50286587106461,4,20,Cafeteria,392.3344818909532,295.7852846356608,1
532,87.99998348005033,22.50011908944234,13,16,Library,-58.091576948435346,-7.843955890180396,3
1829,88.00436612125398,22.50294380874606,18,20,Cafeteria,392.64610237132297,304.4005159431355,1
2917,88.00454376146953,22.503152600929997,9,19,Cafeteria,410.91571076320366,327.48040395551806,1
4418,87.99551529863895,22.496464756444517,11,6,Sports Complex,-517.626735443732,-411.7939254694521,4
3871,87.99584803255586,22.496200565309223,14,6,Sports Complex,-483.4063403512916,-440.997613564835,4
1602,88.0042113403152,22.503374122039865,13,13,Cafeteria,376.7274820897461,351.9673474403213,0
639,87.99967623030699,22.49963311868356,29,11,Library,-89.69102345822883,-61.56316356585499,2
4832,87.99344522857147,22.50033879879258,16,15,other,-730.5254270971546,16.442715685381657,-1
967,88.00045023510823,22.50000948445886,11,11,Library,-10.08762640064454,-19.95969076390061,2
4237,87.99540809851925,22.496647268296883,6,7,Sports Complex,-528.651852703219,-391.61906530896886,4
2697,88.00422318559407,22.50254210316857,26,20,Cafeteria,377.94572316031656,259.99598140720957,1
1683,88.00461396761104,22.50315035098036,11,12,Cafeteria,418.1361405962259,327.2316945225163,0
4470,87.99519744939022,22.496876386694048,26,6,Sports Complex,-550.3163000439994,-366.2923176863502,4
2342,88.00413721364745,22.50223642513511,14,13,Cafeteria,369.10384131225896,226.20633158858539,0
155,87.9998214121455,22.499926149647465,21,11,Library,-74.75963347525673,-29.171520815663143,2
2487,88.00398602893523,22.50324178622392,5,19,Cafeteria,353.5550790089849,337.338946345802,1
4641,88.00484304499923,22.497153479668263,5,14,other,441.6958630428407,-335.6624603165666,-1
1089,87.99995091253773,22.499984118856347,5,15,Library,-61.441019526702874,-22.763604465845333,3
2655,88.0050346013761,22.50321033273744,9,20,Cafeteria,461.3966947453753,333.8620779500778,1
4240,87.99535260441783,22.496308841863524,9,7,Sports Complex,-534.3592061748942,-429.0287232524747,4
288,88.00007024796693,22.50007979362761,9,11,Library,-49.167832669576235,-12.187715250453053,2
930,87.99986120011833,22.500141151481472,5,14,Library,-70.66759451778849,-5.405218084477781,3
2535,88.00447476062783,22.50361126368745,22,13,Cafeteria,403.81924134758174,378.18098516432224,0
4028,87.9959042491462,22.496051478159497,22,17,Sports Complex,-477.6246816914629,-457.47770709555334,5
3371,87.99555019617074,22.49685913060434,1,18,Sports Complex,-514.0376594134697,-368.19980584279966,5
4621,87.99706448845507,22.50463222821652,15,2,other,-358.2985609262123,491.03840420756916,-1
3291,88.00476768610291,22.502815919170796,8,12,Cafeteria,433.9454923263598,290.2636022934411,0
942,88.00016255029449,22.499676934326224,27,16,Library,-39.67489565134376,-56.719782425545446,3
3859,87.99579398058891,22.496506380849,8,6,Sports Complex,-488.96537587570594,-407.19276379807695,4
4662,88.00693068212772,22.497034407603937,17,17,other,656.4012589056933,-348.82468630714277,-1
1698,88.00432389345448,22.50242184926308,0,20,Cafeteria,388.3031366883741,246.70311469440904,1
4708,87.995278540407,22.49920089860846,27,7,other,-541.976402931883,-109.34077066715354,-1
3200,88.00463912683831,22.50305196604889,29,19,Cafeteria,420.7236697115711,316.3562241979002,1
4601,88.00461418259908,22.49975396203774,5,12,other,418.1582512846552,-48.205139194583,-1
4608,88.00474619044424,22.49635958450959,17,7,other,431.7347470577141,-423.4196311562073,-1
985,87.9997104088277,22.500214896971745,27,11,Library,-86.17589493408224,2.7466084102569965,2
3318,87.99592125231909,22.496263046088124,9,17,Sports Complex,-475.87597119068465,-434.0909882651273,5
2867,88.00450057222368,22.502963468061992,13,19,Cafeteria,406.4738640445284,306.57365672621665,1
4056,87.99496916810881,22.49648268670004,21,6,Sports Complex,-573.79414598965,-409.8119150238425,4
4777,88.00549405553659,22.50457766356587,23,20,other,508.64977626193433,485.0068277246922,-1
981,88.00010636439045,22.500429844476557,15,11,Library,-45.45339834460353,26.50690559218674,2
2492,88.00454238730822,22.502630984091777,14,19,Cafeteria,410.7743835924099,269.82087865862445,1
3792,87.99572400931645,22.496583256304724,26,7,Sports Complex,-496.16165033788906,-398.694950922163,4
3548,87.99574089089877,22.49625456265946,1,7,Sports Complex,-494.42544495688435,-435.0287464697928,4
2942,88.00455046252186,22.50323481454065,9,19,Cafeteria,411.6048880503774,336.56829647715875,1
3527,87.99631291322885,22.496309879474868,20,17,Sports Complex,-435.59516303402637,-428.9140256944646,5
3845,87.99582365263194,22.4963704871856,25,7,Sports Complex,-485.91372113299934,-422.21444935006133,4
1457,88.00009528959622,22.4999408611782,4,15,Library,-46.59239805237693,-27.545308208221044,3
1395,88.00004617007647,22.50098155942661,25,11,Library,-51.644150479728935,87.49347617101044,2
264,87.99993685796215,22.499938484377967,11,15,Library,-62.88647820860081,-27.808039705886713,3
4095,87.99508922936262,22.496219938645467,11,7,Sports Complex,-561.4463108820306,-438.8560849764576,4
929,87.99998356243474,22.499916480692256,10,10,Library,-58.08310403152753,-30.240327124360107,2
4871,88.00177704563302,22.49487107571803,23,20,other,126.36969899982851,-587.9593929752663,-1
2692,88.00435881935351,22.503143058775464,9,19,Cafeteria,391.8951301793598,326.4256141934189,1
246,87.99988126367221,22.500243799407446,20,16,Library,-68.60413568262776,5.941483652716144,3
3589,87.99524506339037,22.496460456606915,17,6,Sports Complex,-545.4193844776595,-412.2692295180233,4
1758,88.00459641289572,22.502759672047333,12,19,Cafeteria,416.33070609364967,284.0460452657584,1
4865,87.99488522497273,22.499777174433746,9,0,other,-582.4273725285248,-45.63924094015334,-1
2810,88.00438223149199,22.50355434930866,15,12,Cafeteria,394.3029779756509,371.8896697330393,0
923,87.99982496979626,22.499989130762547,24,15,Library,-74.39374286774886,-22.209588354466305,3
2880,88.00478410418924,22.50281002675212,4,20,Cafeteria,435.6340289389632,289.61225433283767,1
268,87.99988998887832,22.500030801201696,22,15,Library,-67.70678201549126,-17.60333801093097,3
669,88.00027287671298,22.500116589593613,23,14,Library,-28.328250665214725,-8.120289168379529,3
4475,87.99523061675686,22.496583813446072,17,17,Sports Complex,-546.905164800909,-398.6333645175365,5
1910,88.00441371857974,22.502999832080107,23,20,Cafeteria,397.54130304104115,310.59333528863874,1
2985,88.00435287566177,22.503181477007598,9,19,Cafeteria,391.28384449567085,330.67236557343966,1
1152,87.99984025956307,22.500127698022133,12,11,Library,-72.82124954971673,-6.892363479762622,2
4817,88.00118228466036,22.495696309570636,16,5,other,65.20083572537796,-496.7380429082457,-1
3455,87.99586911721998,22.49615526885621,13,7,Sports Complex,-481.23786428033907,-446.00468348092755,4
4241,87.99565677575647,22.496004937946022,25,17,Sports Complex,-503.07636166997156,-462.6222622930859,5
4549,88.00508295194756,22.49796886972279,17,2,other,466.3693638190115,-245.52924368918653,-1
2172,88.00430655471354,22.50303950870657,25,13,Cafeteria,386.5199143132745,314.9791895780039,0
4515,88.00030802030213,22.500381856339704,19,21,other,-24.71386858876039,21.202296944489873,-1
1915,88.00465768385632,22.502984802403024,6,20,Cafeteria,422.6321871657641,308.93195478384706,1
612,88.00006999215658,22.500010229793848,26,14,Library,-49.19414177352817,-19.877301434479833,3
2406,88.00417100874759,22.50300998574836,5,12,Cafeteria,372.5795365152923,311.7157217773093,0
4205,87.99505645315908,22.496581076825063,17,17,Sports Complex,-564.8172165149393,-398.9358706039601,5
1898,88.00460476504236,22.502612854190165,12,20,Cafeteria,417.18969203782234,267.81679933443564,1
1649,88.00424994938808,22.503025556102436,7,20,Cafeteria,380.6982757517477,313.43686871690227,1
2607,88.0038084161356,22.50279269574381,10,20,Cafeteria,335.288290238532,287.6964846744189,1
258,88.00011095485704,22.5004030695645,3,15,Library,-44.98128662913149,23.54720681327791,3
847,88.00061382503497,22.499784306058988,26,16,Library,6.73696418612712,-44.850911085863814,3
4251,87.99553701963424,22.49628414446152,19,18,Sports Complex,-515.3928151761168,-431.7587740700402,5
1233,88.00064492733442,22.499780046411622,19,16,Library,9.935715263854313,-45.321772505646294,3
1127,87.9998114310375,22.50017447581813,5,10,Library,-75.78615178806274,-1.721545910188027,2
1967,88.00427540658924,22.50341940045936,20,13,Cafeteria,383.3164503273613,356.9724239313573,0
558,88.00009861303559,22.50006564033225,21,16,Library,-46.250595180420234,-13.752220519612237,3
3905,87.99560990791088,22.49649181211392,8,18,Sports Complex,-507.8965381292477,-408.803191773684,5
484,87.99981091231368,22.500238281261343,11,16,Library,-75.83950052489185,5.331507782422946,3
1320,88.00001416248122,22.499930279151464,25,11,Library,-54.93600772606027,-28.715045443592118,2
3404,87.99495835057206,22.496830475194088,28,17,Sports Complex,-574.9066877613458,-371.36737489193166,5
7,88.00019185868229,22.50023882630214,5,10,Library,-36.66064144128285,5.391756592263945,2
3279,88.00421584688557,22.50250007424308,25,13,Cafeteria,377.1909654047553,255.35010398373018,0
3189,88.00434938803694,22.502998761227467,29,13,Cafeteria,390.92515578576194,310.4749632377757,0
1450,88.00007720825315,22.50030149862914,12,11,Library,-48.45199418092423,12.319555618558198,2
3980,87.99553057509885,22.496559915500317,18,6,Sports Complex,-516.0556106890749,-401.27504344136446,4
1814,88.00450012538913,22.5034747441888,28,20,Cafeteria,406.4279088412937,363.09011978357444,1
773,88.0002431386124,22.50000853810437,26,11,Library,-31.386699171419085,-20.06430078921234,2
1011,88.00004939990117,22.500136816199344,15,16,Library,-51.31197551447366,-5.884440170901826,3
2818,88.00423870850705,22.502807441143183,27,20,Cafeteria,379.5421946589687,289.32644112106925,1
3275,88.00439043117588,22.5025062851146,16,19,Cafeteria,395.1462837166506,256.0366537213763,1
1991,88.00480091169362,22.5030982964376,25,19,Cafeteria,437.36261569007854,321.47758536584746,1
1277,88.00009832945985,22.49993962563853,9,16,Library,-46.27975984777987,-27.68188476340633,3
1783,88.00449931571957,22.5029920792436,14,12,Cafeteria,406.3446374620818,309.7363367412529,0
3105,88.00434981909859,22.502931858665928,22,12,Cafeteria,390.96948880754155,303.07955408528335,0
446,88.00009164956153,22.50009427509848,16,11,Library,-46.96676152710055,-10.586933460431922,2
880,88.00063173310647,22.49975906026845,12,16,Library,8.578740004245756,-47.641580772042076,3
4459,87.99529192579716,22.496125336114943,8,17,Sports Complex,-540.5997673785987,-449.31344870057586,5
781,87.99966616391032,22.49983060883692,12,10,Library,-90.72631338111215,-39.73260201327953,2
1749,88.00467965440222,22.50280412212683,19,13,Cafeteria,424.89177274737074,288.9595570532763,0
3388,87.99574613883983,22.496713582252,21,17,Sports Complex,-493.88571453742975,-384.2887207103942,5
4881,87.99996291852378,22.50170908768288,16,4,other,-60.20625034552542,167.91444961911884,-1
883,88.00026104021927,22.49998783691211,20,10,Library,-29.54558821562048,-22.35261058192087,2
2944,88.00465297116958,22.50319620715817,2,12,Cafeteria,422.1475055802935,332.30063641759074,0
1091,87.99999069444087,22.499885674586228,25,16,Library,-57.3496048141359,-33.645634084782685,3
4783,88.0053230187428,22.49983397626144,0,7,other,491.0593042319868,-39.360366906973,-1
531,87.99958461998443,22.499756613450074,12,10,Library,-99.11279044120832,-47.912052075168106,2
4022,87.99591942899929,22.496112779545022,3,17,Sports Complex,-476.0634925733254,-450.70145193961207,5
4421,87.99567939026994,22.495842356669336,17,6,Sports Complex,-500.75054651735024,-480.5939966180425,4
4098,87.99616522716461,22.49611354909017,13,17,Sports Complex,-450.78410293795633,-450.61638641919217,5
1727,88.00441035388377,22.503095235884075,1,19,Cafeteria,397.19525708770107,321.13927177926115,1
610,88.0001635914141,22.499863971499472,9,14,Library,-39.56782053112904,-36.04469329471456,3
570,88.00000460459479,22.500241349371148,0,11,Library,-55.91899933956809,5.670656640303733,2
2671,88.00415131795496,22.502389531354964,7,12,Cafeteria,370.55441473139774,243.1306931313796,0
3718,87.99535995811856,22.496394800713297,13,18,Sports Complex,-533.6029065271044,-419.5268319985398,5
343,87.99987326420616,22.500023211225287,3,16,Library,-69.42684979392175,-18.44233400319844,3
3000,88.0044624122453,22.503068045726778,18,13,Cafeteria,402.5492580145594,318.1336717916241,0
3139,88.00470398153904,22.50357394351694,29,19,Cafeteria,427.39372458012787,374.0556135162018,1
434,88.00037558926303,22.500661085836757,11,11,Library,-17.764662569965697,52.068325548759375,2
1903,88.00492841823313,22.50389453804813,9,13,Cafeteria,450.4761696060457,409.4941329938388,0
3804,87.99527976818283,22.49642889101485,7,6,Sports Complex,-541.8501309418261,-415.75849006474937,4
4776,87.99889899922844,22.499632584606992,5,6,other,-169.62623064483446,-61.62220038946984,-1
2069,88.00452521176271,22.50324050797148,0,12,Cafeteria,409.0079452362169,337.19764832099776,0
1537,88.00463123232329,22.502971482118355,15,20,Cafeteria,419.9117494071039,307.4595305165303,1
2252,88.00451271849602,22.503065746404463,19,13,Cafeteria,407.72306112740245,317.87950470294953,0
2346,88.00506564301638,22.50294238625981,15,19,Cafeteria,464.5892072632249,304.24327431309575,1
1517,88.0047508905402,22.503333151842597,28,12,Cafeteria,432.2181337292992,347.4385018342542,0
965,88.00036002930386,22.50022182270932,26,16,Library,-19.364944126020415,3.5121794419438856,3
4406,87.9958700995505,22.4965270773056,25,17,Sports Complex,-481.1368353897791,-404.904977485308,5
528,88.00006493062543,22.50005241485382,3,16,Library,-49.71470065586427,-15.214164905236345,3
176,88.00000325047297,22.500304289630208,12,15,Library,-56.05826552603088,12.628072876766225,3
3482,87.9956857805543,22.49587384566333,15,7,Sports Complex,-500.0933305129985,-477.1132032219862,4
2543,88.00419813224565,22.503155854359477,16,19,Cafeteria,375.36908327518245,327.84003805019296,1
4935,88.00016710300804,22.497351604670563,29,13,other,-39.20666668984552,-313.76172256239965,-1
572,88.00008173184344,22.50002216439774,12,10,Library,-47.98676043361922,-18.55805032008206,2
2299,88.00428646264976,22.50219344241006,15,13,Cafeteria,384.4535233450767,221.45502116171912,0
3508,87.99558959200125,22.49546858352325,26,18,Sports Complex,-509.98595077592637,-521.9108801861433,5
2459,88.00498389901517,22.50280248803591,17,20,Cafeteria,456.1821532311213,288.7789246432348,1
3609,87.9952302152293,22.495895825113315,6,18,Sports Complex,-546.946460355623,-474.68359482050334,5
4554,87.99330758799123,22.498493030122827,24,2,other,-744.6812278663283,-187.5885530691212,-1
2208,88.00406500732048,22.50328162729275,11,20,Cafeteria,361.6777001473412,341.74297809424985,1
4720,87.99734333006016,22.495539061345443,6,11,other,-329.62078144620943,-514.1202617210832,-1
2755,88.00424561408302,22.50306379382286,14,12,Cafeteria,380.25240641108905,317.66366633264425,0
383,87.99986856124458,22.49985188393521,25,11,Library,-69.91053118331098,-37.38085264818302,2
852,87.99984065321817,22.5001708923308,16,16,Library,-72.78076364685265,-2.117664599742568,3
1880,88.00433196293646,22.50366640667451,17,12,Cafeteria,389.1330516668874,384.2764909537502,0
370,88.00000612754357,22.49972357383288,12,11,Library,-55.76236995415618,-51.56425135971034,2
2378,88.00458869722024,22.50259836779373,12,20,Cafeteria,415.5371787436853,266.2154730725747,1
4323,87.995945269494,22.49615802474885,15,17,Sports Complex,-473.4058977397661,-445.70004710836884,5
1105,87.99974002351821,22.499953868660587,23,16,Library,-83.13013867482252,-26.1074611051405,3
3413,87.99516535250397,22.496352101053343,29,6,Sports Complex,-553.6173405231847,-424.2468524098137,4
3946,87.99554852226,22.49660151323107,20,18,Sports Complex,-514.209814652648,-396.6768302838952,5
1336,87.99984664933412,22.500476034147397,19,10,Library,-72.16408633734015,31.612711806855316,2
2189,88.00469368888135,22.5028400097001,24,13,Cafeteria,426.3351645871199,292.92656940278744,0
4594,88.00399302225176,22.49868874867452,29,20,other,354.2743145379619,-165.95382436483186,-1
2319,88.00455789031082,22.502890826000375,3,12,Cafeteria,412.36880738620516,298.5438032350181,0
4705,87.99808652877003,22.4971165332488,16,8,other,-253.18567161305097,-339.7465175240498,-1
3710,87.99534640250334,22.496757479300275,18,7,Sports Complex,-534.9970490677186,-379.4363409940255,4
4848,88.00670641103196,22.49562893021342,15,1,other,633.3358450275628,-504.1861570548424,-1
1171,88.000070297856,22.50014550664177,24,11,Library,-49.16270177218285,-4.923798665313868,2
4325,87.99525273357474,22.497403102164544,17,17,Sports Complex,-544.6305357118165,-308.0691895777239,5
2694,88.00419093541119,22.503236368807247,28,19,Cafeteria,374.6289167152965,336.7401051067154,1
1422,87.99990876181761,22.49995132567597,14,11,Library,-65.77605789410283,-26.388562624764305,2
2341,88.00486844127978,22.50293173760325,15,13,Cafeteria,444.3077721693222,303.06617181704206,0
2651,88.00447015986849,22.50314225489433,15,13,Cafeteria,403.3460710624648,326.3367531726587,0
4155,87.99507528782395,22.49646010120651,20,7,Sports Complex,-562.8801441559734,-412.3085154789018,4
1464,87.99985486913755,22.50030577076677,4,11,Library,-71.31871137920317,12.791797712214148,2
874,87.99999171825678,22.500279349703977,11,14,Library,-57.244309311537265,9.871213431205703,3
3339,87.99528537583764,22.496400009708168,24,18,Sports Complex,-541.2734053556867,-418.9510297054997,5
4340,87.99543239567132,22.496750092416512,16,18,Sports Complex,-526.1529846856107,-380.2528871251268,5
1251,88.0002083822404,22.500393254931303,2,16,Library,-34.96125746403496,22.462297259897213,3
2348,88.0045200286376,22.50309953544036,7,13,Cafeteria,408.47488088626284,321.6145447309318,0
840,87.99998763407258,22.50017470710505,24,11,Library,-57.664351843370824,-1.6959794542163564,2
4568,87.99601967915162,22.497651295802072,12,8,other,-465.7531525494738,-280.63386488535,4
581,87.99989617802153,22.50015030168723,12,10,Library,-67.07025259946242,-4.393754339843454,2
204,87.99965558265801,22.500102454664237,21,16,Library,-91.81455421344265,-9.682764261635413,3
1641,88.00455844147454,22.50302942337614,22,13,Cafeteria,412.4254924411148,313.8643571522339,0
2014,88.00511585248391,22.50307693853536,3,12,Cafeteria,469.7530566004824,319.11668285247055,0
905,88.00001160913703,22.50033511526295,9,11,Library,-55.19860928994904,16.035538320009692,2
631,88.00038238757986,22.500004904164424,6,11,Library,-17.065482005138406,-20.465996510973454,2
3364,87.99570036499414,22.49682122025269,0,7,Sports Complex,-498.5933773428177,-372.39041611388575,4
1974,88.00438206887489,22.502716252240777,6,13,Cafeteria,394.2862534366871,279.2464198491097,0
162,88.00028964889475,22.49946953627525,29,10,Library,-26.603296708206216,-79.64556298031269,2
3172,88.00426924013817,22.503068283787965,9,13,Cafeteria,382.6822547094967,318.15998707520896,0
3612,87.99573175906389,22.49640179990269,14,6,Sports Complex,-495.3646188188106,-418.75314160319,4
4675,87.9998509437557,22.500082565328388,12,19,other,-71.72242170409683,-11.881331446427978,-1
617,88.00018144165597,22.499751412656348,14,10,Library,-37.7319922659121,-48.48694781367833,2
4068,87.995380880831,22.496572772023587,19,18,Sports Complex,-531.4510865603701,-399.85388335909994,5
1431,88.00020393430313,22.499886115118493,15,15,Library,-35.41871059115785,-33.596937648221825,3
547,87.99994923865349,22.499997674919715,25,11,Library,-61.61317204012507,-21.26511722106649,2
3334,87.99565914653876,22.49621989735144,11,7,Sports Complex,-502.8325358911939,-438.86064961808904,4
4546,88.00136841724839,22.503465260586783,7,5,other,84.34385174577346,362.04180241656354,-1
4223,87.99508492744029,22.496344767440057,12,18,Sports Complex,-561.8887469378474,-425.0575100224945,5
2387,88.00477044963284,22.502827888719036,0,12,Cafeteria,434.22971068045325,291.58671615585496,0
4243,87.99597346566073,22.49693320833701,20,17,Sports Complex,-470.5060311605988,-360.011253273484,5
3995,87.9957013748536,22.496615038822323,6,17,Sports Complex,-498.4895172072708,-395.18171142676346,5
4065,87.9955690596943,22.49675120854733,6,6,Sports Complex,-512.0976190496405,-380.1295100245061,4
1861,88.00424334423862,22.503449188850155,28,19,Cafeteria,380.0189617026747,360.26523264973036,1
640,87.99991605382517,22.500041190210307,11,10,Library,-65.02610314867597,-16.454936999003493,2
3902,87.99586476670196,22.49636888201324,7,18,Sports Complex,-481.6852982151931,-422.39188510287414,5
637,88.0000183294918,22.500387255037875,24,16,Library,-54.50744682223124,21.799069040331815,3
4262,87.99587424929724,22.496768778182236,14,7,Sports Complex,-480.71005000397065,-378.1873625819894,4
3910,87.99515050036474,22.49621516522533,19,17,Sports Complex,-555.1448255393215,-439.38373883844395,5
2986,88.00479422116955,22.503041730650956,23,12,Cafeteria,436.67452119304795,315.22480331031386,0
2096,88.00412277483382,22.50309525852834,7,13,Cafeteria,367.6188652331933,321.14177487632855,0
4611,88.00214805762504,22.49969455711738,1,10,other,164.52684591428925,-54.771759091244405,-1
3075,88.00431050247968,22.502698892171065,6,20,Cafeteria,386.92592677663947,277.3274377430983,1
3674,87.99511344186025,22.496393366258182,10,18,Sports Complex,-558.9561492448925,-419.68539666691765,5
2841,88.00421809047413,22.50285079893799,6,19,Cafeteria,377.4217098009335,294.1192117588286,1
921,87.99974337117514,22.500292397498107,17,16,Library,-82.78584512099951,11.313516594388062,3
546,88.00014426803179,22.50000005176623,6,10,Library,-41.55515558586277,-21.00238060747685,2
3666,87.99565778431773,22.496575062143616,18,6,Sports Complex,-502.9726350497014,-399.6007334910265,4
1900,88.00428135307027,22.503383606312283,28,20,Cafeteria,383.9280228775077,353.0157389134172,1
2028,88.00441730837018,22.50347778491673,10,12,Cafeteria,397.9104990888559,363.42624184884664,0
2301,88.00436390834531,22.503163164904308,16,20,Cafeteria,392.41851328256297,328.6481456757929,1
1885,88.00443619504892,22.50312951106957,7,20,Cafeteria,399.8529208733881,324.9280507838947,1
1642,88.00487780413842,22.503376099676142,19,19,Cafeteria,445.27070592923275,352.18595535437663,1
3509,87.99510826241523,22.497061657254303,18,18,Sports Complex,-559.488835112294,-345.81250995574146,5
4809,88.0052056980696,22.49627858383471,10,20,other,478.99332722950163,-432.3734457576799,-1
2097,88.00444562960983,22.502911143540118,23,12,Cafeteria,400.8232289346015,300.7897040782177,0
4357,87.99514990531704,22.496299834002567,13,18,Sports Complex,-555.2060238923063,-430.02445220262837,5
3788,87.99513911288135,22.49604861336572,11,7,Sports Complex,-556.315984117268,-457.79438139979567,4
4494,87.99599667254468,22.49613436671428,10,18,Sports Complex,-468.1192929972751,-448.31520624988957,5
4967,87.9955369626432,22.50144497249656,21,4,other,-515.3986764840513,138.71915692344453,-1
836,88.00038762512321,22.500125166430344,21,15,Library,-16.526820950199603,-7.172205636177722,3
601,87.99976945866895,22.49977448711141,8,15,Library,-80.10284738702467,-45.93629755119849,3
2184,88.00535226591789,22.503057699409485,8,12,Cafeteria,494.0672629525995,316.98998987809057,0
3865,87.99531805804901,22.4967075689176,25,17,Sports Complex,-537.9121664535991,-384.95343469489427,5
2481,88.00479644054296,22.50258316394708,15,13,Cafeteria,436.9027751558202,264.5348398637742,0
4307,87.99540914114738,22.496377540127806,21,17,Sports Complex,-528.5446224370629,-421.434817118679,5
1582,88.00450650761665,22.50331862993436,0,19,Cafeteria,407.0842962318873,345.83325009765923,1
4266,87.99618724349175,22.49686154098222,1,18,Sports Complex,-448.51980893360354,-367.9333626718019,5
2533,88.00454734529158,22.50305283149281,11,13,Cafeteria,411.2842929853744,316.4518903687281,0
2725,88.0041651901711,22.50319457330178,5,13,Cafeteria,371.9811184506222,332.1200299323673,0
1070,87.99998826985528,22.50000955949874,17,10,Library,-57.59896405451205,-19.951395855752097,2
1775,88.0039392502717,22.50360398862208,15,19,Cafeteria,348.74407457992464,377.37679943816113,1
4808,88.00216089084627,22.503575718952057,13,22,other,165.8466930312412,374.2518701139529,-1
1283,88.0002391755792,22.49973948889694,9,11,Library,-31.794281793029473,-49.80500017876814,2
3050,88.0041985308422,22.503160315891662,8,20,Cafeteria,375.4100773875864,328.3332158179752,1
4753,88.00558430656811,22.49818107177347,13,13,other,517.9317454249476,-222.07242900706115,-1
1836,88.00447828071279,22.50279938878057,16,12,Cafeteria,404.1812684567918,288.4363329578125,0
4242,87.99566002868418,22.49675304892712,24,7,Sports Complex,-502.7418106492951,-379.9260744427272,4
1019,88.0001060414866,22.499787148391437,6,16,Library,-45.4866077547682,-44.53671965690667,3
4133,87.9950057735378,22.496602553082543,4,18,Sports Complex,-570.0294193451298,-396.5618851021268,5
1326,87.99976516615155,22.500311722928885,23,10,Library,-80.54431618236984,13.449749712524977,2
475,87.9999377409901,22.499902870386727,3,14,Library,-62.79566220267981,-31.744810297614237,3
4271,87.99558222484379,22.496553294281533,29,18,Sports Complex,-510.74363439747816,-402.00695296573895,5
1651,88.00483305218228,22.502701156108767,8,19,Cafeteria,440.6681405085563,277.57769341669905,1
3998,87.99543986633768,22.49692560228862,4,7,Sports Complex,-525.3846555748988,-360.85202586234357,4
4467,87.99595325250249,22.49661511203785,10,18,Sports Complex,-472.5848762250479,-395.1736181823135,5
2610,88.00393258196404,22.50338168007597,15,13,Cafeteria,348.05826495483353,352.802812751512,0
2476,88.00440734051186,22.503538820498772,16,20,Cafeteria,396.8853434538381,370.1731150878505,1
2583,88.00446541473974,22.50285045167879,10,20,Cafeteria,402.858052942607,294.08082572695196,1
1373,87.99959660965052,22.499853845567337,25,15,Library,-97.87969970459824,-37.16401383296741,3
739,88.00025359251626,22.50017157961424,28,11,Library,-30.311555634841707,-2.041692288390067,2
3618,87.99567351795056,22.49666934439376,28,18,Sports Complex,-501.35449182918745,-389.1787735603093,5
2440,88.00476312462136,22.50308871768788,22,20,Cafeteria,433.4763616102267,320.4187503719378,1
867,88.0000836141975,22.4995731605106,14,10,Library,-47.793167606984184,-68.19094000464546,2
1140,87.99992560912416,22.500452326587432,28,10,Library,-64.04337764349538,28.99207812833005,2
997,88.00016021071532,22.49993005995788,25,14,Library,-39.91551231057901,-28.739275102386515,3
1337,87.99992438257839,22.50040648972884,20,16,Library,-64.16952312777987,23.925271779441886,3
541,87.99971757328633,22.49989767939047,11,10,Library,-85.43905810223177,-32.31862302364931,2
1099,88.00008662211897,22.499877024388123,15,10,Library,-47.483814528869274,-34.601826983251485,2
1132,88.00040342781726,22.500049323066406,20,10,Library,-14.901575051067917,-15.555931085842474,2
4064,87.99567035952576,22.49667846053677,16,6,Sports Complex,-501.6793235916047,-388.17107511176033,4
2715,88.00451085518318,22.50375787925404,16,19,Cafeteria,407.5314266169031,394.38786989504734,1
2258,88.00452949231251,22.503038924461567,20,19,Cafeteria,409.4481832102125,314.91460713522025,1
4750,87.99394860195889,22.49822737296847,2,21,other,-678.75542313542,-216.95429491187917,-1
59,88.00024388628178,22.49993221909974,7,14,Library,-31.309804270955656,-28.500603561087274,3
2883,88.00476161911207,22.50319802863816,2,12,Cafeteria,433.32152580882484,332.501982815778,0
1938,88.00457665532699,22.502950636468327,13,12,Cafeteria,414.2987166453843,305.155252362494,0
2576,88.00382415488228,22.50298037566256,2,12,Cafeteria,336.9069593984231,308.44262289295983,0
4936,88.00181269919547,22.501322337979783,21,0,other,130.03652985616074,125.16313743880836,-1
1078,88.00037518994766,22.500070159101124,15,15,Library,-17.80573060955026,-13.252715808111404,3
3249,88.00476331308505,22.503363584980647,21,12,Cafeteria,433.4957443707843,350.8025809143578,0
3127,88.00441045785752,22.502882069148768,22,19,Cafeteria,397.20595038501443,297.57582085843495,1
2488,88.0042651032477,22.502848591593075,29,20,Cafeteria,382.25679154190306,293.87521185213734,1
940,87.99967992390033,22.50043739597605,24,15,Library,-89.31115168363104,27.341648346173315,3
1080,87.9999128369664,22.500093026368152,2,16,Library,-65.35694461854021,-10.724968110892306,3
187,87.99998179277183,22.50005028991397,22,14,Library,-58.26510700926611,-15.4490557563377,3
2634,88.00430200708449,22.502763652875675,16,19,Cafeteria,386.0522082730911,284.4860860307406,1
2085,88.00478632872297,22.50294513734965,28,13,Cafeteria,435.86281362032025,304.5473797837569,0
2249,88.00430544165602,22.503106946366632,28,13,Cafeteria,386.40544065664346,322.4337485211111,0
4890,88.00125632657578,22.505802284660977,7,14,other,72.81576005536691,620.3764435779689,-1
2023,88.00398114928011,22.50298234557521,20,13,Cafeteria,353.0532253724091,308.6603770371806,0
3539,87.99553341171448,22.49683966192292,9,6,Sports Complex,-515.7638757550596,-370.35187388685586,4
4048,87.99588726161979,22.49737790719557,3,17,Sports Complex,-479.37178301110777,-310.85424144803824,5
3606,87.99536998829262,22.496851178062457,19,18,Sports Complex,-532.5713419585722,-369.07887982242556,5
226,88.00001607000478,22.49986600913872,6,15,Library,-54.73982631395593,-35.81945265219176,3
4847,88.00263519259049,22.50005493603477,9,7,other,214.626791048128,-14.93547356309584,-1
1929,88.00412813347035,22.50272844452785,25,12,Cafeteria,368.16998025284556,280.59415526218964,0
3055,88.00450101279246,22.50252770122373,6,12,Cafeteria,406.5191748381133,258.4039904247637,0
4489,87.99570829591508,22.49701899150324,5,6,Sports Complex,-497.7777128302445,-350.5287820783238,4
1404,88.00024901192145,22.499620706575836,16,10,Library,-30.78265207561305,-62.935197953452686,2
2179,88.0048666683125,22.503072941872293,24,12,Cafeteria,444.12542934899795,318.6748917169282,0
697,87.99968722160591,22.50000478694436,17,16,Library,-88.56061091965633,-20.478954016932676,3
1124,88.00040835788307,22.50010244069899,0,14,Library,-14.394536870127656,-9.684307980206057,3
3361,87.99509217930002,22.49613327876885,4,17,Sports Complex,-561.1429212422021,-448.43546773788995,5
4135,87.9958381488813,22.49591503370633,23,17,Sports Complex,-484.4228380117589,-472.5602769488379,5
1778,88.00394649759806,22.502931692035247,19,19,Cafeteria,349.48943403682694,303.06113472982673,1
2858,88.00436948448028,22.50258878952511,14,19,Cafeteria,392.9919971745486,265.156691259219,1
1037,87.99963390627995,22.500229613610987,1,10,Library,-94.043885770886,4.373385712106526,2
4456,87.9952587531819,22.496408319247752,9,18,Sports Complex,-544.01144242223,-418.03249319983826,5
2256,88.00406138994497,22.503025478748672,20,20,Cafeteria,361.3056670814905,313.4283180317984,1
313,88.000203377409,22.500224209828968,12,15,Library,-35.475984996906845,3.7760516477056427,3
2281,88.0049109055487,22.50305018967016,12,13,Cafeteria,448.67505781639045,316.1598632929509,0
1416,88.00001425328122,22.499956109013624,24,11,Library,-54.92666929757294,-25.859812480396442,2
1036,87.99969355858426,22.50024395417984,13,14,Library,-87.90887723207372,5.958592193150238,3
2159,88.00440745920002,22.50284223532268,1,12,Cafeteria,396.8975500719028,293.1725897228308,0
4163,87.99451628008919,22.49645937521646,22,7,Sports Complex,-620.3719253403308,-412.3887664188655,4
1754,88.0049191106155,22.503162406629293,27,13,Cafeteria,449.5189171694025,328.56432595570834,0
3112,88.00401289457638,22.502509919497744,21,20,Cafeteria,356.31810618394195,256.4383984341867,1
2813,88.00475205009552,22.5028806714326,11,20,Cafeteria,432.33738950493506,297.42131731315976,1
2698,88.00482893036856,22.502897172452077,4,12,Cafeteria,440.2442279263798,299.245340006151,0
3207,88.00435621352882,22.503443133324865,20,19,Cafeteria,391.6271311990601,359.5958548841634,1
4350,87.99495038596501,22.49632788168557,6,17,Sports Complex,-575.7258167595328,-426.92406132349925,5
3431,87.9952543149456,22.49645474589004,13,17,Sports Complex,-544.4678978422594,-412.9004921612319,5
1506,88.00454764958191,22.502822173941382,26,19,Cafeteria,411.3155880671136,290.9550046340078,1
1923,88.00485599424266,22.5032407220958,24,20,Cafeteria,443.02764259310766,337.2213176233364,1
448,87.99987153327066,22.50028151256269,22,15,Library,-69.60486980778701,10.110295833391731,3
4128,87.99567220141894,22.496894237707405,17,7,Sports Complex,-501.4898920093646,-364.3190666698373,4
2528,88.00458101758628,22.50292607382395,2,20,Cafeteria,414.74735812377753,302.4400976530479,1
4969,87.9965154031319,22.496483437823382,16,23,other,-414.76986049531075,-409.7288858496949,-1
2789,88.00447190267157,22.50339549896638,10,13,Cafeteria,403.5253116114217,354.330352897307,0
361,88.00038318472825,22.50020270206829,29,11,Library,-16.983498379769756,1.3985837823353364,2
2183,88.00439041862421,22.502673470392978,24,19,Cafeteria,395.14499282636103,274.5173143933542,1
1134,87.99993896084118,22.50042498934364,19,15,Library,-62.67020524290848,25.97021919943934,3
3880,87.99551410769477,22.496705952663085,21,6,Sports Complex,-517.7492194411254,-385.13209546899486,4
2155,88.0042319156495,22.503159842485932,24,20,Cafeteria,378.84357556042346,328.28088554851286,1
1830,88.00478678124273,22.50240818354154,0,19,Cafeteria,435.90935352526304,245.19250583545826,1
1053,88.00006516844145,22.50009740354434,19,11,Library,-49.690242198492285,-10.24111505490417,2
22,88.00001688205117,22.49994337897529,6,11,Library,-54.65631048631197,-27.26699091799844,2
2066,88.00454053242014,22.50265010471202,9,13,Cafeteria,410.5836155347163,271.93447202044604,0
1653,88.0046644134922,22.503196439039595,26,12,Cafeteria,423.3243041596305,332.32626859042745,0
2587,88.00473884009946,22.503178402677552,4,13,Cafeteria,430.9787925564075,330.3325291301936,0
3210,88.00462361324864,22.503238320889192,28,19,Cafeteria,419.1281570783543,336.9558882449133,1
4302,87.99543712936955,22.496383975214098,18,17,Sports Complex,-525.6661421499854,-420.7234826800288,5
4036,87.99594534993399,22.49637770126728,21,6,Sports Complex,-473.3976247983518,-421.4170047611018,4
2325,88.00456914898636,22.503344295425247,10,19,Cafeteria,413.5267185749713,348.67031346043154,1
460,88.00049118128322,22.499986276499847,27,10,Library,-5.876470836020619,-22.52509855332093,2
1067,88.00029020669685,22.500162784060457,5,15,Library,-26.54592892229386,-3.013952803473643,3
87,88.00008218777741,22.499908243040228,11,10,Library,-47.93986938991466,-31.150917179640558,2
1430,88.00007685167445,22.500217288648123,6,15,Library,-48.48866691916996,3.0109843171608475,3
2647,88.00453309640892,22.503592440239892,6,19,Cafeteria,409.8188505714435,376.1002412712618,1
282,88.00039650420403,22.499623819906493,29,16,Library,-15.613641865054579,-62.591050382695315,3
462,87.999825068623,22.50013028060709,4,15,Library,-74.3835789210269,-6.60688453846852,3
212,88.00023850044087,22.499456832613497,25,11,Library,-31.86371715567957,-81.0498257504635,2
2499,88.00480716239863,22.50326353052285,23,20,Cafeteria,438.00547649953563,339.74256114955904,1
1368,87.9998891794372,22.50013370433409,26,10,Library,-67.79002990058609,-6.228425756119691,2
234,88.00053598602233,22.500199985475486,29,15,Library,-1.2684768916992135,1.0982916138747356,3
2770,88.0050167242882,22.503143750463096,21,13,Cafeteria,459.55810547052374,326.50207334421765,0
597,87.99975530907105,22.49973203569174,20,16,Library,-81.55807874761553,-50.6288774815409,3
4420,87.99530126725524,22.496911184920155,6,6,Sports Complex,-539.6390345826493,-362.44572177249813,4
2250,88.00430491090215,22.50288506473886,27,12,Cafeteria,386.3508546764958,297.90695338705524,0
4031,87.995562267937,22.49741086795621,10,6,Sports Complex,-512.7961249920411,-307.2107589670927,4
2283,88.00455387473784,22.50250882554421,26,19,Cafeteria,411.95582125213645,256.3174728107367,1
662,87.99999181168245,22.500124555437125,16,11,Library,-57.23470084320329,-7.239744826571268,2
4963,87.99558478089432,22.495569589337297,2,18,other,-510.48075449662906,-510.7456975015922,5
2285,88.00487830419297,22.50335162584868,18,19,Cafeteria,445.3221346040487,349.4806184666828,1
4716,88.00139246346102,22.5006983068236,5,19,other,86.8169116139278,56.18273343447058,-1
3193,88.00493790016998,22.50313182115347,15,19,Cafeteria,451.4513500986729,325.1834074582195,1
2503,88.00525088877268,22.502674419618064,10,12,Cafeteria,483.6410160739777,274.62224173437045,0
4043,87.99549535091887,22.496160083545803,3,18,Sports Complex,-519.6782812210993,-445.4724676933404,5
779,88.00015516802439,22.50011564782321,17,16,Library,-40.43413354867938,-8.224392468628494,3
4019,87.99484559391833,22.496457825905136,25,7,Sports Complex,-586.5032730328074,-412.5600272926831,4
3426,87.9955550712987,22.49633668336114,16,18,Sports Complex,-513.5362713784093,-425.95112410602303,5
4306,87.99492661401932,22.49645777493805,16,6,Sports Complex,-578.1706693350009,-412.5656611942341,4
3196,88.00444193935401,22.502757911683798,16,20,Cafeteria,400.4437004108806,283.8514546806059,1
4835,88.0002130491478,22.500665580070905,21,15,other,-34.48128410692684,52.565118191424105,3
685,88.00017824960754,22.500383358425324,14,10,Library,-38.06028208758977,21.36833748896123,2
3169,88.00416023459762,22.502833187379924,18,12,Cafeteria,371.4714569056117,292.17243013039587,0
3926,87.99550514293345,22.49688481231999,23,7,Sports Complex,-518.6712104336912,-365.3609489946419,4
3434,87.99545335244967,22.496829566654743,1,6,Sports Complex,-523.997661170913,-371.4678048311379,4
2171,88.00486613485664,22.50315274222868,1,12,Cafeteria,444.0705654791186,327.4960231117379,0
3689,87.99537660881505,22.496932771329263,7,18,Sports Complex,-531.890446859922,-360.0595601096767,5
1850,88.0048213071839,22.50284134827461,8,13,Cafeteria,439.4602128993686,293.07453542911196,0
487,87.99972961299909,22.50012904457178,26,14,Library,-84.20082025984523,-6.743515881991016,3
1688,88.00514146271426,22.50343737630724,9,13,Cafeteria,472.3869696359101,358.9594741558643,0
2230,88.00445642819777,22.502834089282345,27,13,Cafeteria,401.9338218945002,292.2721264240343,0
3264,88.00485826950833,22.502848186227844,22,12,Cafeteria,443.26164485820766,293.830402779485,0
2320,88.00443566686485,22.502870038977843,12,13,Cafeteria,399.7985991863457,296.2460057643617,0
782,88.00009504946276,22.50029852735076,25,14,Library,-46.61709484897979,11.991110506751639,3
521,88.00013584004809,22.50006934423449,29,15,Library,-42.42194107851059,-13.34279116590153,3
522,87.99983434406026,22.50034016464896,19,11,Library,-73.42963611051651,16.5936974497248,2
2837,88.00390302310998,22.502625098155423,2,12,Cafeteria,345.01825125992934,269.17024725411716,0
4539,88.00276342586197,22.49733664267156,21,9,other,227.81508653336692,-315.41562193222495,-1
2398,88.00445145705883,22.50297209187666,27,19,Cafeteria,401.4225595020083,307.52693319968324,1
2207,88.00386092992126,22.502437532820814,20,20,Cafeteria,340.68912977373344,248.43677516635765,1
3477,87.99536532279174,22.496263375249647,21,7,Sports Complex,-533.0511706606114,-434.05460275038297,4
3552,87.99572991454721,22.496626890081885,21,18,Sports Complex,-495.554320217283,-393.8716731948608,5
4087,87.99590546519877,22.49631144580188,9,17,Sports Complex,-477.4996153917236,-428.7408839066461,5
2822,88.00455143984,22.502931351808243,2,13,Cafeteria,411.7054014368943,303.02352603681527,0
1511,88.00419479954463,22.502640603718177,13,12,Cafeteria,375.0263278793751,270.8842321609177,0
1882,88.00484310272182,22.50307026603782,17,20,Cafeteria,441.701799587488,318.37910497427066,1
651,88.00028164125739,22.500415367541432,9,16,Library,-27.426851207355178,24.90662518352856,3
4930,87.99720573802301,22.49507004572624,13,7,other,-343.77158974547353,-565.9652482677442,-1
3089,88.00442521424281,22.50294339830553,5,20,Cafeteria,398.72358747989944,304.3551458468011,1
369,87.99980674755403,22.49989729642801,8,14,Library,-76.2678299294569,-32.360955694170315,3
4997,87.99793843017524,22.49937932574997,13,7,other,-268.4170386872171,-89.61743444466805,-1
118,88.00028570570363,22.499893410600947,19,15,Library,-27.008838647618113,-32.790495017690944,3
3320,87.99541390163158,22.496175720360828,17,7,Sports Complex,-528.0550250682345,-443.7439741604732,4
3034,88.00494179322159,22.503010473740648,4,13,Cafeteria,451.8517353841238,311.7696644448642,0
2216,88.00459256377079,22.503051014221494,29,12,Cafeteria,415.9348384967144,316.2510091975941,0
3542,87.99489837435547,22.496730062383293,17,17,Sports Complex,-581.0750094249745,-382.4670069972211,5
1613,88.00451332216383,22.503197457652195,9,19,Cafeteria,407.78514602486507,332.4388660272856,1
3151,88.00472842578772,22.5035377206196,4,13,Cafeteria,429.90772091496524,370.05153444430454,0
962,88.00004913029242,22.50012056223817,9,15,Library,-51.33970373032526,-7.68115303911209,3
2510,88.00477325914427,22.503076261768328,24,19,Cafeteria,434.51865805319323,319.0418730245847,1
3831,87.99564088067342,22.49579069777819,20,7,Sports Complex,-504.7111094201841,-486.30437044523546,4
2823,88.0037293597361,22.50301328989842,17,20,Cafeteria,327.1576456363229,312.08096252486826,1
4343,87.9955249505412,22.496285907407405,27,7,Sports Complex,-516.6340746674148,-431.5638980318819,4
3032,88.0047055256116,22.502862947310994,2,13,Cafeteria,427.5525264647156,295.4620929109369,0
2415,88.00458706036737,22.502670968116963,5,12,Cafeteria,415.3688347632885,274.24071280267407,0
4654,87.99748352422517,22.502435391494146,9,6,other,-315.2023543708821,248.20007291647897,-1
4236,87.99563077869198,22.496811449933126,19,7,Sports Complex,-505.7500590995053,-373.47042723859533,4
2185,88.0049901103052,22.503343303455267,6,12,Cafeteria,456.82096036197044,348.5606610988495,0
3669,87.99565181166328,22.496409796403444,12,6,Sports Complex,-503.586899435202,-417.86920840964603,4
2037,88.00415056089547,22.503260735171096,18,13,Cafeteria,370.4765540933784,339.43356296661506,0
4362,87.99521077215016,22.496775546702597,19,7,Sports Complex,-548.9461057664577,-377.4391703412758,4
772,88.00015810193476,22.49983107298021,27,11,Library,-40.13239222687171,-39.681295613902066,2
1284,87.99980350263488,22.499878199269705,17,10,Library,-76.60155730119736,-34.4719555731502,2
4603,88.00678245341165,22.502162957888384,8,22,other,641.15650936177,218.08526213557064,-1
4794,88.00430029272991,22.495375889958297,27,0,other,385.8758935418941,-532.1572268562941,-1
1414,87.9998391204424,22.5001713769347,17,10,Library,-72.93840370021833,-2.0640964848197285,2
1234,87.999799081358,22.500496765277926,12,16,Library,-77.05626850920856,33.90433097559544,3
2699,88.00470819025456,22.50327043024954,4,20,Cafeteria,427.8265746766555,340.50525693772335,1
435,88.0000185236951,22.499624257417903,29,16,Library,-54.48747376376195,-62.54268787141051,3
1674,88.00446300770439,22.50331758571579,16,12,Cafeteria,402.61049867595494,345.71782217719516,0
365,87.99989969488203,22.499584377002996,8,10,Library,-66.70855711318549,-66.9510689351678,2
2649,88.00468679895818,22.50273096776586,29,19,Cafeteria,425.62656266505286,280.8730739917757,1
231,88.0000541146474,22.49991267080097,15,16,Library,-50.8270821194899,-30.661472507115732,3
4267,87.9956173061983,22.49604150820597,19,6,Sports Complex,-507.1356529121171,-458.57978575849916,4
4041,87.9956391347148,22.496963925076905,25,7,Sports Complex,-504.890674503647,-356.6158248453228,4
4399,87.99552621065453,22.49728293987697,11,18,Sports Complex,-516.5044768896112,-321.35192884600036,5
407,87.99996440512875,22.49971830813277,1,16,Library,-60.05335877986582,-52.146321849937465,3
2090,88.00447492107149,22.502375384099476,12,19,Cafeteria,403.8357423570122,241.56685550973782,1
86,88.00022885052942,22.50004411038882,28,14,Library,-32.85617318606484,-16.13214046615198,3
844,88.00004161305205,22.499461664270036,13,14,Library,-52.112822798234845,-80.51573443655954,3
1031,87.99958285398154,22.499768404717504,26,11,Library,-99.29441700153826,-46.60864537355344,2
2855,88.00461369420715,22.502623702632285,24,20,Cafeteria,418.10802206526375,269.01598612635144,1
4109,87.9952291767974,22.496957497398103,0,7,Sports Complex,-547.0532590564065,-357.3263404600579,4
4396,87.99494971930957,22.49657121870121,26,18,Sports Complex,-575.7943796902523,-400.02558761469663,5
3893,87.99582890741861,22.49644342467193,16,18,Sports Complex,-485.37328666902977,-414.15193961117086,5
2658,88.00458091921215,22.5028148462562,13,19,Cafeteria,414.73724072536874,290.1450023139685,1
855,87.99985731342656,22.50006531263281,8,16,Library,-71.0673257182518,-13.788444415614762,3
78,88.00002294019413,22.4998163521058,22,15,Library,-54.03325393867976,-41.308541071295295,3
2247,88.00475537373451,22.502874699393683,25,19,Cafeteria,432.67921290702316,296.7611681313051,1
4570,87.996547300328,22.49443527881628,16,23,other,-411.48935737332465,-636.1323824948458,-1
3656,87.99539347929513,22.496040265270576,19,6,Sports Complex,-530.1553833017746,-458.7171798369209,4
4151,87.99531573117582,22.49735601934919,20,17,Sports Complex,-538.1514763517754,-313.2737239868611,5
3378,87.99545566759043,22.496622365365862,11,17,Sports Complex,-523.7595579072034,-394.3718353039662,5
2279,88.00423651575629,22.5034859745862,24,13,Cafeteria,379.3166787334807,364.3315279123211,0
2598,88.00364320322713,22.50286123574237,21,12,Cafeteria,318.29678226484236,295.2728961150746,0
4159,87.99615398451583,22.49654718049815,19,18,Sports Complex,-451.9403658364707,-402.68277058076075,5
3870,87.99530465335913,22.49629644673287,17,17,Sports Complex,-539.2907869082749,-430.39888099490497,5
3428,87.99477475270938,22.496480436236688,22,6,Sports Complex,-593.7890170943523,-410.0606812429327,4
2176,88.00476413505822,22.503183661436168,20,12,Cafeteria,433.58028112925535,330.91383230761977,0
424,88.0001613439874,22.50051852066744,25,15,Library,-39.798959665011836,36.30917173255767,3
392,87.99966994169824,22.49989090352737,21,10,Library,-90.33778251973851,-33.067626931011134,2
4726,88.0005167121108,22.49754445419249,7,2,other,-3.250724069215931,-292.44413640861404,-1
3693,87.99566072146357,22.49677421297692,8,17,Sports Complex,-502.6705609722738,-377.5866003776617,5
104,87.99995967857208,22.49987931411945,20,14,Library,-60.53946683312356,-34.34872008234173,3
3994,87.99555019208638,22.496293098609527,15,17,Sports Complex,-514.038079473667,-430.768982549242,5
4412,87.99551914320288,22.4963578470042,21,17,Sports Complex,-517.2313369282183,-423.6116950019453,5
1948,88.00484665887677,22.50303005784003,14,12,Cafeteria,442.0675363556636,313.93449079037464,0
1459,88.00016829533782,22.499723426621895,11,14,Library,-39.08404018875727,-51.58052406215937,3
3257,88.00474956645809,22.502796477240494,24,13,Cafeteria,432.08195701118876,288.11449131784457,0
2803,88.00476029651895,22.502837340953445,12,20,Cafeteria,433.18550222705,292.63156614737204,1
2706,88.00426694735563,22.503155157159117,23,19,Cafeteria,382.44645090234826,327.76296952243536,1
4789,87.99363519991184,22.494361725537573,14,6,other,-710.9876102618138,-644.2629619231,-1
1587,88.00404812758431,22.50280094109861,16,12,Cafeteria,359.941684636802,288.60792619389264,0
3659,87.99619498674386,22.49654509736748,0,18,Sports Complex,-447.7234454337529,-402.9130398450918,5
1731,88.00453434278793,22.502791107106685,29,12,Cafeteria,409.9470358273924,287.52087672652755,0
4764,87.99399124919198,22.49657193314344,27,16,other,-674.3693203316717,-399.94661317061224,-1
4224,87.99556402009728,22.496525287196985,27,17,Sports Complex,-512.6159220918964,-405.1028560917214,5
3681,87.995583474624,22.496299203899497,2,6,Sports Complex,-510.6150993415302,-430.0941037960044,4
1791,88.00426919962477,22.50332125462427,6,20,Cafeteria,382.67808806328173,346.1233833205895,1
2355,88.00447410509636,22.502798072268245,20,12,Cafeteria,403.7518224744011,288.29080568541434,0
1940,88.00472265849402,22.502373974463303,22,13,Cafeteria,429.31457708737923,241.41103432716093,0
702,87.99982391407737,22.500179939485538,17,15,Library,-74.50231946884914,-1.1175921150732648,3
2442,88.00471718995587,22.50276314434827,20,20,Cafeteria,428.7521591115955,284.4298734111873,1
4375,87.995498781703,22.496328167867595,2,7,Sports Complex,-519.3254383561228,-426.89242676238575,4
496,87.99974068846142,22.49999336968519,6,10,Library,-83.06175184109675,-21.741017845594186,2
464,87.99997191798758,22.5001389011165,14,16,Library,-59.280690337159484,-5.6539734284496035,3
4071,87.99522237258098,22.49639481240519,9,17,Sports Complex,-547.7530463701429,-419.52553957680925,5
4333,87.99482687429983,22.49624882630184,20,6,Sports Complex,-588.4285133174341,-435.6628434409138,4
172,87.99998072457265,22.499902060462738,25,16,Library,-58.37496715938382,-31.834339295381398,3
4943,88.00359973353568,22.4945763046512,18,7,other,313.82609280301835,-620.5433867026743,-1
4796,88.00610668157562,22.501674484206603,23,11,other,571.6559924433752,164.08938135152852,-1
2540,88.0047014192114,22.502818264042137,14,19,Cafeteria,427.1301991033269,290.522804371437,1
3262,88.00465444036897,22.50307571065104,9,13,Cafeteria,422.298607049157,318.98095251949246,0
4680,88.0031651305935,22.49858949340145,15,14,other,269.12886287237825,-176.9255022500729,-1
2260,88.00487485921708,22.50284255564733,26,19,Cafeteria,444.96783217198384,293.2079984094853,1
2112,88.0047727891679,22.50344779794495,9,19,Cafeteria,434.4703228030951,360.11148198844194,1
900,88.00009216832721,22.499819565611663,10,11,Library,-46.913408484599984,-40.95332013317865,2
1446,87.99986784582956,22.50002130236241,15,16,Library,-69.98410884890923,-18.653339705681944,3
3573,87.99516372715462,22.49563287285848,8,6,Sports Complex,-553.7845014114624,-503.75033707008356,4
741,87.99968010575832,22.50014610324512,22,15,Library,-89.2924482940156,-4.85785013063051,3
2293,88.00469686694126,22.50321375115185,16,13,Cafeteria,426.662015744531,334.2399494791783,0
2452,88.00460928392823,22.50350021556538,6,19,Cafeteria,417.65444195393104,365.90572575086753,1
2622,88.00451923842814,22.503379495399496,29,19,Cafeteria,408.3936109032858,352.5613186139345,1
4078,87.99534953496318,22.496682855823824,16,6,Sports Complex,-534.6748877014516,-387.6852200808745,4
1206,87.99982450207804,22.500036221958275,28,16,Library,-74.44184587612506,-17.004127578620825,3
509,87.99979226247089,22.50023439253441,16,15,Library,-77.75756464802566,4.901647907209963,3
2620,88.00465055775712,22.50254466027204,22,13,Cafeteria,421.8992954528932,260.27864362491493,0
2802,88.0046549039139,22.50297576541748,10,19,Cafeteria,422.3462808510724,307.9330064020222,1
3313,87.99542023760443,22.496683604639067,2,7,Sports Complex,-527.4033947913052,-387.6024460439463,4
1549,88.00451807730319,22.502818928664254,28,12,Cafeteria,408.2741936971237,290.5962717002879,0
4563,87.99534075981255,22.49534735527007,24,15,other,-535.5773779688769,-535.3114512928514,5
2202,88.00430533810018,22.5031105156474,19,20,Cafeteria,386.3947903400451,322.8282968171875,1
2566,88.00421423316459,22.50304107222762,23,12,Cafeteria,377.0250004496114,315.1520211948178,0
3892,87.9961890650583,22.49609305134624,9,18,Sports Complex,-448.3324678659361,-452.88220703308957,5
2044,88.00423181338276,22.50277554125548,27,20,Cafeteria,378.8330578222603,285.8002275344875,1
767,88.00044270015891,22.50007991295648,3,16,Library,-10.862566764660768,-12.174524637125614,3
4872,88.00398445775483,22.49407801376194,5,23,other,353.3934891875083,-675.6244616016355,-1
3738,87.99523640893429,22.49647555184613,20,6,Sports Complex,-546.3094617777883,-410.6006017749945,4
421,88.00043883521062,22.50018697756403,23,16,Library,-11.260061732949103,-0.3396029184197147,3
123,87.9996495372343,22.499832963978616,9,14,Library,-92.43630263494563,-39.47226465021622,3
4162,87.99552417981747,22.49646198417077,3,17,Sports Complex,-516.7133406190159,-412.10037260929926,5
2628,88.00411930255305,22.503228109628346,29,13,Cafeteria,367.2617546001068,335.8271354709235,0
819,88.00026637009377,22.49972496144176,8,16,Library,-28.9974312594951,-51.41086507418642,3
1403,88.00017973832766,22.50008237718389,8,14,Library,-37.90717298759858,-11.902128939161187,3
1382,88.00053932705332,22.499848283705536,4,11,Library,-0.924864790039006,-37.77882203648751,2
2148,88.00432801521322,22.50341934772264,28,20,Cafeteria,388.7270436158857,356.9665944143418,1
1575,88.00421899195605,22.503447824113334,10,13,Cafeteria,377.5144237266672,360.11437464150055,0
1638,88.0043924642182,22.50238224014707,14,20,Cafeteria,395.35537424795746,242.32472301083817,1
1795,88.0043016529946,22.50332460517175,27,13,Cafeteria,386.0157914986832,346.4937528386748,0
4815,87.99786628635121,22.495784254736424,13,19,other,-275.83675166586744,-487.01658428203706,-1
399,88.00030945407799,22.49992612992049,21,14,Library,-24.566410292338162,-29.173701435546917,3
2310,88.00501519933418,22.50271309525922,8,13,Cafeteria,459.401269854264,278.89744710789023,0
882,87.99987764013937,22.500085946970387,24,14,Library,-68.97680200518225,-11.507524739824078,3
4973,88.00602429678182,22.500348256086717,4,16,other,563.1830353741378,17.48812497930217,-1
2897,88.00485043340326,22.502992579312597,5,19,Cafeteria,442.4557317911994,309.79161436806965,1
1352,88.00013536568206,22.499723784301736,21,14,Library,-42.470727788346395,-51.540986132501985,3
2742,88.00442116511141,22.50297905255287,27,19,Cafeteria,398.3071499920763,308.2963663478973,1
4550,87.99710396714362,22.500762618971606,17,9,other,-354.23833066038156,63.29179827497484,-1
2130,88.00478903536668,22.502818463158015,27,12,Cafeteria,436.14118144673466,290.5448146405429,0
982,87.99975825596422,22.50049812883829,26,14,Library,-81.25500219411754,34.05505893834963,3
456,87.99997324241001,22.499466081446503,20,16,Library,-59.144478618295395,-80.02745974996635,3
4119,87.99554742198032,22.495990383727328,4,17,Sports Complex,-514.3229741572559,-464.231085627546,5
1079,88.00021255543552,22.50043965512105,16,14,Library,-34.532060503208,27.591374234370818,3
1950,88.00474399482178,22.50324064937475,24,19,Cafeteria,431.5089357888866,337.2132790384125,1
4314,87.99573965019893,22.496364378967854,11,6,Sports Complex,-494.55304613227605,-422.8896517397831,4
689,88.00011106582787,22.50014713831744,6,16,Library,-44.969873708840105,-4.74343323644284,3
2429,88.0048970465469,22.50261495717881,20,13,Cafeteria,447.24971314012566,268.04926369930337,0
641,88.00041725538132,22.500012721925465,3,11,Library,-13.479463624228709,-19.601821205479695,2
2392,88.00452770705103,22.502436382812096,1,13,Cafeteria,409.2645759781628,248.30965320271554,0
1953,88.00386489758434,22.5031406536625,28,13,Cafeteria,341.0971885593465,326.1597530061931,0
2748,88.00529710114628,22.503456295572075,6,13,Cafeteria,488.39377977658205,361.05080969079813,0
4313,87.99546900012646,22.496402470283144,25,7,Sports Complex,-522.3883581969134,-418.67903774767797,4
3435,87.99557192024966,22.496526781321787,14,7,Sports Complex,-511.8034220066974,-404.9376955360477,4
3336,87.9955906106305,22.49648760295076,26,6,Sports Complex,-509.8811887015917,-409.2684726692206,4
4766,87.99413525479659,22.50115651941232,24,21,other,-659.5589014506473,106.8335529913864,-1
3370,87.9953303800024,22.496257465048416,21,6,Sports Complex,-536.6449012547267,-434.7079163945162,4
1884,88.00430710228295,22.50331717032141,29,12,Cafeteria,386.57622970743506,345.67190448220856,0
389,87.99985577408609,22.49999638693228,2,16,Library,-71.22564092604152,-21.40749135202526,3
2494,88.00440300106276,22.50304037669278,25,13,Cafeteria,396.4390479145503,315.07513677356116,0
3878,87.99534750120867,22.496240354893647,21,6,Sports Complex,-534.8840514788654,-436.5992729026343,4
3856,87.99590652606697,22.49643449205825,6,7,Sports Complex,-477.39050920472533,-415.13935072753736,4
845,88.000123112816,22.500274288177938,13,10,Library,-43.7308876223064,9.311712342834184,2
542,88.00013245104448,22.499868977900515,9,16,Library,-42.770486978364445,-35.49128572341452,3
91,88.00024216124763,22.499269662379128,22,14,Library,-31.487217354681984,-101.73962345763542,3
3889,87.99567684147011,22.496542955117697,26,7,Sports Complex,-501.01268071127066,-403.14984413619175,4
1979,88.00494049724,22.502989763172764,25,13,Cafeteria,451.7184486952542,309.4803182708935,0
2812,88.00420844884317,22.502748170280597,28,19,Cafeteria,376.4301053873489,282.77463997081867,1
4082,87.99525968841387,22.497041802877288,11,6,Sports Complex,-543.9152574354526,-348.00721279101816,4
2902,88.00472931880398,22.5032236116876,6,19,Cafeteria,429.9995641801443,335.3299331007532,1
2529,88.00438518072102,22.50292943100182,16,13,Cafeteria,394.60629476252444,302.8112000948874,0
1676,88.00457637412978,22.502643179212797,23,12,Cafeteria,414.2697966018405,271.16892733614065,0
1048,88.00036913508742,22.500255345823856,6,14,Library,-18.428449541970625,7.217824522639731,3
1960,88.00399844301606,22.503452419093847,9,20,Cafeteria,354.83181915799145,360.6223037874537,1
2530,88.0049505112057,22.50233495354883,4,20,Cafeteria,452.748346296625,237.09766244112552,1
3992,87.99561571464139,22.49635305355146,21,18,Sports Complex,-507.2993383781415,-424.14156326807813,5
237,88.00004661357869,22.499733049269604,14,10,Library,-51.598537993912124,-50.51683658432232,2
3097,88.00461941246783,22.503505540050284,15,13,Cafeteria,418.6961230366456,366.4942943120184,0
3488,87.99563289488711,22.49701606870258,1,18,Sports Complex,-505.5324166233655,-350.85186846300394,5
1133,88.00011338357538,22.50007782716836,23,14,Library,-44.731502350582076,-12.405087655713913,3
1805,88.00486846852765,22.50260537462736,3,20,Cafeteria,444.31057450667987,266.9900084621057,1
4317,87.99625204720289,22.49659773403543,10,18,Sports Complex,-441.8549981463538,-397.0945825700374,5
163,87.99979482942041,22.499848044503228,11,10,Library,-77.49356382860265,-37.80526345958499,2
3492,87.99538803245271,22.49610970580807,17,6,Sports Complex,-530.7155699561288,-451.04122282229446,4
4709,88.00068181757848,22.499951729600312,12,17,other,13.729734035886414,-26.34391282790432,3
4630,88.0000322266723,22.49939944542937,27,9,other,-53.0781756132815,-87.39340508400446,2
3453,87.99537614936303,22.496846698389607,8,17,Sports Complex,-531.9376997217981,-369.5740628592154,5
3199,88.00397028694391,22.50309681067595,24,20,Cafeteria,351.93607615078605,321.3133492729902,1
3634,87.9957880460072,22.496677305685097,23,6,Sports Complex,-489.5757246271611,-388.29873241578724,4
3939,87.99622114794447,22.49640070982268,13,17,Sports Complex,-445.0328672407039,-418.8736390473275,5
1811,88.00432224943185,22.502704794685123,29,20,Cafeteria,388.13405532593134,277.97990164706573,1
3649,87.99547090326601,22.4965032992262,16,17,Sports Complex,-522.1926276628573,-407.5334063820508,5
4049,87.99506242439094,22.49713240060945,15,17,Sports Complex,-564.2030984374998,-337.9925394779631,5
1428,87.9999446865941,22.50039452951439,16,15,Library,-62.081333722949,22.60318967444057,3
3613,87.994975477576,22.4962843903597,29,6,Sports Complex,-573.145241717217,-431.73159248502225,4
3131,88.00434384603436,22.50340029954805,25,19,Cafeteria,390.35518227732194,354.86100919520277,1
3396,87.99563999879354,22.496763369181977,16,6,Sports Complex,-504.8018073519074,-378.78527347064676,4
4460,87.99505212325309,22.496614418802483,10,7,Sports Complex,-565.2625305818244,-395.25024841986755,4
4649,88.00419317505548,22.501239766853352,5,10,other,374.85925545905377,116.03572512317996,-1
2820,88.00452628657703,22.502678584360844,10,12,Cafeteria,409.11848572773357,275.0826124012691,0
1452,88.00006018829487,22.50011666774549,22,16,Library,-50.20243099288434,-8.111650259801095,3
593,88.00008341552632,22.499715291720555,15,11,Library,-47.81360016799837,-52.47975605619658,2
41,88.0000428420703,22.50044306289917,7,11,Library,-51.98642302941204,27.96807002777051,2
560,88.00007244371423,22.50021272449054,27,10,Library,-48.94200856119551,2.506462338084745,2
3273,88.00466917522093,22.502463934189457,14,20,Cafeteria,423.81402952353164,251.35518245618712,1
3244,88.00454536953646,22.503287512711395,20,19,Cafeteria,411.08109422031623,342.39355227125486,1
243,88.00021643879855,22.500290469575653,19,16,Library,-34.132671651856704,11.10040404625991,3
1339,88.0000426040556,22.4999602386974,17,10,Library,-52.010901920454344,-25.40331723566858,2
2780,88.00453211808608,22.503079625799558,24,19,Cafeteria,409.71823385465757,319.41373303670247,1
3187,88.00435572180798,22.503276476726192,17,13,Cafeteria,391.5765596144798,341.17363446691274,0
3799,87.99589141834788,22.496519847327093,21,6,Sports Complex,-478.9442796202365,-405.7041793095203,4
1442,88.00004525538968,22.5001601199488,17,16,Library,-51.73822247504236,-3.308443706192108,3
261,87.99998511866099,22.500185531872766,0,11,Library,-57.923052186836735,-0.4994096307952134,2
2764,88.00419637676717,22.50258375331068,6,13,Cafeteria,375.1885391103821,264.59998811628157,0
1689,88.00489543160815,22.503270632255624,0,20,Cafeteria,447.0836229419727,340.5275866903315,1
1725,88.004364255832,22.50333759639179,18,12,Cafeteria,392.4542509432583,347.92980230220985,0
4792,87.99676065139931,22.498424885123185,28,13,other,-389.5470257304046,-195.12130132947732,-1
834,87.99999132877815,22.50022259579088,7,14,Library,-57.28436568055753,3.597635877548413,3
1866,88.00451428630598,22.50321005078885,6,19,Cafeteria,407.88430431163397,333.83091135325486,1
2496,88.0046932607832,22.50285048207368,14,13,Cafeteria,426.29113635017256,294.08418557811024,0
2010,88.00423272322237,22.50251511467877,14,20,Cafeteria,378.926631303833,257.0126737446825,1
340,87.99979444490111,22.49996786562214,9,10,Library,-77.53311014947654,-24.560236975131033,2
2988,88.0043938988247,22.502683325306364,26,19,Cafeteria,395.50291797235076,275.6066765191173,1
1601,88.0045789242405,22.50293407553629,13,19,Cafeteria,414.5320656161852,303.3246069352895,1
3875,87.9950269023638,22.496713328463677,4,7,Sports Complex,-567.8564013958556,-384.31677447149855,4
4694,87.99427888918038,22.50103870272897,10,18,other,-644.7866611938099,93.8100968139041,-1
480,87.99996802060213,22.499757085816366,12,15,Library,-59.68152134145275,-47.85983670526598,3
2825,88.00470511873365,22.5026318231974,29,20,Cafeteria,427.5106806434345,269.91363339431194,1
4329,87.99530589236585,22.496481375647303,11,18,Sports Complex,-539.1633598641172,-409.95683879354226,5
3540,87.99513963616013,22.4966446802102,25,7,Sports Complex,-556.2621669201682,-391.90515241097734,4
4638,87.99672229879539,22.50446918829042,6,0,other,-393.4914425523206,473.0159707768304,-1
3046,88.00455552034913,22.5022267964931,25,12,Cafeteria,412.12506600209593,225.14198150100418,0
3990,87.99522900552716,22.496847809092007,2,6,Sports Complex,-547.0708735364469,-369.45128581598715,4
1766,88.00469494691562,22.503132394306817,25,13,Cafeteria,426.4645485414201,325.2467638291975,0
4473,87.9953647267884,22.496268948246435,0,6,Sports Complex,-533.1124672971974,-433.438563685481,4
2453,88.00415857127867,22.50323113685743,22,20,Cafeteria,371.3003909910834,336.16176537390163,1
2877,88.00403512568074,22.502751378597168,21,20,Cafeteria,358.60448919490585,283.1292872845367,1
3815,87.99569797151567,22.496258130967917,24,7,Sports Complex,-498.839537336296,-434.63430565288945,4
4016,87.99533541049931,22.49592711934749,18,18,Sports Complex,-536.1275341245555,-471.2243301750289,5
4677,87.99639917570339,22.496376925440703,20,1,other,-426.72340151407025,-421.5027646310441,-1
3679,87.99499613715423,22.496127859459715,0,7,Sports Complex,-571.0204840853269,-449.03451816945216,4
1271,88.00015228453023,22.49981335541337,18,16,Library,-40.730689759048396,-41.63979545252978,3
3077,88.00487469191411,22.50294242157888,13,13,Cafeteria,444.95062570912216,304.24717848293426,0
4501,87.9967689388676,22.49924732122937,29,2,other,-388.69469170372395,-104.20921415195451,-1
3094,88.00406443489734,22.50284268104084,23,12,Cafeteria,361.6188286444003,293.2218594079602,0
4653,88.00560878212433,22.50424385375339,17,18,other,520.44896161866,448.1074910533872,-1
347,87.9996481340564,22.499783456287947,3,14,Library,-92.58061404967805,-44.944844776745825,3
3881,87.99581322552156,22.496653127171214,19,18,Sports Complex,-486.98610906468514,-390.9714253403686,5
4623,87.99965556320609,22.49595446673797,12,8,other,-91.8165547678354,-468.2013496311558,-1
2562,88.00449959890143,22.5033308276126,9,19,Cafeteria,406.37376162017597,347.18158145049415,1
4590,87.9995557930237,22.503291200930253,15,20,other,-102.07753174156416,342.8012479837556,-1
1423,87.99979019758317,22.499983952955724,28,11,Library,-77.96993035570898,-22.781943120713635,2
656,88.00000348232298,22.49990620090492,16,11,Library,-56.03442065022716,-31.376654816485043,2
2102,88.00513660781388,22.503012818439156,14,20,Cafeteria,471.88766192854854,312.02884741796487,1
632,87.99996049802536,22.500168215308992,3,16,Library,-60.45518923632099,-2.413582590375043,3
2892,88.00447044751674,22.50293886524358,17,20,Cafeteria,403.3756545711046,303.85406117877125,1
2493,88.00447426704544,22.50337803285972,12,20,Cafeteria,403.76847830969746,352.39964946724785,1
2665,88.00456349858298,22.503306730779578,20,19,Cafeteria,412.9455964641912,344.51791752811187,1
4015,87.99519921027623,22.49680358807255,17,7,Sports Complex,-550.1351997358142,-374.33947730685014,4
3662,87.99540927236545,22.496376221605797,1,7,Sports Complex,-528.5311271663132,-421.58056654164193,4
3307,87.99496674076627,22.496204353950453,24,18,Sports Complex,-574.0437887714997,-440.57881716326267,5
3096,88.00430880140381,22.50272352898044,23,13,Cafeteria,386.7509777091393,280.05079065139,0
3919,87.99565601594793,22.496348088325988,18,17,Sports Complex,-503.15450503685304,-424.69041929171595,5
2500,88.00420141339997,22.50307041909072,7,20,Cafeteria,375.7065372932678,318.39602344165485,1
1465,88.0001471446011,22.499935286399907,12,15,Library,-41.25931156950774,-28.161544200654944,3
2833,88.0044977414875,22.50333773118484,15,12,Cafeteria,406.18273378843213,347.94470232571746,0
115,88.00007538683559,22.50079827689196,23,10,Library,-48.63931992443509,67.23342479083037,2
1821,88.00409368632101,22.502748398989237,20,12,Cafeteria,364.6272243146671,282.7999214238381,0
1494,88.00038552748815,22.499762020385,22,16,Library,-16.742554594733427,-47.31436948859411,3
2401,88.00438110451084,22.5026753747225,22,13,Cafeteria,394.1870723281056,274.72781897877326,0
1232,87.99997792948791,22.500140720215043,20,14,Library,-58.66243080299844,-5.452890275516324,3
2661,88.00485679985029,22.50334155109188,11,19,Cafeteria,443.1104962184187,348.3669548498716,1
4100,87.99588726000331,22.49615327107288,1,6,Sports Complex,-479.3719492588415,-446.22551845011395,4
4573,88.00097482145978,22.497679779857144,21,17,other,43.86404879047589,-277.4852374376975,-1
1153,87.99966922755165,22.500257645146405,21,10,Library,-90.41122973196826,7.471991637233657,2
3848,87.99531350730594,22.496471344037985,1,6,Sports Complex,-538.3801927591553,-411.0657328874933,4
57,87.99992269690604,22.49979920526233,19,10,Library,-64.34288800194872,-43.20395314832005,2
4104,87.99569925126315,22.496914015171285,1,7,Sports Complex,-498.7079202628827,-362.1328658125495,4
4288,87.99552302464133,22.496617916142394,11,17,Sports Complex,-516.8321460120627,-394.86365246610484,5
4945,87.99765634518154,22.50234086342321,14,5,other,-297.42838812764546,237.7509399552975,-1
1735,88.00448782843814,22.50307193214602,12,19,Cafeteria,405.16321504320456,318.56327657478016,1
2196,88.00423845167002,22.50302598680766,19,12,Cafeteria,379.5157799652202,313.4844788724046,0
3553,87.99524717840839,22.49690692682054,18,18,Sports Complex,-545.2018630630876,-362.9164121039545,5
2475,88.00444000345496,22.50296776527817,9,13,Cafeteria,400.24460068890306,307.04867100268075,0
2564,88.00511458945924,22.50287001575757,26,12,Cafeteria,469.6231594031282,296.2434389953065,0
3158,88.00435695435266,22.50292823879478,12,12,Cafeteria,391.7033220623162,302.6794135286144,0
4034,87.99550125391065,22.49637151004048,13,7,Sports Complex,-519.0711813720708,-422.10138297183283,4
3655,87.9953266747157,22.49656351137222,7,17,Sports Complex,-537.0259756460414,-400.8775557612663,5
707,88.0004386985455,22.5000889033372,1,16,Library,-11.274117211602373,-11.180727952251175,3
4280,87.9959915106987,22.49664747608901,29,6,Sports Complex,-468.6501688705923,-391.5960959672927,4
1093,88.00001298647145,22.5000145056837,4,11,Library,-55.05695577819654,-19.40464457004694,2
4839,88.00372155765747,22.505821514684115,15,21,other,326.3552320571438,622.5021303356772,-1
1376,87.99983273181533,22.499765873406304,19,10,Library,-73.59544925931829,-46.888456513574965,2
4913,87.9944544789618,22.49567167040007,26,7,other,-626.7279320138083,-499.46165682251916,4
72,87.99999104349023,22.50007338948304,11,15,Library,-57.31370643906476,-12.895629391341643,3
1922,88.0046563643735,22.50388826090714,17,20,Cafeteria,422.49648346644085,408.80025782879227,1
3173,88.00457324876636,22.503173485775765,28,19,Cafeteria,413.94836507465584,329.7890148066525,1
1764,88.00510610786064,22.503060606470957,8,19,Cafeteria,468.750859825865,317.3113364531553,1
743,88.00000652276255,22.49960893959707,14,14,Library,-55.721723212686065,-64.23591978620131,3
4318,87.99568242552692,22.495901438714515,19,18,Sports Complex,-500.4383820886136,-474.0630673438682,5
1005,88.00009837134635,22.499793647367504,22,11,Library,-46.27545198255624,-43.81832284250052,2
2668,88.00375342704321,22.503251873212445,19,13,Cafeteria,329.63287498997533,338.45396205729463,0
1190,88.00002634387654,22.49974582921785,8,15,Library,-53.683198380672245,-49.10414110517266,3
4631,87.99573767757698,22.495468149013888,27,7,other,-494.7559226618172,-521.9589108511957,4
2601,88.00494735049426,22.502830592365274,23,20,Cafeteria,452.4232793621154,291.88557721105263,1
1125,87.99971341365175,22.49978472802246,20,10,Library,-85.86686041427141,-44.80426724384721,2
1241,87.99994910490997,22.50011582213253,10,15,Library,-61.626927042540565,-8.20512431670494,3
4606,87.99852944598655,22.50520514543768,22,19,other,-207.63335075738337,554.3686738349314,-1
4130,87.99516325057014,22.49720067286074,24,18,Sports Complex,-553.8335162795014,-330.4457248203024,5
3442,87.99521772162984,22.49676709980525,18,6,Sports Complex,-548.2313786876564,-378.37289037400376,4
998,87.99985720525255,22.50019759297401,6,10,Library,-71.0784509960125,0.8338245008108913,2
3386,87.99582657331202,22.49672233593781,21,6,Sports Complex,-485.6133404954511,-383.3210882807613,4
2684,88.00474402213536,22.50262444711217,13,13,Cafeteria,431.5117448843654,269.09828093272466,0
1577,88.00407064113323,22.50354053961738,2,12,Cafeteria,362.25711597576566,370.36314645872005,0
4790,88.00080236760778,22.50279170690931,8,3,other,26.12783780962936,287.5871789087332,-1
1826,88.00370090375786,22.50315181041674,11,12,Cafeteria,324.2310584488111,327.39302061993357,0
3292,88.00437192821298,22.502365346558676,10,20,Cafeteria,393.24332562093076,240.45730574967138,1
4989,87.99632646295775,22.50368804604864,24,0,other,-434.2016258772509,386.6685073703652,-1
3536,87.99596060259691,22.496654173073654,16,6,Sports Complex,-471.8289474715397,-390.8558112846277,4
440,88.00009601636224,22.500077012634875,21,10,Library,-46.51765298127595,-12.495126187255607,2
4951,88.00064915887437,22.50347251292853,3,3,other,10.370912763941865,362.84347627314554,-1
1100,88.00024950252747,22.49953086182349,4,16,Library,-30.732195146708513,-72.86663687771473,3
4010,87.99462809350716,22.496697574371417,23,17,Sports Complex,-608.8723482149694,-386.0582318299264,5
3058,88.00453521290896,22.50335480401652,6,12,Cafeteria,410.0365244062007,349.83193313981593,0
649,88.0001740515912,22.49958920279721,4,10,Library,-38.49203181467481,-66.41762564275069,2
1546,88.00505117151782,22.50302615356706,29,12,Cafeteria,463.1008696663545,313.50291245638977,0
4756,87.99599655568478,22.497168805628085,3,13,other,-468.1313115849423,-333.9683287178293,5
3560,87.99530139345158,22.496092095465823,1,17,Sports Complex,-539.6260557776302,-452.9878700543403,5
3886,87.99535069012731,22.49638599138739,12,6,Sports Complex,-534.5560835433988,-420.5006148844922,4
3741,87.99533060548114,22.496741745311272,5,18,Sports Complex,-536.6217116389818,-381.1755761383444,5
630,87.99957688384256,22.5001096189347,16,11,Library,-99.90842267990654,-8.890825804546125,2
672,87.99991432810148,22.499920038119186,2,10,Library,-65.20358714882823,-29.847089151624573,2
1249,87.99961102608844,22.499948882194754,23,15,Library,-96.3970248812389,-26.658665038237004,3
482,87.99959838841994,22.49984332069385,6,15,Library,-97.69676015708568,-38.32743334836337,3
1584,88.00447944182653,22.50276339104724,15,20,Cafeteria,404.3006845098057,284.4571435153958,1
3074,88.00385665374887,22.50266847307129,0,20,Cafeteria,340.2493419996355,273.9649104538627,1
4627,88.00312199943431,22.49852818147968,11,22,other,264.6929901427844,-183.70292208241233,-1
3038,88.00438405625863,22.50294345928897,17,20,Cafeteria,394.4906481597252,304.36188695651254,1
1462,87.99994774418568,22.499867755572986,4,15,Library,-61.766872268177835,-35.62640180856519,3
3929,87.99574985710544,22.496871528205013,12,6,Sports Complex,-493.50330531634586,-366.8293750642887,4
3621,87.99539307518793,22.495991857839197,7,6,Sports Complex,-530.196944162435,-464.06813730154505,4
2578,88.00437877019533,22.50276096107692,3,13,Cafeteria,393.94699701571136,284.18853459631316,0
3801,87.99557839823912,22.49649047505367,24,17,Sports Complex,-511.1371858720098,-408.95099041382525,5
49,87.99955923996116,22.500306733305973,7,10,Library,-101.72302756993741,12.898196795812922,2
4289,87.99528970962632,22.496658296032177,14,7,Sports Complex,-540.8276919691962,-390.4000594495897,4
3344,87.99523728061232,22.49651237999598,7,6,Sports Complex,-546.2198130677551,-406.52961809070325,4
858,87.99986194423893,22.499555941191776,12,10,Library,-70.59106459532752,-70.09436350746661,2
1072,88.00001920547277,22.499925080838,3,15,Library,-54.41735557072495,-29.2896670138186,3
719,87.99998576359407,22.49993824357481,18,10,Library,-57.85672331645658,-27.834658086858184,2
3717,87.99560677989166,22.496335594571228,24,18,Sports Complex,-508.2182427947255,-426.0714789428472,5
2631,88.00393660115272,22.502855491485377,29,12,Cafeteria,348.471622949256,294.6379259471959,0
4873,88.00528614481547,22.500346727598384,24,15,other,487.26696357275443,17.319165878946308,-1
1660,88.00463108832261,22.50316705482058,29,19,Cafeteria,419.8969394947181,329.0781370204732,1
1656,88.00453436310232,22.503283811324,4,13,Cafeteria,409.9491250835865,341.9844009085349,0
2425,88.00439254647875,22.503476963067072,1,19,Cafeteria,395.3638344276192,363.3353945877869,1
3524,87.99583967096088,22.49673749237912,0,7,Sports Complex,-484.26629802091423,-381.64569525864795,4
4229,87.99526482894134,22.49680435038153,9,6,Sports Complex,-543.3865740872143,-374.2552116719621,4
4974,88.00076106360879,22.498585301643665,15,16,other,21.879881432764304,-177.3888591556623,-1
3309,87.99560264955016,22.4967263603774,1,6,Sports Complex,-508.6430324258103,-382.8762267284311,4
4476,87.99561202036703,22.49602020528431,23,18,Sports Complex,-507.67928019224644,-460.9346107187494,5
3305,87.99584717420846,22.49687846093522,20,18,Sports Complex,-483.49461805719216,-366.0630310670328,5
4751,88.00570956602901,22.49989110112784,29,8,other,530.8141960057817,-33.04578417493609,-1
4126,87.99536291528668,22.496234467179463,1,18,Sports Complex,-533.2987732352603,-437.2501008286042,5
2606,88.00495970959925,22.50328326259397,20,19,Cafeteria,453.6943654585687,341.92374429118155,1
1385,88.0000748231451,22.499875067455964,3,10,Library,-48.69729330903129,-34.81814626415492,2
3835,87.9951622340468,22.496275218632547,16,17,Sports Complex,-553.9380617694999,-432.74543520459844,5
1399,87.99983577643026,22.5000718322261,16,10,Library,-73.28232240193282,-13.067768573128333,2
1195,88.00011011868449,22.500357841695457,24,14,Library,-45.06728373807188,18.547718169481087,3
1408,87.99991933004029,22.4998874967855,17,15,Library,-64.68915710920857,-33.444208177117716,3
3824,87.99549978703119,22.4966330236042,15,18,Sports Complex,-519.2220442444739,-393.19367363807,5
1798,88.00418020326593,22.503087138066796,3,13,Cafeteria,373.5251571278576,320.2441390572459,0
1475,88.00016207010846,22.50002643844782,2,14,Library,-39.724280925512836,-18.085596824524828,3
4965,87.99589494183053,22.495066217820856,0,23,other,-478.5819030720256,-566.3883849289654,-1
35,87.99969478908751,22.499601324233183,1,15,Library,-87.78232473614406,-65.07772211037377,3
3541,87.99557942618034,22.49651911412402,9,17,Sports Complex,-511.03146609708034,-405.7852275772502,5
2345,88.00447281653193,22.50274711854214,1,19,Cafeteria,403.61929861137736,282.6583808016601,1
4678,88.00661625351452,22.49661710554088,0,2,other,624.0634934265317,-394.95325635735446,-1
2359,88.00492267646807,22.502761013736052,22,20,Cafeteria,449.88565129975024,284.1943555367828,1
2206,88.00449283947879,22.50340080794441,29,12,Cafeteria,405.6785811717544,354.9172073286052,0
3767,87.9954474482588,22.49697049960133,20,17,Sports Complex,-524.6048843424984,-355.8890769155445,5
1286,87.99954094865673,22.49980750098345,6,11,Library,-103.60421741110883,-42.28694413573493,2
349,87.99994663821207,22.50010679859047,22,10,Library,-61.88061737187408,-9.202586655944245,2
2137,88.00469266293169,22.502537813163784,13,13,Cafeteria,426.2296496370451,259.52176427825464,0
2691,88.00415253569587,22.503184257646872,4,19,Cafeteria,370.6796546683735,330.97973743883085,1
4560,88.00504206235347,22.49460259157905,12,21,other,462.1640273810648,-617.637629698282,-1
3967,87.99598946939759,22.495980607329187,27,6,Sports Complex,-468.86010878694134,-465.3117686780317,4
1681,88.00384499532447,22.50338051338617,2,19,Cafeteria,339.05031818873135,352.67384686073865,1
4834,87.99354875569638,22.49865379851133,8,20,other,-719.8780631312897,-169.81721540387844,-1
1443,87.99967579201301,22.4999523742235,25,11,Library,-89.73610029717703,-26.27265618063582,2
3243,88.0046586123764,22.503044712959376,6,20,Cafeteria,422.7276818610368,315.55446768303574,1
1671,88.0044704147069,22.503390196825865,13,20,Cafeteria,403.37228020643903,353.7442542847696,1
3836,87.99581377488458,22.49648789972108,24,7,Sports Complex,-486.92960920480215,-409.23566767801265,4
1179,87.9997241026707,22.499934137945974,10,10,Library,-84.76753620043893,-28.288494298391313,2
2798,88.00453888211169,22.50249218014769,0,13,Cafeteria,410.41388770040294,254.47749067933998,0
1692,88.00469047114346,22.502953334010854,19,20,Cafeteria,426.004232704001,305.453438713443,1
3956,87.9952124117108,22.4970450063114,1,18,Sports Complex,-548.7774833029474,-347.6531051843049,5
372,88.00036278590194,22.499922991428956,14,11,Library,-19.08143868647589,-29.52063028954278,2
3610,87.99600176875694,22.496443842484855,11,17,Sports Complex,-467.595167297282,-414.1057545705724,5
1916,88.0046431373043,22.5031565831894,9,19,Cafeteria,421.13613061072084,327.9206029100375,1
1357,88.00009795100135,22.499942368843705,27,11,Library,-46.31868283867115,-27.378650863261953,2
1825,88.00423546026866,22.503294517402264,8,12,Cafeteria,379.2081259173422,343.16785079982884,0
786,88.00020848053863,22.50019584762732,11,11,Library,-34.95114787166526,0.6408938776667839,2
469,87.99985604543984,22.500283442524218,18,16,Library,-71.19773324290483,10.323633780639412,3
140,88.00005686498365,22.50000605486417,6,15,Library,-50.54422068475099,-20.338798161131635,3
788,87.99998245857213,22.499850622451326,13,15,Library,-58.196632026197825,-37.52029707677153,3
323,88.00052309681892,22.499837499354797,6,14,Library,-2.594081558088002,-38.97092416713747,3
50,88.00008102099235,22.49997496148088,25,10,Library,-48.059868715258865,-23.775860749847908,2
714,87.99999059132439,22.49988248946306,8,16,Library,-57.36020994456837,-33.99771759956394,3
4889,88.00170417261432,22.49790778183808,11,17,other,118.8749911729017,-252.2818984650101,-1
2840,88.00485547338616,22.503125188719277,1,19,Cafeteria,442.97407451841724,324.45025818252907,1
2446,88.00422322831828,22.50302005447489,25,13,Cafeteria,377.9501171798924,312.82871880811706,0
4813,88.00492143127403,22.494463941771865,21,22,other,449.75758791359596,-632.9639793843804,-1
4419,87.99592798277276,22.49616879016204,22,6,Sports Complex,-475.1837700900715,-444.51003833432105,4
4596,88.00438292328958,22.50198926905273,19,4,other,394.3741266798533,198.88569824222458,-1
3015,88.00532699184309,22.503084433516715,21,12,Cafeteria,491.46792221412375,319.94517809131656,0
2666,88.00476096148527,22.502506502599356,29,19,Cafeteria,433.25389143868733,256.0606944864498,1
406,87.99973309489265,22.499607280961985,22,10,Library,-83.84272098846762,-64.4192653085279,2
3724,87.99519962438889,22.49615249595312,25,6,Sports Complex,-550.0926098518273,-446.31120018862237,4
1004,88.00017455582841,22.49972871236836,4,14,Library,-38.4401729702489,-50.996237647971014,3
3787,87.99554083161291,22.49710145386546,0,18,Sports Complex,-515.0007679286881,-341.41339255828154,5
890,88.0002051205453,22.49953845303444,24,11,Library,-35.29671017650041,-72.0275044194419,2
2411,88.00452983556907,22.503481972157424,23,20,Cafeteria,409.48348581832147,363.8890994352299,1
2545,88.00435660104037,22.50282575997195,25,13,Cafeteria,391.66698526144427,291.3514044531471,0
4833,88.00564078048754,22.49854658855461,26,13,other,523.7398693855106,-181.66820401974164,-1
2390,88.00447644540974,22.50324859181383,10,20,Cafeteria,403.99251464365545,338.0912362542887,1
3940,87.99558820131642,22.49696072069313,12,7,Sports Complex,-510.1289773262631,-356.97003742763843,4
42,87.99997108792941,22.50041531480364,28,16,Library,-59.36605860614392,24.90079554791251,3
2830,88.00433234376722,22.50339488026545,4,19,Cafeteria,389.17221863559763,354.2619616964509,1
3965,87.99526430501616,22.49695368984841,14,18,Sports Complex,-543.4404577635308,-357.7472270030586,5
303,88.00015259256635,22.49962157140185,27,10,Library,-40.69900943663564,-62.839600085923806,2
4513,88.00675304525453,22.499089916196077,12,14,other,638.1319942630716,-121.60876653204994,-1
3747,87.99454714105066,22.49673648255864,14,6,Sports Complex,-617.1979949386068,-381.75732081447177,4
664,87.99982178855433,22.500395135171644,14,15,Library,-74.72092128396041,22.670139027115397,3
1177,87.9999754150933,22.49960879930716,18,11,Library,-58.9210265534322,-64.2514274327938,2
2676,88.00439329533052,22.50292929288508,7,13,Cafeteria,395.44085093187863,302.79593267051644,0
1947,88.00416610680665,22.503198269151337,7,19,Cafeteria,372.07539086865773,332.5285691424049,1
2501,88.00380334559681,22.50346970688511,13,12,Cafeteria,334.7668049557573,362.533296233614,0
1473,88.00000367204868,22.500496818999807,11,16,Library,-56.014908096913295,33.91026939224133,3
3483,87.99512438340409,22.496852491238197,23,17,Sports Complex,-557.8308538243954,-368.9337213760606,5
3520,87.99582712914757,22.49662980372737,15,18,Sports Complex,-485.5561749606366,-393.5495988229621,5
2132,88.00409692855489,22.50317195957355,20,12,Cafeteria,364.9606755154367,329.6203084137761,0
1026,88.00000950086954,22.500105023622613,10,15,Library,-55.41543643911256,-9.398791602774068,3
961,88.00033228813253,22.50018567060459,18,10,Library,-22.218016191246644,-0.4840742149425381,2
2889,88.00491589248064,22.503461005924688,10,20,Cafeteria,449.1879444584044,361.5714920686222,1
3134,88.00442216484501,22.503356504180285,21,13,Cafeteria,398.40996872220285,350.0198692423371,0
2009,88.0047910111221,22.50285269911173,7,19,Cafeteria,436.34438024102343,294.3292569643574,1
2149,88.00404816235668,22.503375329802672,13,12,Cafeteria,359.9452608404136,352.10085354101795,0
3323,87.99550229203024,22.49669204516674,17,17,Sports Complex,-518.9644147913625,-386.66943011504486,5
2338,88.00435202412504,22.50300583737363,16,12,Cafeteria,391.19626724037954,311.25716043485687,0
3888,87.99544812198891,22.496415044993743,27,18,Sports Complex,-524.5355938088395,-417.2890292380632,5
304,87.9999947746015,22.499549215080936,23,14,Library,-56.929976090068436,-70.8378677997036,3
1440,88.00016572031717,22.500249142627645,12,15,Library,-39.348871092238994,6.532123213484766,3
1496,88.00051537589415,22.500064438135038,1,10,Library,-3.3881487772851635,-13.885111399328807,2
2652,88.00428356519703,22.50301304289031,4,19,Cafeteria,384.15553154988777,312.0536582483926,1
2875,88.00487761283745,22.50271972729287,26,13,Cafeteria,445.2510313651647,279.6305521074913,0
916,88.00015197412743,22.50013786906881,5,10,Library,-40.76261348489828,-5.768055980295799,2
4182,87.99551314717299,22.495891809830614,5,6,Sports Complex,-517.8480053881582,-475.12744417036976,4
3721,87.99557025848927,22.496512353386763,22,6,Sports Complex,-511.9743276292324,-406.5325594736544,4
2772,88.00420733604162,22.503398577821,6,12,Cafeteria,376.31565805582113,354.6706894868212,0
1624,88.00453667192555,22.50340522832802,3,20,Cafeteria,410.18657861328757,355.4058365329814,1
3837,87.9945408507523,22.496321059189743,23,18,Sports Complex,-617.8449277703522,-427.67822001221055,5
821,88.00035233686005,22.50019473412588,12,16,Library,-20.15608218931996,0.5178074284464884,3
3964,87.99571610002083,22.496565132557308,25,7,Sports Complex,-496.9750907694592,-400.698349961595,4
1354,87.99985587239982,22.500304489788075,20,16,Library,-71.21552973914108,12.650198327403146,3
4497,87.99584430761537,22.496653945010262,8,7,Sports Complex,-483.7894360580524,-390.88102141199835,4
850,87.99984421486839,22.500264984096013,3,11,Library,-72.41446171179746,8.283239126904931,2
1000,88.00034983885915,22.500142653249306,14,15,Library,-20.412991909838443,-5.239212668146678,3
3377,87.9953265029187,22.496578547013435,12,7,Sports Complex,-537.0436443021272,-399.2155159812903,4
18,87.99977299398113,22.49974395329392,29,14,Library,-79.73925421770316,-49.31150573658819,3
1637,88.00489639351439,22.5030903107564,22,20,Cafeteria,447.18255127431627,320.59484816591646,1
1667,88.00427279245403,22.5030389231588,25,19,Cafeteria,383.04759664204516,314.9144631274782,1
493,87.99978467894967,22.5001770759618,9,14,Library,-78.53750044447565,-1.4341260288895796,3
1347,88.00023357997782,22.49979068439224,11,10,Library,-32.36976773016982,-44.14585012801474,2
3727,87.99546239429138,22.496104616389243,8,17,Sports Complex,-523.0677427590297,-451.6038071795094,5
4825,88.00669414370918,22.50047309605253,4,16,other,632.0741983762616,31.287934800360233,-1
3614,87.99591797506906,22.49637886350488,7,6,Sports Complex,-476.2130236676368,-421.2885310169519,4
3481,87.99566542391706,22.49628208513501,6,18,Sports Complex,-502.18693183701623,-431.9864120222821,5
687,87.99990629479811,22.49993333691769,26,11,Library,-66.02978129789163,-28.37703996506825,2
3731,87.99615246983407,22.496124418035077,26,7,Sports Complex,-452.0961449906137,-449.41493324900244,4
1608,88.00415675525667,22.502966809050218,11,19,Cafeteria,371.1136201603479,306.94296956467787,1
4084,87.99540623544306,22.496535498037485,19,17,Sports Complex,-528.8434628762976,-403.97414978282535,5
3402,87.99511158745524,22.49635788979596,20,17,Sports Complex,-559.1468676207496,-423.6069648010499,5
1009,87.99986619119711,22.499669385510813,14,11,Library,-70.15428138922367,-57.55422848107571,2
2408,88.00423606077013,22.50313071379213,18,19,Cafeteria,379.26988516807353,325.0609997358478,1
1092,88.00018190738591,22.499989294154677,7,11,Library,-37.684093744776796,-22.191526988410786,2
1327,87.99996397811107,22.49998449899766,10,15,Library,-60.097275895120255,-22.72158364519406,3
1677,88.00483169155301,22.50308039140315,26,19,Cafeteria,440.52820505617944,319.4983628576727,1
1999,88.00453779968424,22.50299656982501,13,20,Cafeteria,410.30256422852267,310.23272561039397,1
1310,87.99999374326032,22.49997080852105,23,11,Library,-57.03604553784368,-24.234928929680137,2
3258,88.00504946652018,22.50331989167024,11,20,Cafeteria,462.9255172600376,345.9727223820551,1
1987,88.00429426947764,22.50261344275912,2,20,Cafeteria,385.25642536658376,267.88185974676014,1
3648,87.99490338231465,22.49640864694654,24,7,Sports Complex,-580.559960213429,-417.9962693757029,4
344,87.9998822404236,22.500039964098,17,10,Library,-68.50368058344411,-16.590471453396702,2
4482,87.99549567192162,22.49628858954009,1,6,Sports Complex,-519.6452673316804,-431.26741508489977,4
986,88.00037584957545,22.499903217337557,20,14,Library,-17.737890445562822,-31.706458352785134,3
4544,87.99510436171775,22.50593159560565,2,1,other,-559.8900067454769,634.6704754020179,-1
3807,87.99512088404367,22.49676505647832,18,18,Sports Complex,-558.1907494946925,-378.5987597328326,5
4523,87.99586878172737,22.49564281686837,12,13,other,-481.27236839685173,-502.65112621692083,-1
4002,87.9951773617203,22.49634744992576,27,18,Sports Complex,-552.3822391213077,-424.760988052798,5
3091,88.00460872343885,22.502941695398537,17,19,Cafeteria,417.5967977909719,304.16690650787154,1
3961,87.9947994028994,22.49688873718942,5,18,Sports Complex,-591.253840489274,-364.9270939280074,5
1142,87.99996248610324,22.499788091517846,8,10,Library,-60.2507231233208,-44.43246646365914,2
2358,88.00454119767275,22.502536107726243,11,19,Cafeteria,410.6520341903649,259.3332452125253,1
1198,88.00005597853351,22.50015551749757,26,10,Library,-50.63538864935287,-3.817198664851489,2
85,87.9998745607391,22.500173276401817,21,14,Library,-69.29350640055743,-1.8541293895181354,3
1518,88.0044095193599,22.503103834635947,3,13,Cafeteria,397.1094295383245,322.0897778112266,0
516,88.00012522929691,22.499933871289677,8,15,Library,-43.513215754770414,-28.317970485466475,3
1381,87.99987802214797,22.49946982496184,26,14,Library,-68.93751390036608,-79.61365156473143,3
2716,88.0045572085863,22.503356962851505,17,19,Cafeteria,412.29869465929556,350.0705707590088,1
3084,88.00484065488729,22.503922675659457,15,12,Cafeteria,441.4500492832248,412.60446454994076,0
1014,88.0004339909508,22.499968636435,28,11,Library,-11.758275099684996,-24.475031321514678,2
128,88.00002491284127,22.50001696387763,9,10,Library,-53.830374817843506,-19.132915813102116,2
1364,88.00029914287542,22.50010215182693,19,16,Library,-25.626877554575078,-9.716239897576742,3
3623,87.99553864631643,22.496457623598666,9,17,Sports Complex,-515.2255172108103,-412.5823902499037,5
4970,87.99698901727734,22.498024491418555,6,5,other,-366.06047934979364,-239.38082143934722,-1
891,88.00012681850778,22.499767622284956,7,10,Library,-43.349771570039536,-46.695135467320625,2
2793,88.00449813949257,22.502971646791178,14,20,Cafeteria,406.22366706897674,307.47773345037734,1
4238,87.99594848418936,22.496542212991667,19,7,Sports Complex,-473.07527876905556,-403.23187874754376,4
1359,88.00004583997995,22.500048526907737,8,10,Library,-51.678099629389635,-15.64393846518648,2
307,87.99985210715279,22.50012718125581,1,15,Library,-71.60277081806592,-6.949486829212574,3
1661,88.0045330496046,22.502390303722706,8,20,Cafeteria,409.8140369286682,243.21607066150506,1
2431,88.00389508450375,22.50352668371553,15,13,Cafeteria,344.20179634533616,368.8315150684307,0
3934,87.99527119028957,22.49648598697737,23,6,Sports Complex,-542.7323340516105,-409.44710236802007,4
1317,87.99992369382392,22.500092183286828,22,15,Library,-64.24035885818961,-10.818162320432307,3
4303,87.99577269571897,22.496528126814088,3,17,Sports Complex,-491.15444233990866,-404.78896481712985,5
2474,88.0048769707305,22.50295998589974,7,12,Cafeteria,445.18499315245447,306.18873851079593,0
2542,88.00526303879789,22.5032926183262,1,13,Cafeteria,484.89059912536806,342.9579269316696,0
1246,88.00000852086707,22.50006033048373,25,14,Library,-55.51622589867767,-14.339171174815064,3
1208,87.99964934868206,22.499912146441076,5,10,Library,-92.45569450376678,-30.71943524981748,2
216,87.99980679369637,22.500082995082643,10,15,Library,-76.26308436919818,-11.833826411047852,3
4292,87.99519452526627,22.49664296986835,13,6,Sports Complex,-550.6170348705253,-392.0942135989208,4
3062,88.0047506628271,22.503060675118657,8,12,Cafeteria,432.19471431989746,317.31892477000804,0
1239,88.00040709915578,22.50021349399414,13,15,Library,-14.52399209892898,2.5915232656797116,3
2289,88.00491795059115,22.50343155773262,18,20,Cafeteria,449.3996131559233,358.3162889172336,1
2740,88.00498961274998,22.5027059179512,20,12,Cafeteria,456.7697887339871,278.10406747927095,0
275,88.00011552586857,22.499669994372194,26,11,Library,-44.51117579105063,-57.4869249440345,2
489,88.00022040993923,22.50010798063617,1,11,Library,-33.72425520759033,-9.071923324218503,2
1035,88.00039349669082,22.49992622752144,5,15,Library,-15.922952954834283,-29.16291262658426,3
1229,88.00055263075039,22.49987867354116,16,10,Library,0.44336894545471556,-34.419529606416575,2
4585,88.00348213089416,22.5015275156109,4,12,other,301.7311164499118,147.84347278240097,-1
1008,88.00026238817883,22.499662231408447,20,14,Library,-29.406955794474406,-58.3450429566701,3
4689,88.00251780292865,22.498106075792244,10,22,other,202.55371883106594,-230.36248477179058,-1
4026,87.99554227658139,22.496218473474386,1,17,Sports Complex,-514.8521585155305,-439.01804498779,5
3182,88.00415018023722,22.502953409564668,5,20,Cafeteria,370.4374048661977,305.4617904320284,1
2532,88.00426443901196,22.502893828873496,7,12,Cafeteria,382.18847746759434,298.8757408298926,0
4169,87.99574937655474,22.49592052622394,28,18,Sports Complex,-493.55272809487184,-471.95313405197624,5
1058,88.00013590003864,22.50008195529321,29,16,Library,-42.41577128222318,-11.948764734799795,3
2166,88.004537171164,22.502926228120717,1,12,Cafeteria,410.237923355279,302.45715361771227,0
4578,88.00260975234272,22.4952220480992,19,1,other,212.0103600633818,-549.1629059606988,-1
281,88.00016553266863,22.499979223606843,15,16,Library,-39.36817001789467,-23.30472534596595,3
3565,87.99487625972131,22.49681440589239,26,17,Sports Complex,-583.349413926385,-373.14367550154964,5
1316,87.99973372158424,22.500120516681832,24,14,Library,-83.77826818508281,-7.686188836644874,3
4978,87.99331425754026,22.49449205626434,27,11,other,-743.9952905706245,-629.8562033864423,-1
968,87.99998996051234,22.5001708322482,17,14,Library,-57.42508652190178,-2.124306130175455,3
3126,88.00448812412995,22.50314367347799,8,20,Cafeteria,405.1936258005322,326.49356341056836,1
3920,87.9961676217354,22.496693769593275,7,6,Sports Complex,-450.53783060386803,-386.47881200577893,4
3166,88.00445374928849,22.50302343036033,25,12,Cafeteria,401.6583064468166,313.2018891844183,0
3519,87.99583131640792,22.49643046580316,24,6,Sports Complex,-485.12553144619665,-415.58441296491543,4
619,88.00005597100606,22.49995224305935,29,14,Library,-50.636162818143774,-26.287155065750696,3
3346,87.9955007642568,22.496230055704164,3,17,Sports Complex,-519.1215403739878,-437.73774530813773,5
1742,88.00453356901134,22.502829995473483,17,13,Cafeteria,409.8674559008496,291.8195967924639,0
1390,88.00011499303574,22.50003531428502,22,11,Library,-44.56597558447092,-17.104461780105993,2
4050,87.9953521264366,22.49702287485028,1,17,Sports Complex,-534.4083646939301,-350.09951689638217,5
1847,88.00509720280515,22.50264178735756,21,20,Cafeteria,467.83500934634384,271.0150716584073,1
1579,88.00500818112012,22.502853771536248,2,19,Cafeteria,458.67947371060535,294.44780277048756,1
1655,88.00418786086881,22.503003516857383,14,19,Cafeteria,374.31271193565664,311.00065056874894,1
2352,88.00454287281629,22.50284694483419,4,19,Cafeteria,410.8243162173909,293.69317912491226,1
2212,88.00444071685659,22.50353577001397,21,13,Cafeteria,400.3179712847344,369.83591449768,0
2020,88.0047390716324,22.503000091400803,14,12,Cafeteria,431.0026048225229,310.6220005984267,0
4972,87.99525236714838,22.50211325571905,11,23,other,-544.6682212445442,212.59118433729475,-1
1956,88.00453160171344,22.503160641866103,5,13,Cafeteria,409.66512692819634,328.3692490326092,0
1307,87.99999772025083,22.49979173598575,12,15,Library,-56.62702746148966,-44.02960698170851,3
2003,88.00442493691817,22.502904836969247,23,19,Cafeteria,398.6950657138892,300.0925757341526,1
4455,87.99541769229262,22.496250341184904,18,6,Sports Complex,-527.6651702567314,-435.4953882670816,4
575,87.99944721617275,22.499920981785998,20,10,Library,-113.24424047956549,-29.742776222198728,2
4089,87.99583225377444,22.495910816253435,21,7,Sports Complex,-485.02912692863595,-473.0264741916948,4
4319,87.99477048393254,22.49686301001539,28,6,Sports Complex,-594.2280442641321,-367.77097574531297,4
4436,87.9955336032438,22.49671644252551,29,18,Sports Complex,-515.7441777056437,-383.972546076447,5
1706,88.004810600406,22.50279343498573,27,13,Cafeteria,438.35906224630054,287.77820047617104,0
3742,87.99574472435354,22.49654994094427,25,18,Sports Complex,-494.0311889759938,-402.37763086678865,5
3470,87.99527628226319,22.497005520194197,22,7,Sports Complex,-542.2086442796609,-352.0179005798818,4
1280,88.00003338522619,22.50021862926853,1,16,Library,-52.95902283176247,3.1591764970141867,3
861,87.99962106397125,22.49966183242854,19,11,Library,-95.36466749915989,-58.389146195577766,2
4145,87.99546984326358,22.496256511739546,9,18,Sports Complex,-522.3016448089787,-434.81329515701333,5
1801,88.0039775828181,22.50295435786998,13,12,Cafeteria,352.68642856282634,305.56661610137013,0
1628,88.0045849513016,22.50309432012622,20,20,Cafeteria,415.15192551406085,321.0380439059336,1
1993,88.00412953328676,22.503229027666347,6,20,Cafeteria,368.31394595109765,335.9286153915733,1
2639,88.00425229137193,22.50316357272745,22,20,Cafeteria,380.939139722555,328.69322644575385,1
269,88.00003268514432,22.50013787134401,28,16,Library,-53.031023541532825,-5.767804479635572,3
629,88.00027354787962,22.500179546431426,6,11,Library,-28.25922377574116,-1.1610403166054084,2
3081,88.00454015157453,22.50297578133513,3,19,Cafeteria,410.5444470387057,307.93476593898913,1
2334,88.00420552960162,22.50256450774688,27,20,Cafeteria,376.1298726962383,262.47258349358935,1
2966,88.00493935406507,22.50252740901632,1,19,Cafeteria,451.6008775800787,258.3716898176326,1
300,87.99979275124727,22.50047529767144,21,11,Library,-77.70729588982563,31.53130175450748,2
459,87.99970053052685,22.500055809728533,22,14,Library,-87.19183992960947,-14.838895454373855,3
1447,88.0001465910047,22.499252216007275,24,15,Library,-41.31624681666775,-103.66814540226265,3
1472,87.99996649570834,22.49965792124029,17,14,Library,-59.83835076374249,-58.82148894489781,3
2046,88.00490451591159,22.502455009328862,4,20,Cafeteria,448.0179083789472,250.3686283660643,1
4228,87.99589712389495,22.49687567830385,26,17,Sports Complex,-478.35748619475595,-366.37062313864703,5
3764,87.99557918333105,22.49653919367642,8,18,Sports Complex,-511.0564422069465,-403.5656338550133,5
2113,88.00495789981852,22.50319794848932,18,12,Cafeteria,453.5082365178029,332.49312316295425,0
27,88.00009392450458,22.50038581088207,9,14,Library,-46.732792441686065,21.639432057481756,3
3839,87.99568243049673,22.49679457128952,12,18,Sports Complex,-500.43787096331863,-375.33619250283937,5
4522,87.99362610700813,22.494463960634132,15,13,other,-711.922780202968,-632.9618943494509,-1
837,87.99975041148981,22.500012443421795,2,11,Library,-82.06177601542062,-19.63260700115086,2
3826,87.99603064066314,22.496230283717452,5,6,Sports Complex,-464.62580352976386,-437.71254071925455,4
2008,88.00438144305008,22.502725404253347,21,20,Cafeteria,394.2218897779477,280.2580833185989,1
4907,87.99763370171303,22.498267599861688,18,1,other,-299.757181194313,-212.50761413543523,-1
503,88.00014074230917,22.49992300961759,27,11,Library,-41.91776250649691,-29.518619718070624,2
3206,88.00477547477611,22.50306930177952,3,19,Cafeteria,434.7465272093667,318.2725158616063,1
4304,87.99494797007019,22.496514183029813,22,17,Sports Complex,-575.9742821886972,-406.33031073086323,5
380,87.99979006953946,22.500241212908275,9,11,Library,-77.98309915542367,5.655572034322134,2
1851,88.00459818678078,22.50286791723013,26,20,Cafeteria,416.51314330405546,296.01146777220697,1
1525,88.00416321056647,22.50324215085474,7,20,Cafeteria,371.77752378009586,337.37925263642194,1
2365,88.00472814721986,22.502896343587725,27,12,Cafeteria,429.8790712898047,299.1537173407499,0
4147,87.99516870241852,22.49697463734997,5,17,Sports Complex,-553.2728147817164,-355.43169018051697,5
3052,88.00482166515545,22.50332908408733,16,13,Cafeteria,439.49702888669015,346.98885216705713,0
2884,88.00428319439001,22.50302114582768,8,20,Cafeteria,384.11739548403335,312.9493569454654,1
2340,88.00424097540855,22.50329637299932,4,12,Cafeteria,379.77533670177127,343.3729684983512,0
374,88.00053829561438,22.50032757718653,9,15,Library,-1.0309442916886555,15.202279352449679,3
3260,88.00420757764411,22.50260754332105,20,19,Cafeteria,376.34050593676955,267.2297358626434,1
2381,88.00481006918652,22.50248277109152,3,20,Cafeteria,438.3044283790771,253.43741361004112,1
4309,87.99532309347663,22.496249867559108,26,17,Sports Complex,-537.3942922188057,-435.54774286261124,5
939,87.99985898034231,22.49959835572481,19,16,Library,-70.89588988720647,-65.4058610258641,3
4198,87.99563602653612,22.496378374895105,3,6,Sports Complex,-505.21033864769475,-421.34254194146513,4
4165,87.99565694463732,22.496713144556274,21,18,Sports Complex,-503.0589929288954,-384.3371035958354,5
2799,88.0047717969068,22.503030072589443,10,13,Cafeteria,434.36827259001757,313.9361211906131,0
2147,88.00423378228297,22.503170644503463,2,19,Cafeteria,379.0355515855004,329.4749405664028,1
3817,87.99586065357498,22.496218823848533,7,17,Sports Complex,-482.1083173997713,-438.97931462952835,5
4540,88.00243178097386,22.494021158183426,3,4,other,193.70669383652037,-681.9092772505342,-1
4216,87.9956748456179,22.495846813922803,11,18,Sports Complex,-501.21794638424655,-480.10129181972854,5
2068,88.00459612953787,22.502966101911092,17,19,Cafeteria,416.3015638359508,306.86480240569847,1
529,87.99977392084372,22.499877090953596,17,10,Library,-79.6439299881438,-34.5944688358513,2
4604,88.00306346661144,22.49665742328512,4,20,other,258.67311593417423,-390.4965329090571,-1
636,88.00020579264599,22.50002546407381,5,11,Library,-35.22758722349187,-18.193304127286964,2
1269,88.00030902329381,22.499950883354146,14,10,Library,-24.61071477771744,-26.437456879146453,2
185,88.00017850012352,22.50029691984712,18,14,Library,-38.034517488848174,11.813417054241242,3
4349,87.99511202601823,22.49620866369426,25,7,Sports Complex,-559.1017631150123,-440.1024180827207,4
3179,88.00425734110766,22.502675364214863,0,19,Cafeteria,381.4584854914558,274.7266574645321,1
3454,87.99625793250829,22.49619265740374,16,6,Sports Complex,-441.2497172725202,-441.8717534370603,4
1797,88.00459934395275,22.503074256518502,14,13,Cafeteria,416.6321539604163,318.82021270884707,0
2979,88.00446017943919,22.50289591336502,29,20,Cafeteria,402.31962255093623,299.1061605228882,1
1441,88.00029336846437,22.499883376155196,9,10,Library,-26.22075337407924,-33.899702650980146,2
3427,87.99584177730618,22.49624208452672,2,6,Sports Complex,-484.04966856140913,-436.40807926272157,4
4874,88.00300416859695,22.499009914228218,2,23,other,252.57454473059335,-130.45218405921574,-1
1535,88.00427169244465,22.503299601035028,11,13,Cafeteria,382.93446493576425,343.7297955656194,0
3443,87.9953392728607,22.496822868409584,13,7,Sports Complex,-535.7303052090562,-372.20822885096203,4
1273,87.99992089788758,22.499612845425283,10,14,Library,-64.5279100855341,-63.804169535650175,3
2467,88.00403563796169,22.502840086669384,4,20,Cafeteria,358.6571753070195,292.9350775872754,1
607,87.99968883632417,22.5001595979814,23,15,Library,-88.39454339862438,-3.366141982290145,3
3513,87.99542425345093,22.496557199737136,22,7,Sports Complex,-526.9903805271418,-401.5752439033437,4
1712,88.00478590047783,22.50292151484868,17,13,Cafeteria,435.81877026529224,301.9361485266816,0
2199,88.0049365781481,22.50301035106957,6,20,Cafeteria,451.3153852675368,311.7561043838326,1
955,88.0002793239579,22.500371811538837,17,15,Library,-27.665176487913183,20.09194465669175,3
2579,88.00426090320047,22.50306824426425,10,19,Cafeteria,381.824832945906,318.1556181236583,1
3897,87.99563704291135,22.49653763375015,3,17,Sports Complex,-505.10580838977637,-403.73806810469546,5
4425,87.99526870558114,22.496563173619627,11,17,Sports Complex,-542.9878766936697,-400.9148909327989,5
3380,87.99500319838121,22.49545934284005,9,17,Sports Complex,-570.2942642296207,-522.9323453072635,5
3685,87.99548163415038,22.496978175174824,20,7,Sports Complex,-521.0889977527137,-355.0406190213074,4
403,88.00001174514844,22.50009241054805,8,16,Library,-55.18462104320109,-10.793040865019066,3
2071,88.0047090277429,22.50307055113109,27,20,Cafeteria,427.91270711024856,318.4106191841269,1
4755,88.00519681450808,22.49660907565361,3,10,other,478.07968732204887,-395.8408800964503,-1
1977,88.00455827842289,22.50318429550205,29,12,Cafeteria,412.4087232099827,330.98392195007114,0
158,87.9997021741257,22.49974836435868,29,11,Library,-87.02280215149425,-48.82390663785685,2
1748,88.00417796826426,22.50301881251217,4,12,Cafeteria,373.2952958590967,312.69143224892554,0
2909,88.00466733617212,22.503197163751075,23,13,Cafeteria,423.6248904741062,332.4063781974444,0
3534,87.99572903584694,22.49645922907658,11,7,Sports Complex,-495.64469113866625,-412.4049207210752,4
902,88.00000718620574,22.49986332997885,6,10,Library,-55.65349064944429,-36.1156069842167,2
352,88.0002144149058,22.49970159079206,3,10,Library,-34.340821184949455,-53.99425669201641,2
1230,87.99986062705375,22.50030771862829,26,14,Library,-70.72653199133316,13.007114324643752,3
4670,88.00527689409675,22.50462529018213,12,3,other,486.31556296893785,490.27147388623325,-1
2140,88.00487616006664,22.50313210450512,25,20,Cafeteria,445.1016195128145,325.21472914957724,1
444,87.99967388262488,22.500155392972463,22,14,Library,-89.93247347389155,-3.830963670339216,3
4948,88.0042131277415,22.50277784558272,0,13,other,376.91131196417956,286.05494786751353,0
754,87.99976265027779,22.499686901638896,9,10,Library,-80.8030640577595,-55.61799568286858,2
1737,88.00437284937342,22.502880179989152,24,20,Cafeteria,393.33806340663665,297.36699315444946,1
2971,88.00434052423495,22.50294873587656,20,12,Cafeteria,390.0135480690103,304.9451609487084,0
4979,88.00686120924411,22.503951809915076,7,5,other,649.2562418078478,415.8249651661277,-1
2920,88.00457582476727,22.50269028070511,16,13,Cafeteria,414.2132967945726,276.375526296483,0
311,88.00027469421299,22.500036698252995,6,11,Library,-28.141327826445806,-16.95147796035819,2
548,88.00009278646834,22.49991802632087,26,10,Library,-46.84983506272755,-30.069473337419197,2
4052,87.99561043302933,22.497349162301347,15,6,Sports Complex,-507.8425317296022,-314.03170205546076,4
4761,88.00337137628114,22.50264061919442,7,16,other,290.3404333147296,270.8859429047647,-1
1989,88.00495664402756,22.503467821704668,25,12,Cafeteria,453.37908327938584,362.32490838755825,0
306,88.00031941622395,22.500066781662756,4,10,Library,-23.54184215201493,-13.626057845320148,2
2335,88.00484235135515,22.502971824408405,26,12,Cafeteria,441.62452443455754,307.4973672587154,0
694,88.00014827531449,22.500047426541904,13,11,Library,-41.14302207558978,-15.765572904281129,2
2356,88.00446826363732,22.50316063463853,25,13,Cafeteria,403.1510510285077,328.36845009666695,0
1927,88.00472163895515,22.502677740882486,3,19,Cafeteria,429.209721461882,274.9893743036441,1
684,87.99969446804778,22.499447034522166,9,14,Library,-87.8153424299291,-82.13290676611287,3
749,87.99964833472579,22.50023041252798,11,14,Library,-92.55997597981253,4.461697996513365,3
4008,87.99613404452063,22.496392347913652,29,6,Sports Complex,-453.9911171399915,-419.79796447131685,4
1266,87.99997219348467,22.499991596858823,1,14,Library,-59.25235652847017,-21.936986072059668,3
3285,88.00463713928382,22.50349347426292,5,12,Cafeteria,420.5192574267719,365.16054217691084,0
3529,87.99599491019745,22.496031168726752,27,18,Sports Complex,-468.3005435859635,-459.72271179122276,5
4423,87.9955153651866,22.496485418991817,14,7,Sports Complex,-517.6198912749397,-409.5098874909298,4
3984,87.99516928194707,22.496874306585845,19,17,Sports Complex,-553.2132125145437,-366.52225284711176,5
3083,88.00460192626163,22.501977309978766,15,19,Cafeteria,416.89773443073113,197.56374220643954,1
3061,88.00467054423153,22.50341304820859,7,13,Cafeteria,423.95482696373585,356.27024613106323,0
3025,88.00418202252825,22.502889357525444,26,19,Cafeteria,373.71226121405687,298.38147801614673,1
970,88.00003202610372,22.50026824451194,0,10,Library,-53.09880331504337,8.64364550342863,2
13,87.99952167993884,22.49953336584573,9,10,Library,-105.58593044274969,-72.58984225957491,2
873,87.99981726749002,22.50012544568404,25,16,Library,-75.18589524406144,-7.1413369324561415,3
808,88.0003139390314,22.50013362641212,1,11,Library,-24.105150198951534,-6.237039250804841,2
3198,88.00418073695384,22.503035657508967,16,19,Cafeteria,373.58004486308295,314.5534781948162,1
514,87.99985580716736,22.500207368710484,20,14,Library,-71.22223864466496,1.9144344105099265,3
4472,87.99542835246828,22.49687888795304,5,18,Sports Complex,-526.5688124634622,-366.01582851718626,5
409,88.00012860970851,22.50003573577369,23,15,Library,-43.1655535099467,-17.05787042274885,3
3408,87.9949522591373,22.49671868623807,8,18,Sports Complex,-575.5331682414806,-383.724526090289,5
4342,87.99550916480223,22.49654687965904,28,17,Sports Complex,-518.2575768017567,-402.716025336184,5
207,88.00012844648772,22.50047497048372,28,16,Library,-43.18234013622532,31.495134423886455,3
3691,87.9951092422007,22.496325279300603,25,7,Sports Complex,-559.3880679703132,-427.2117289577599,4
458,87.99986158767366,22.500264014202266,14,16,Library,-70.6277359524261,8.176027072052108,3
3471,87.99544530328215,22.49591465841597,5,18,Sports Complex,-524.8254868859246,-472.6017615450985,5
2430,88.00440482213449,22.503136158047088,19,12,Cafeteria,396.6263380916949,325.6628076787049,0
3657,87.9953904748615,22.49651384940345,8,17,Sports Complex,-530.4643776689336,-406.3671897891253,5
110,87.99952030719618,22.499927047182773,6,15,Library,-105.72711171032665,-29.07230726268395,3
4589,88.00408623971087,22.49827878908805,10,1,other,363.8613692930556,-211.27075705324393,-1
4044,87.99516594648081,22.49726206213337,11,6,Sports Complex,-553.556252305359,-323.6597546237089,4
1883,88.00480553603778,22.503011905614525,25,20,Cafeteria,437.8382115823769,311.9279437831566,1
1713,88.00422271226233,22.5024476454666,16,12,Cafeteria,377.8970428236582,249.5546270315038,0
3958,87.99531530450584,22.496719076233592,3,7,Sports Complex,-538.1953577077414,-383.6814159850798,4
3399,87.9956289741554,22.496633711797003,21,6,Sports Complex,-505.9356487001127,-393.11760080570366,4
552,88.00029194551541,22.49983547087773,23,15,Library,-26.36709816481475,-39.195152022048276,3
1439,88.00018371944651,22.499901882223483,5,11,Library,-37.497730327607556,-31.85404186257017,2
2270,88.00455821651991,22.502389037288243,20,19,Cafeteria,412.40235672810894,243.0760789959566,1
3144,88.0044542714555,22.50314685135028,25,13,Cafeteria,401.71200930247,326.84484541357676,0
2821,88.00525219956988,22.50274237004734,21,19,Cafeteria,483.7758264911636,282.13348218656256,1
4781,87.99441869677786,22.494513631632817,12,13,other,-630.4079910927983,-627.4712621548327,-1
1925,88.00450171482582,22.5029975692758,4,12,Cafeteria,406.5913762512198,310.34320490039124,0
634,87.99974697390618,22.499911489822264,12,14,Library,-82.41531818224264,-30.792017893368424,3
4805,88.00359253565634,22.495743313403445,17,11,other,313.08581878111414,-491.54223922962717,-1
316,88.00017048824283,22.499462046149667,13,14,Library,-38.85850839834612,-80.47352146224384,3
4217,87.9958095548531,22.496233900446484,24,7,Sports Complex,-487.3636231041577,-437.3127474920773,4
4699,87.99877803417917,22.505530353795383,17,2,other,-182.0670176169588,590.3172056952001,-1
1328,87.99969757631429,22.500237862319263,12,11,Library,-87.49566925361734,5.285197924982654,2
427,88.000171512865,22.49992849894453,14,14,Library,-38.75312997576426,-28.911829517963454,3
4374,87.99529674061831,22.496209049236583,14,7,Sports Complex,-540.1045816647452,-440.0598002344884,4
105,88.0001010127142,22.49976166784793,23,16,Library,-46.003797526644085,-47.35333893608889,3
3041,88.00473190027881,22.502831525815445,20,12,Cafeteria,430.2650588717205,291.9887607928989,0
142,87.99959812919136,22.499980089652187,0,10,Library,-97.72342081341276,-23.20899269365306,2
2169,88.00475454679828,22.50341421431277,28,12,Cafeteria,432.59416571748443,356.39914728715667,0
3458,87.99515041269574,22.49655737342226,5,7,Sports Complex,-555.1538419573675,-401.5560447498282,4
89,88.00012831685828,22.500021535970763,11,11,Library,-43.19567202238132,-18.6275166382314,2
2918,88.00467192817817,22.50315942143436,16,13,Cafeteria,424.0971605172734,328.23434250790996,0
3237,88.00426744988691,22.50314697519272,18,20,Cafeteria,382.4981342987004,326.8585349569278,1
2241,88.00460156290771,22.50354106840189,1,12,Cafeteria,416.8603648869354,370.4215982985979,0
3174,88.00457945354535,22.50311311343206,13,20,Cafeteria,414.58650256982344,323.1154559336324,1
3412,87.99556310676797,22.49629186445449,29,6,Sports Complex,-512.7098544744242,-430.9054060469154,4
2163,88.00402995747265,22.50344129722861,26,13,Cafeteria,358.072959002756,359.39289280398435,0
2636,88.00439300508184,22.502801571708503,23,20,Cafeteria,395.4109999790719,288.6776338114862,1
1949,88.00456101859301,22.503680418399536,20,13,Cafeteria,412.69053909732133,385.8253470383719,0
1768,88.00474494880716,22.502909245683703,20,12,Cafeteria,431.6070494914044,300.57991503018695,0
4290,87.99577289366377,22.497086472702847,18,6,Sports Complex,-491.1340844836098,-343.06941027368254,4
2272,88.00397948391836,22.503216924010044,20,20,Cafeteria,352.88194936420547,334.59067722384,1
1,87.9999654339247,22.49986220357092,22,11,Library,-59.947551099669575,-36.24012011685252,2
3282,88.00472823465155,22.502550426300832,20,12,Cafeteria,429.88806330027666,260.9160204476057,0
4957,87.9963523673972,22.49991618554041,12,8,other,-431.5374545762959,-30.27295320942521,-1
1951,88.00446716362035,22.503157010222303,8,12,Cafeteria,403.037918541769,327.9678071269676,0
935,87.99987448644391,22.49990761826779,5,15,Library,-69.30114737287711,-31.219979524766046,3
4296,87.99588594221613,22.496431823632552,6,6,Sports Complex,-479.50747856823966,-415.4343185041163,4
2720,88.00418531387939,22.50283284166712,18,20,Cafeteria,374.05076393498877,292.1342150372202,1
4447,87.99559831189431,22.497357005445863,24,17,Sports Complex,-509.089143535914,-313.16472086065403,5
1109,88.00047850783847,22.50031871876032,20,11,Library,-7.179885560979182,14.223068919256292,2
3960,87.99534224090296,22.49627550447349,8,18,Sports Complex,-535.4250535548565,-432.7138383466704,5
591,87.99988058563831,22.5000751185899,23,15,Library,-68.67386884399014,-12.704493918702937,3
1695,88.00451378781882,22.50278163457814,28,13,Cafeteria,407.83303683788387,286.4737834213969,0
3450,87.99514341818085,22.496288846102928,0,17,Sports Complex,-555.8732007329018,-431.2390546287287,5
2936,88.00470449228908,22.503158755073887,12,20,Cafeteria,427.4462532443883,328.16068302107476,1
4204,87.99520526545861,22.49610226869165,19,17,Sports Complex,-549.5124476719388,-451.8633216713165,5
3411,87.99561736103975,22.496772571007792,17,6,Sports Complex,-507.1300126812662,-377.7681036450459,4
1576,88.00489857384142,22.503191655130266,21,12,Cafeteria,447.40678946768173,331.7974552531865,0
3954,87.99557001182556,22.49683997049959,16,17,Sports Complex,-511.99969603604575,-370.31776382175474,5
213,88.00016284781283,22.500211855419288,25,15,Library,-39.644297041925476,2.4103952016595542,3
778,87.99998139164272,22.500166578125228,5,15,Library,-58.306361585563074,-2.5945568837092736,3
1415,88.00023196003202,22.500462152208325,13,11,Library,-32.53637288283001,30.078202261832487,2
3759,87.99504638295753,22.49668050186671,25,6,Sports Complex,-565.8528977555438,-387.9454265003185,4
2043,88.00397847192914,22.50260434296725,5,12,Cafeteria,352.77787019187275,266.8759687533247,0
2848,88.00427714236447,22.50351417774013,2,12,Cafeteria,383.49496808912477,367.44910454750226,0
4537,87.99599369357934,22.49701167378576,15,20,other,-468.4256680488059,-351.3376825684616,5
3505,87.99511692697371,22.496488426199523,6,17,Sports Complex,-558.5977188197332,-409.1774707511127,5
3813,87.99549374824579,22.495664013988133,20,7,Sports Complex,-519.8431099422818,-500.3079965981709,4
1567,88.00478012386264,22.503034500458355,7,12,Cafeteria,435.22466775934697,314.4255778201915,0
165,88.00010319523173,22.499994282984424,9,15,Library,-45.77933404844612,-21.640061748118598,3
4714,87.99928607810946,22.499599275191112,28,18,other,-129.81666640331056,-65.30422322081812,3
4272,87.99536434668806,22.496931271483096,2,7,Sports Complex,-533.151559144656,-360.2253531050059,4
4926,87.99349044314117,22.50112651470438,16,19,other,-725.8752836633298,103.51683257594289,-1
1343,88.0002976615687,22.499708055112183,21,10,Library,-25.779224216026268,-53.279690745648125,2
2013,88.00442759716827,22.502979810636496,19,12,Cafeteria,398.96866213724695,308.38016491192593,0
273,88.00000255826525,22.50004865186381,12,11,Library,-56.12945641002909,-15.630125820773983,2
71,88.00038450914161,22.499686427644207,20,14,Library,-16.847287593362697,-55.670391055772086,3
3887,87.99545634864462,22.49653966706237,25,17,Sports Complex,-523.6895141207293,-403.51330577219903,5
1087,88.00005969728976,22.49994925484065,12,10,Library,-50.25292896743634,-26.617472760853076,2
394,88.00029486003018,22.4999779092602,25,15,Library,-26.067351605350943,-23.450013223989927,3
583,88.00056767321445,22.499425954761715,12,16,Library,1.9904281330686149,-84.46306348636192,3
1367,87.99976668301024,22.49977832976943,13,10,Library,-80.38831313915674,-45.51153013354458,2
4987,88.0010902034763,22.50454357111408,24,17,other,55.73064245935639,481.238248104061,-1
4088,87.99592832776788,22.49646584213845,17,17,Sports Complex,-475.1482886767512,-411.673912862297,5
2548,88.00425447030402,22.50250087905992,3,13,Cafeteria,381.16323445199953,255.43906843710778,0
1013,87.99982770304548,22.49993626105161,8,14,Library,-74.11263876811852,-28.05380620156356,3
4897,88.00456197589203,22.49642998859525,15,17,other,412.78899359534324,-415.6371635275408,-1
3003,88.00453503192999,22.5036816544358,17,20,Cafeteria,410.01791141960916,385.96197848674984,1
4788,88.0030382105273,22.49594155409868,25,21,other,256.0756254652033,-469.62871277849786,-1
4407,87.9954717145494,22.496811242198667,3,17,Sports Complex,-522.1091903077564,-373.4933902056896,5
3532,87.99524875137499,22.49651150218089,9,18,Sports Complex,-545.0400895388078,-406.6266517707464,5
1763,88.00426195106249,22.503334414380543,24,20,Cafeteria,381.9326014969948,347.578062778826,1
1875,88.0044626056785,22.50266524693591,22,19,Cafeteria,402.56915186971986,273.60829344893824,1
1259,87.99998605773058,22.50015567780597,16,16,Library,-57.82647251497003,-3.799478174376958,3
4530,87.9995973178992,22.495087056025447,4,18,other,-97.80685907027836,-564.0849297934541,-1
2253,88.00463649285074,22.5027420179797,9,13,Cafeteria,420.45277428736927,282.0945646295465,0
2781,88.00454803991096,22.503012340595163,8,12,Cafeteria,411.3557318985566,311.9760265429005,0
3592,87.99579584565397,22.496084964781147,14,7,Sports Complex,-488.7735611554636,-453.77609593838287,4
526,87.99959311439054,22.50045012779538,10,16,Library,-98.23917366170596,28.749023654755987,3
4263,87.9954271281597,22.496315763197213,10,17,Sports Complex,-526.6947278603221,-428.26363902646045,5
2946,88.00447144226442,22.502296349242915,20,12,Cafeteria,403.47796051855954,232.8303424654211,0
377,88.00004583550144,22.499947694531564,19,15,Library,-51.67856022662154,-26.789949327359608,3
1559,88.00494004732491,22.50336382125428,7,12,Cafeteria,451.67217667001466,350.8286986016137,0
3820,87.99560210645389,22.496444297684963,11,7,Sports Complex,-508.6988877751979,-414.05543675055475,4
1963,88.0047007371973,22.5026569017601,11,20,Cafeteria,427.0600565933307,272.68581771520167,1
4732,88.00025017466854,22.502611903273653,5,4,other,-30.663068040027763,267.7116850232262,-1
348,87.99982038894468,22.50024236430013,24,14,Library,-74.86486571693082,5.782846890142324,3
2434,88.00460340085579,22.50344853732306,15,12,Cafeteria,417.0493907305242,360.1932128446065,0
2246,88.0044785974908,22.503497130603165,11,13,Cafeteria,404.2138478490063,365.56471402747235,0
4166,87.99562400828354,22.49664661906398,13,7,Sports Complex,-506.44636939353455,-391.6908315139676,4
1709,88.00422110981434,22.503372359183825,8,12,Cafeteria,377.7322372516713,351.7724813335824,0
1050,87.99984360932463,22.49960350417194,24,10,Library,-72.47673954309536,-64.83675168011892,2
590,88.00001789155931,22.50008168619115,20,11,Library,-54.55248648274403,-11.978511276484198,2
519,88.00018784678085,22.49969018540129,25,15,Library,-37.073249971179465,-55.255008587982886,3
4752,87.99694310155813,22.496284226740325,25,9,other,-370.78273329678035,-431.74967897082604,-1
4308,87.99592399962629,22.49643671739422,18,6,Sports Complex,-475.5934212828223,-414.8933620891501,4
2477,88.00393308860717,22.50312017303143,5,20,Cafeteria,348.1103712394463,323.89582404789115,1
1083,88.00051918699589,22.50030589222061,13,16,Library,-2.9961917194968875,12.805223219772017,3
3588,87.99552218418744,22.496462205709896,20,17,Sports Complex,-516.9185834409485,-412.07588367444134,5
4778,87.99465182091654,22.50382352929364,0,21,other,-606.4320760262519,401.644825272642,-1
4509,88.0049353220955,22.50030445535742,20,16,other,451.1862051208654,12.646392362726502,-1
1294,88.00002045733963,22.499992140207407,0,14,Library,-54.28860591081584,-21.876924319594977,3
1809,88.00446062959799,22.503332531282464,26,20,Cafeteria,402.3659196399775,347.369905117146,1
791,88.0000519219218,22.500244714512696,4,14,Library,-51.052595458067294,6.042639387078026,3
792,88.0000678947093,22.50002132953564,17,14,Library,-49.409856105386254,-18.65033597655554,3
4114,87.99525298555322,22.49632389276833,25,7,Sports Complex,-544.6046207010338,-427.3649962351186,4
1855,88.00450444576946,22.50285393575365,22,13,Cafeteria,406.87224323053647,294.4659553619462,0
4757,88.00133970894139,22.50299193906849,2,2,other,81.39131352219174,309.7208417845238,-1
1980,88.00448874975307,22.503303331563803,24,20,Cafeteria,405.2579687157566,344.1421682163837,1
3233,88.00431340175764,22.50328262278233,5,13,Cafeteria,387.2241062894582,341.8530195122871,0
3908,87.99529465689395,22.496280532204093,8,7,Sports Complex,-540.3188846483583,-432.15807300596674,4
4984,87.99333652775333,22.50531175375776,5,6,other,-741.7048853814387,566.1531575363075,-1
3328,87.99502927527453,22.496309942318767,12,17,Sports Complex,-567.612356714753,-428.9070789298721,5
1530,88.00454617905793,22.503281879211563,26,20,Cafeteria,411.16435036890954,341.77082519983014,1
1410,88.00033204853547,22.499866166228244,29,15,Library,-22.242657820885785,-35.802087976251755,3
4294,87.9949829924543,22.496375250507818,6,7,Sports Complex,-572.3723655806699,-421.68791171223165,4
4648,87.99967250054083,22.505394256514144,5,4,other,-90.07461546743328,575.2730122270925,-1
83,87.99987043244543,22.500015419962462,5,16,Library,-69.71808542058484,-19.303580195790104,3
868,88.00016463606816,22.49972086889001,10,16,Library,-39.46038190467395,-51.86325574482055,3
2350,88.00448151458656,22.50337606504995,9,19,Cafeteria,404.51385985326203,352.1821277749507,1
20,88.00036641219224,22.50030525842388,0,10,Library,-18.70848876983267,12.735163329165573,2
3424,87.99578790052243,22.4968795671337,2,7,Sports Complex,-489.59068717311584,-365.9407518872089,4
2795,88.00455905305604,22.502823395100688,17,20,Cafeteria,412.48839123032985,291.0899915836081,1
4572,88.00617437915722,22.500853111307837,12,6,other,578.618426602982,73.29482112190497,-1
1562,88.00417719830494,22.503200602987604,22,13,Cafeteria,373.2161085247304,332.7865514033982,0
3093,88.00487156739884,22.503360082193108,6,12,Cafeteria,444.62928141051526,350.41538277978196,0
3155,88.00419293431378,22.50331986945832,16,19,Cafeteria,374.83449610744606,345.97026707628663,1
973,87.99983684400517,22.499654738849213,5,15,Library,-73.17252645542739,-59.17327045443834,3
1710,88.00449679664071,22.50336544463196,22,13,Cafeteria,406.0855599543647,351.00814677049027,0
3201,88.00486708988126,22.502854669687995,8,19,Cafeteria,444.1687860634267,294.5470844645737,1
4371,87.99588485456252,22.495606610946798,21,17,Sports Complex,-479.6193395314412,-506.653328787385,5
4819,88.00166964299304,22.495327449842787,27,7,other,115.32375331332054,-537.5117972247542,-1
1098,88.00022908191868,22.500300019739107,0,11,Library,-32.83237569749327,12.156079114544553,2
4161,87.99556444178943,22.49645890639488,20,7,Sports Complex,-512.5725526869907,-412.44058995619616,4
2844,88.00421271044574,22.50336409109752,6,20,Cafeteria,376.86839471177734,350.8585270734833,1
886,88.00014598204633,22.49994239982145,12,16,Library,-41.37887582618877,-27.37522658335024,3
4931,88.00441661132123,22.495225958806877,9,0,other,397.8388103034987,-548.7306163342033,-1
3678,87.99566731323533,22.49633913814544,23,7,Sports Complex,-501.99262276792524,-425.6797722493723,4
4580,88.00024334742388,22.496166780200102,17,19,other,-31.365223720068652,-444.73221952707013,-1
3566,87.99467993631443,22.496257181687376,23,7,Sports Complex,-603.5405162097968,-434.73923912382486,4
4401,87.99492912633119,22.49640042139348,5,7,Sports Complex,-577.9122877866071,-418.90552201095704,4
515,88.00018884780646,22.499951543465308,16,14,Library,-36.970298363003856,-26.36448819127949,3
4620,87.9970452078515,22.504628649365053,26,16,other,-360.2814963534743,490.64279796653454,-1
737,88.00024567274599,22.49976151514515,15,10,Library,-31.126073343658575,-47.37021870160838,2
1453,88.00065042077854,22.50038025155679,13,10,Library,10.500694722469264,21.024904241311333,2
3971,87.99496625527095,22.496468414991497,3,7,Sports Complex,-574.0937200854871,-411.3895096862791,4
4700,88.00649156581166,22.5025803820987,14,4,other,611.2398459460466,264.22733434383844,-1
2506,88.00441125747007,22.502914528570013,23,19,Cafeteria,397.28818743992554,301.163885282866,1
2994,88.0043127917505,22.50302068261743,21,12,Cafeteria,387.16136941599774,312.8981536841676,0
2126,88.0043213437629,22.502691805255605,26,20,Cafeteria,388.0409107804361,276.54405010817106,1
2926,88.0042223068855,22.50322348601652,2,13,Cafeteria,377.855351385399,335.31604141969416,0
4745,88.00630172837641,22.50324493964053,17,0,other,591.715800733656,337.6875250179269,-1
906,87.99966003596475,22.49967510469077,9,11,Library,-91.35654885691605,-56.92203032870772,2
3647,87.99541068448998,22.49702565769683,27,17,Sports Complex,-528.3858956254965,-349.79190103868643,5
1030,87.99993565586564,22.5001184080192,10,14,Library,-63.01010918074975,-7.919280403894717,3
2507,88.00497641825244,22.5028298214856,24,13,Cafeteria,455.4127857476666,291.8003641720009,0
2428,88.00423549315731,22.502746300112182,24,12,Cafeteria,379.21150838766084,282.567911554247,0
947,87.99982702298253,22.49994139804992,16,10,Library,-74.18258060985534,-27.485962408246536,2
3806,87.99505302040319,22.49679784393748,9,18,Sports Complex,-565.1702621673957,-374.9744339974678,5
4754,88.00382909588322,22.50261516629801,19,23,other,337.41512221461164,268.0723797356911,-1
715,88.00027582547051,22.500066469557414,26,14,Library,-28.024982370491063,-13.660557969875597,3
4055,87.99556279495988,22.496562893383388,23,17,Sports Complex,-512.7419227296514,-400.9458682467184,5
686,87.99993991865045,22.499644010711886,26,10,Library,-62.571698267140604,-60.35915875446044,2
703,87.99964788467591,22.499676681760533,11,16,Library,-92.60626186767726,-56.747701037031675,3
3341,87.99558320610477,22.496023413739337,17,7,Sports Complex,-510.64271550469346,-460.5799481000656,4
2353,88.00513953102461,22.50242703852812,19,13,Cafeteria,472.18830283414457,247.2767360518209,0
2257,88.00470605863818,22.50340716076498,20,20,Cafeteria,427.6073461846548,355.61944811441776,1
3551,87.99520388611458,22.49663816508619,11,18,Sports Complex,-549.654307864691,-392.62533421904993,5
473,88.00034171856686,22.50004868404868,13,14,Library,-21.248132532440355,-15.62656810545377,3
21,87.99994355592487,22.500145524425868,11,10,Library,-62.197618675888926,-4.921832810952225,2
2752,88.00433919442636,22.503196934156072,4,12,Cafeteria,389.87678240490465,332.3809987658608,0
885,88.00046167683143,22.499810376166327,11,10,Library,-8.9108894687014,-41.969121420645834,2
2448,88.00480003801712,22.502895812778554,6,13,Cafeteria,437.27276144488656,299.0950416950052,0
917,88.00004665228079,22.5000851473041,8,15,Library,-51.594557633026206,-11.59591985098892,3
3757,87.99485839034192,22.49624647272887,18,17,Sports Complex,-585.1872104110743,-435.92300739704996,5
3751,87.99513728478111,22.496619734818545,27,6,Sports Complex,-556.5039971488364,-394.66261600447024,4
2239,88.00479791196486,22.503140161397173,22,19,Cafeteria,437.0541052008849,326.10533799712437,1
3844,87.99594612859342,22.49609628111419,18,18,Sports Complex,-473.31754269108603,-452.525188483703,5
3395,87.99605559021086,22.49658690691651,28,18,Sports Complex,-462.0598391448754,-398.2914122955129,5
1265,87.99964657137578,22.500205086003152,24,11,Library,-92.74132970146321,1.6621039420746087,2
483,88.00005086590896,22.500215598368097,24,15,Library,-51.16120228948278,2.8241407630682858,3
4337,87.99576212763984,22.496794364446934,8,6,Sports Complex,-492.2413283618744,-375.35905688226546,4
2963,88.00472385129537,22.503198479388985,18,19,Cafeteria,429.437252087925,332.55180881198555,1
1219,88.00053628728195,22.500030886923987,11,15,Library,-1.2374935063742998,-17.59386226882995,3
277,87.99984994578071,22.499990740800737,7,14,Library,-71.82505956825274,-22.031614732956868,3
988,87.99994475895654,22.50000634710513,12,16,Library,-62.073891526205564,-20.306493845181492,3
2084,88.00457030297164,22.502920102970297,28,13,Cafeteria,413.64540149314945,301.7800794902143,0
1245,87.99969401493331,22.499925848135238,12,10,Library,-87.86194349849889,-29.204849977207132,2
2382,88.00415004630746,22.502897271421983,13,19,Cafeteria,370.42363070895186,299.2562801395656,1
571,88.00041910932806,22.50030903268045,0,10,Library,-13.288792379835648,13.152369650358082,2
1435,88.00007064498762,22.500368167668935,18,11,Library,-49.1270006293108,19.689151277646957,2
993,87.999829503938,22.500360908000868,29,10,Library,-73.92742394508153,18.88666756955452,2
3930,87.99553465505733,22.49685294558948,5,18,Sports Complex,-515.636002756753,-368.88349738515956,5
3447,87.99528973822429,22.49600411176522,28,17,Sports Complex,-540.8247507790492,-462.71358831893826,5
585,88.00006205514657,22.49969482189352,19,11,Library,-50.01043252306989,-54.742490736665985,2
3658,87.99571649472495,22.49655720671132,21,6,Sports Complex,-496.9344969792713,-401.57447297715385,4
2514,88.00432253583769,22.50337386200168,0,20,Cafeteria,388.16351105726665,351.9386028193776,1
1349,87.99994380864953,22.499865219324214,14,16,Library,-62.17162692301616,-35.906758747809846,3
1007,88.00015879295042,22.500311169895184,1,15,Library,-40.06132394197233,13.388617367259315,3
674,87.99964812207632,22.49979121427459,26,16,Library,-92.5818461542522,-44.08727693309508,3
2412,88.00443477508433,22.50367307751713,3,12,Cafeteria,399.706883013013,385.0138858973165,0
2903,88.00423764286218,22.50292712296615,18,13,Cafeteria,379.43259721034855,302.5560698317138,0
447,87.99976503005342,22.49999268429658,11,14,Library,-80.55831334738231,-21.81678070252886,3
3834,87.99483033088285,22.49651203782836,16,7,Sports Complex,-588.0730171372248,-406.5674412994689,4
3758,87.99585628496835,22.497682218884453,19,7,Sports Complex,-482.5576116770045,-277.21562735895964,4
3703,87.99604839914753,22.496378637538147,4,18,Sports Complex,-462.7994121666345,-421.31350937965357,5
359,87.99979319226411,22.50006508045969,10,11,Library,-77.66193901561762,-13.814108832085594,2
2064,88.00449971398862,22.50301254833115,13,19,Cafeteria,406.38559789203345,311.99898967886315,1
4449,87.99529164300581,22.496832242111,24,18,Sports Complex,-540.6288513738104,-371.1720598963436,5
3810,87.99520733180226,22.49601677174046,13,17,Sports Complex,-549.299932227442,-461.31415465584445,5
1690,88.00453970430985,22.503074486475462,13,12,Cafeteria,410.498447597839,318.845632151221,0
4326,87.99551129268377,22.49669013993774,13,7,Sports Complex,-518.038732423589,-386.8800341285464,4
1548,88.00430401120664,22.50309482783087,20,13,Cafeteria,386.2583244769497,321.09416557812733,0
1247,87.99980750669224,22.499712246479096,12,15,Library,-76.18975550447247,-52.81637704717248,3
1985,88.00399796429765,22.50331743902962,21,20,Cafeteria,354.7825848234763,345.7016074876824,1
294,88.0000892538715,22.50005329915706,15,14,Library,-47.21314897140088,-15.116414025041252,3
1547,88.00494157191973,22.502979955058457,8,20,Cafeteria,451.8289753446071,308.3961293154521,1
2012,88.00492155101666,22.502975239383204,4,13,Cafeteria,449.7699029802126,307.8748585729906,0
588,88.00020758395414,22.499886687897742,12,15,Library,-35.04335811568327,-33.53362262994807,3
3329,87.99512371393317,22.496256070488958,13,17,Sports Complex,-557.8997063166362,-434.86207099701835,5
2403,88.004726362234,22.503217848347973,23,12,Cafeteria,429.69549240415625,334.6928535384967,0
2129,88.0051046590784,22.502786546708816,14,19,Cafeteria,468.6018581815291,287.01677034607576,1
4388,87.99577816548288,22.49663476930878,23,6,Sports Complex,-490.59189829973525,-393.00070345379646,4
2410,88.00389621342504,22.503366659447263,28,13,Cafeteria,344.317901528454,351.1424324540369,0
2719,88.00398718020273,22.502694018798568,3,20,Cafeteria,353.67348241366994,276.7887351473174,1
425,88.00034215788938,22.499770153852104,15,14,Library,-21.20294991223498,-46.41529603479043,3
2582,88.00410839244232,22.50302841427556,25,13,Cafeteria,366.13969195257613,313.75281117382775,0
1054,87.99986242371153,22.49978292681703,2,16,Library,-70.54175269441866,-45.00337249189862,3
3966,87.99581073137746,22.49657823331689,4,7,Sports Complex,-487.24262212850834,-399.2501919974932,4
4562,88.00564491654977,22.504875556822885,26,10,other,524.165247372132,517.9359483553036,-1
556,87.99987809844399,22.49988094478161,19,14,Library,-68.92966715027332,-34.1684666873752,3
4358,87.99535565297556,22.49627561092105,20,18,Sports Complex,-534.0456738156255,-432.7020716335733,5
3938,87.99589652423556,22.496795382990182,23,17,Sports Complex,-478.4191588409834,-375.24646711163535,5
4712,88.00256895263938,22.501383229924123,24,17,other,207.8142685407597,131.8941329661645,-1
2469,88.0045013740418,22.50268735551006,13,12,Cafeteria,406.5563279334953,276.0521752354882,0
4710,88.00500565225911,22.50584427698378,25,23,other,458.41939014752757,625.0182749406122,-1
355,87.99974936765884,22.49983234494773,8,10,Library,-82.16912998997779,-39.54069232426825,2
1193,88.00007994548353,22.4999663758039,13,14,Library,-48.17048063327592,-24.724921483220754,3
1716,88.00448035087574,22.503253126341512,21,20,Cafeteria,404.3941767010027,338.5924829443808,1
3416,87.9954819717822,22.49661383808655,9,6,Sports Complex,-521.0542736274967,-395.31444075921263,4
2604,88.0046326984933,22.502792787622223,11,13,Cafeteria,420.0625393154756,287.7066409141293,0
4129,87.99510412597952,22.496465487060348,25,17,Sports Complex,-559.9142515094218,-411.7131631954993,5
2828,88.00454764617243,22.50246433581033,11,19,Cafeteria,411.31523741504174,251.39957762753795,1
1704,88.00436121261397,22.50261608451451,4,19,Cafeteria,392.14126775148503,268.1738793876196,1
2863,88.004681806549,22.503499497210026,29,19,Cafeteria,425.1131127108427,365.8263187498546,1
2618,88.00463059895087,22.5034477683475,15,20,Cafeteria,419.8466095056606,360.108210286142,1
2400,88.00444171268481,22.50320547115695,7,13,Cafeteria,400.4203883611899,333.3246788427916,0
2139,88.00444499969694,22.5028053797508,27,20,Cafeteria,400.7584448327435,289.0985748070511,1
3239,88.00397651569399,22.503135227288187,24,19,Cafeteria,352.5766789804811,325.55992158978137,1
2383,88.00496411503566,22.503348088238976,18,12,Cafeteria,454.1474475370046,349.08957109002023,0
3218,88.0048094291314,22.50318078294451,16,20,Cafeteria,438.23860118811456,330.5956438399005,1
3935,87.99582039103967,22.497036554389787,4,6,Sports Complex,-486.24916326982367,-348.58738059933546,4
1285,87.99966719176162,22.499912019670543,22,16,Library,-90.6206028547533,-30.733448464604507,3
3796,87.99547272704253,22.496497073724456,1,6,Sports Complex,-522.0050593095208,-408.2215733450664,4
4894,88.00008516851904,22.504627017473144,19,17,other,-47.6333116542682,490.4624086349451,-1
4468,87.99540125626991,22.496856135998375,27,6,Sports Complex,-529.3555515557897,-368.53082958607024,4
2087,88.004997451062,22.50324604949821,24,20,Cafeteria,457.5759287768197,337.81020868562666,1
1889,88.0048369292084,22.50252045116397,14,20,Cafeteria,441.06687763383167,257.60256881893133,1
4622,87.99588719392402,22.49651018703496,13,18,other,-479.3787452584822,-406.77202800184153,5
1591,88.00469412951799,22.502856745397327,15,13,Cafeteria,426.3804823595172,294.776533374179,0
1346,87.99936151971627,22.49985278329332,3,15,Library,-122.05778923362266,-37.28143760272985,3
4431,87.99557920647271,22.49677564016352,23,17,Sports Complex,-511.05406217615996,-377.4288391708964,5
2162,88.00506579710076,22.50269977829147,22,12,Cafeteria,464.6050542446675,277.42538949252554,0
2396,88.004737593682,22.50309902034324,16,19,Cafeteria,430.8506033455546,321.5576058952303,1
4768,87.99497840962763,22.49925390973961,9,11,other,-572.8436915593302,-103.48092022977433,-1
2271,88.00482772660068,22.50339024240897,17,13,Cafeteria,440.1204250606014,353.74929304103205,0
4490,87.99595454265186,22.496746676304856,8,17,Sports Complex,-472.4521893574286,-380.6305041076542,5
3111,88.00460109095506,22.502611785583703,29,19,Cafeteria,416.81182638459035,267.6986755761278,1
1137,87.99969309804622,22.500235327645196,13,14,Library,-87.95624178563997,5.005015053607806,3
3895,87.99569982934788,22.49699836462804,17,7,Sports Complex,-498.64846648583733,-352.80887686272223,4
972,88.00021016088725,22.49980350349184,21,15,Library,-34.778330522230604,-42.72882685837274,3
795,88.00026328821333,22.50013062852632,21,15,Library,-29.31439073009707,-6.56842554684772,3
3020,88.00458270819917,22.50314980867393,7,13,Cafeteria,414.9212311139483,327.17174796964764,0
1711,88.00409297857982,22.50330738339423,12,12,Cafeteria,364.5544358730946,344.5900575517547,0
3387,87.9955222396666,22.496140815168644,5,7,Sports Complex,-516.9128776238766,-447.60239410446417,4
36,88.00005221589875,22.500128400026643,11,16,Library,-51.02236106665515,-6.814763901267682,3
453,88.00012601162888,22.49983655841534,25,10,Library,-43.43275594102537,-39.07493561481431,2
913,88.00039436331994,22.499770624294747,6,14,Library,-15.833823504979849,-46.36329330502619,3
4081,87.99515362216185,22.496293074533263,29,17,Sports Complex,-554.823760793669,-430.771643939524,5
1199,88.0003410351075,22.500332233329885,0,14,Library,-21.318423681640112,15.716969439143043,3
1274,88.000303274425,22.499877211563213,4,11,Library,-25.201963677245555,-34.58113664884159,2
2375,88.0045216907088,22.50337045516132,29,12,Cafeteria,408.6458184739508,351.56201068597846,0
37,87.99951008246903,22.49986682479009,16,11,Library,-106.77868531000017,-35.72929054989913,2
974,87.9998884541417,22.500075954648903,2,10,Library,-67.86462373534225,-12.612075956667681,2
3195,88.00454616733344,22.502913442916864,27,13,Cafeteria,411.1631445514389,301.043877183709,0
983,87.99998807216096,22.499808335853054,4,11,Library,-57.61929614985872,-42.19465764984321,2
3904,87.99554251750277,22.496292520268387,10,18,Sports Complex,-514.8273806843199,-430.83291237889205,5
4069,87.99542099707894,22.49684508193416,19,7,Sports Complex,-527.3252857791805,-369.7527458442097,4
1418,88.0003821171066,22.500024516884885,5,15,Library,-17.093299133251914,-18.2980063912116,3
3332,87.99505034528175,22.49599727664004,12,6,Sports Complex,-565.4453880497342,-463.46914305639245,4
1560,88.0047067009432,22.502812436691286,27,13,Cafeteria,427.67340476965103,289.878649008395,0
39,88.00004921530896,22.49928193444668,1,10,Library,-51.33096010857401,-100.3830691101981,2
1486,87.99964540856676,22.4999693227666,3,16,Library,-92.86092010640229,-24.399164226500076,3
3883,87.99544525675243,22.495971502390297,16,6,Sports Complex,-524.8302722875289,-466.31822862292654,4
169,87.99981156595891,22.50013668339205,10,14,Library,-75.77227564369521,-5.899120689186219,3
1355,87.99935223942697,22.499871700908876,16,11,Library,-123.01223105771746,-35.19028437918777,2
2785,88.0046850236356,22.50281940551926,19,12,Cafeteria,425.44397761197814,290.64898325276573,0
3632,87.99503947090713,22.496736421796545,3,6,Sports Complex,-566.5637753769794,-381.7640374563451,4
4748,87.99470266580909,22.50197372355488,14,12,other,-601.2028756868807,197.1672989099972,-1
4004,87.99538269990144,22.496694389601227,18,17,Sports Complex,-531.2640022077676,-386.4102763267058,5
2682,88.0046724575487,22.502801460046417,10,12,Cafeteria,424.15160422610967,288.6652906845219,0
4704,87.99550223731234,22.49720059783401,6,15,other,-518.9700423156596,-330.4540182750054,5
4025,87.99586576965083,22.49612278962277,7,7,Sports Complex,-481.5821488062827,-449.5949379453443,4
1640,88.00427431599864,22.5029579437106,2,19,Cafeteria,383.20428730654504,305.9629949235039,1
1290,88.00009714465114,22.50014875736646,11,11,Library,-46.40161283630481,-4.564463557849763,2
1380,88.00016948146784,22.49944044219167,18,16,Library,-38.962051308505536,-82.86162297920725,3
1933,88.00499141408335,22.50252269775496,22,12,Cafeteria,456.9550488966508,257.8509069867348,0
579,88.0002859385108,22.499887452683787,2,15,Library,-26.984895331829378,-33.44908318061428,3
4220,87.99591608218442,22.49649983244868,14,18,Sports Complex,-476.4076995241061,-407.9166239692282,5
3160,88.00478968160463,22.50291508704772,1,19,Cafeteria,436.20764451784976,301.22561940876614,1
2030,88.00419950004591,22.502723413581744,1,20,Cafeteria,375.50975623675845,280.0380344796398,1
892,88.0002666686724,22.499625867686227,21,11,Library,-28.966723603758528,-62.3646888108739,2
3951,87.99531358763517,22.496638711888703,7,18,Sports Complex,-538.3719312089166,-392.5648906691105,5
780,88.00004442525024,22.499568548317804,5,11,Library,-51.82359910252481,-68.70077179637846,2
159,88.00016413840216,22.500284969640283,23,11,Library,-39.511564926755966,10.492441190531139,2
2,88.00016192213452,22.499795450279144,13,10,Library,-39.73949947184368,-43.61902898976794,2
2263,88.00399017431647,22.502155585590152,5,13,Cafeteria,353.981415419659,217.27032828906673,0
3216,88.00408646226813,22.50249477712361,5,13,Cafeteria,363.8842584457165,254.7645603973011,0
2109,88.0042478830881,22.503229184584708,17,19,Cafeteria,380.4857647985367,335.94596114719513,1
849,87.99986725076126,22.49990199684002,16,16,Library,-70.04530931965314,-31.84137215060268,3
2737,88.00456361095355,22.503336502895795,26,19,Cafeteria,412.9571533424011,347.8089272548149,1
2466,88.0046802363147,22.50318971855369,6,19,Cafeteria,424.9516201922797,331.5833860783294,1
3650,87.99578819811461,22.49660604015576,5,6,Sports Complex,-489.56008096958044,-396.1764240285403,4
1596,88.00458786777074,22.50239680995784,25,13,Cafeteria,415.45187307355167,243.9352698932894,0
1776,88.00425025264653,22.502841610534748,10,19,Cafeteria,380.7294647087698,293.10352566467395,1
1913,88.00447964013067,22.502708021726853,24,13,Cafeteria,404.3210793223872,278.33661883998,0
1043,87.99999037288262,22.499922879302886,26,14,Library,-57.38267583481664,-29.533024705343394,3
4713,87.99405347224749,22.496874092928483,9,23,other,-667.9699199845599,-366.54587053191,-1
1544,88.00427790472877,22.503229649492592,2,19,Cafeteria,383.5733743051185,335.9973520647626,1
2736,88.00437957233572,22.50299997904357,19,20,Cafeteria,394.02949404928705,310.60958062971105,1
3706,87.99516103072357,22.49631670350099,3,18,Sports Complex,-554.0618189054227,-428.15969784684563,5
4617,87.99510187384162,22.498857499131848,18,8,other,-560.1458751731129,-147.30014881191698,-1
53,88.0001529190722,22.49979327991149,20,14,Library,-40.665429573571934,-43.85894143029482,3
1796,88.00471244933644,22.50290072564168,16,19,Cafeteria,428.26460475756977,299.6381095849637,1
1911,88.00494728104816,22.503171603674083,22,13,Cafeteria,452.4161370993816,329.5809672867666,0
2306,88.00424077901437,22.502658255080544,20,12,Cafeteria,379.75513832046965,272.83541375690197,0
2553,88.00421581747447,22.502845471354945,26,20,Cafeteria,377.1879405872438,293.5303007292367,1
2800,88.00452790191511,22.50297357835527,8,13,Cafeteria,409.2846169949185,307.69124854518134,0
4086,87.99521323044254,22.496794970910532,6,6,Sports Complex,-548.6932799124779,-375.2920183961908,4
4127,87.994841117737,22.496717832691463,12,17,Sports Complex,-586.9636309520997,-383.8188771320984,5
824,87.99988862436965,22.49999860099529,23,10,Library,-67.84711644985984,-21.16274882696885,2
4733,88.00464677043767,22.505274776438817,6,22,other,421.50978431172643,562.0656847004675,-1
3178,88.00440677806802,22.502722418614614,25,19,Cafeteria,396.82749828208284,279.92805081298934,1
3401,87.9958750165756,22.49660488519207,21,7,Sports Complex,-480.6311383962696,-396.3040937149333,4
1389,87.99981164553242,22.500095747246185,13,10,Library,-75.76409181623414,-10.42420225311318,2
3564,87.99543245652129,22.496914807061003,26,17,Sports Complex,-526.1467265017512,-362.04533032309484,5
4876,87.99681943910268,22.50051184867569,4,12,other,-383.50093805022567,35.57164976429469,-1
884,88.00017047287241,22.500008199248853,12,15,Library,-38.86008918630931,-20.1017578781574,3
3805,87.99651993822553,22.49644377134977,28,7,Sports Complex,-414.303443673425,-414.1136178427137,4
1607,88.00483068681247,22.502650243569597,17,20,Cafeteria,440.42487138177637,271.9498213369086,1
1594,88.00418244229405,22.502868534919084,9,13,Cafeteria,373.7554325010755,296.0797471092051,0
771,87.99985938330603,22.49987819285897,18,15,Library,-70.85444662866902,-34.472664215999416,3
2611,88.00475137535612,22.50294268128556,29,13,Cafeteria,432.26799517039404,304.27588645945747,0
4661,87.99900903872576,22.500311410374547,0,1,other,-158.30909439101492,13.415199956006134,-1
2273,88.0042204675987,22.50361671639891,18,12,Cafeteria,377.66618785970746,378.7837278890268,0
1868,88.00457058399697,22.50298981103224,3,13,Cafeteria,413.67430385947114,309.4856086574128,0
1085,88.0001075104118,22.499843580678125,28,10,Library,-45.33553448615284,-38.29869468650699,2
10,87.9998841455768,22.499714577721463,13,16,Library,-68.30774295331352,-52.55868151590789,3
3611,87.9955670077506,22.49640196114729,28,17,Sports Complex,-512.3086535156141,-418.73531762511766,5
1325,87.99950613335841,22.500426026379063,21,16,Library,-107.1848360473881,26.08485309527957,3
3390,87.99412715991194,22.496632144156493,5,18,Sports Complex,-660.391428995437,-393.2908877876622,-1
1463,87.99978736988645,22.49973586058931,21,14,Library,-78.26074801508766,-50.20607330393176,3
806,88.0000555334429,22.500151680764784,12,10,Library,-50.681164494917354,-4.241311107179158,2
4260,87.99559576510342,22.49670936025262,3,6,Sports Complex,-509.3510711189884,-384.7554205217974,4
3985,87.99572602917456,22.49649855009527,6,18,Sports Complex,-495.95391575109534,-408.05837531508536,5
3771,87.9952008813754,22.496688476104826,9,7,Sports Complex,-549.9633336562363,-387.0639542189705,4
2108,88.00420397344324,22.50311548057557,27,12,Cafeteria,375.96982783182136,323.3771199770911,0
4235,87.9956030466422,22.49674638763688,4,6,Sports Complex,-508.6021930471958,-380.66241346579125,4
4956,87.9933043713097,22.49888185598511,2,12,other,-745.0120511065116,-144.60774225220447,-1
2234,88.00467252890893,22.502869861410087,10,12,Cafeteria,424.15894334981357,296.22637742460745,0
3211,88.00425986167492,22.50318568776209,10,13,Cafeteria,381.7177160755857,331.1378223751542,0
963,88.0001772509394,22.49969058439442,14,11,Library,-38.16299123940058,-55.210903887382656,2
3415,87.99593576435288,22.49658449319073,9,6,Sports Complex,-474.38346470268715,-398.5582255429547,4
3753,87.99540423033638,22.496885137512297,16,18,Sports Complex,-529.0496803350508,-365.32500223704153,5
398,87.99997136503869,22.500140229861984,22,16,Library,-59.33755898964186,-5.50709390271237,3
2632,88.0041009914377,22.502680610209936,12,13,Cafeteria,365.3785272818752,275.30654975990274,0
4851,87.9977882635497,22.503084396683292,18,10,other,-283.8610947174248,319.94110652469146,-1
2996,88.00463220964045,22.50280353720781,5,19,Cafeteria,420.01226269277515,288.8949001050145,1
704,87.99961084270662,22.499760890905797,7,14,Library,-96.41588499232645,-47.43922211955251,3
431,87.99949019195556,22.50012417480581,3,10,Library,-108.8243476094633,-7.28181981231792,2
292,87.99985265881077,22.499959966801107,25,10,Library,-71.5460349310947,-25.43337265199895,2
4867,88.00164693270762,22.503369908553925,19,12,other,112.98808838622568,351.5015887044478,-1
145,88.00019545571794,22.500107076774302,17,14,Library,-36.29070025069053,-9.171836215011027,3
4393,87.99597204261953,22.496215740684896,6,17,Sports Complex,-470.65238543813456,-439.3201275379938,5
2033,88.00386912948068,22.5030231817883,3,13,Cafeteria,341.5324227131797,313.1744120323616,0
4283,87.9948997173285,22.497072992626503,6,18,Sports Complex,-580.9368898493459,-344.55949791275407,5
1165,88.00060993810159,22.499658215548383,5,14,Library,6.337208136707186,-58.78895612814951,3
3500,87.99551608632763,22.49681114571221,28,6,Sports Complex,-517.5457247130383,-373.50405581855335,4
2050,88.00472324433667,22.502801339589865,21,13,Cafeteria,429.3748287363315,288.6519754173301,0
2624,88.00476997355992,22.50299126068545,5,20,Cafeteria,434.18074842315957,309.6458533234334,1
4378,87.99564283362051,22.49620840046684,14,17,Sports Complex,-504.51025637354013,-440.13151524176124,5
339,87.9998590688618,22.499947970785684,18,16,Library,-70.88678600089148,-26.759412196932146,3
3879,87.99548849393021,22.496366380081167,21,17,Sports Complex,-520.3834959564858,-422.6684486742317,5
4632,88.00322015384285,22.49852936742996,26,9,other,274.78779103146826,-183.5718271386351,-1
2973,88.00474123195858,22.502954301478663,0,20,Cafeteria,431.22478600546117,305.56038260504727,1
265,87.99968805420451,22.499789188351173,25,14,Library,-88.4749813770905,-44.31122250776042,3
2424,88.00423028828136,22.502988382910093,22,19,Cafeteria,378.6762070484585,309.32774403530965,1
1262,88.00013468899812,22.50022383885769,14,15,Library,-42.5403221115347,3.7350444825708706,3
1771,88.00442837118403,22.50303022729109,22,20,Cafeteria,399.04826666136296,313.95322191087416,1
3511,87.99582053832357,22.496615438071306,10,7,Sports Complex,-486.2340156910724,-395.1375784442579,4
271,87.9996410344622,22.500423762760107,15,11,Library,-93.31077982528296,25.83463265585266,2
696,88.00008153325557,22.500106471801548,27,11,Library,-48.007184427136416,-9.238709903299949,2
747,87.99981115426691,22.499667421593564,6,11,Library,-75.81461657188727,-57.771319893810045,2
244,87.99969992589824,22.499768161716453,12,14,Library,-87.25402364120914,-46.63550670966387,3
317,87.99992243331086,22.49982021167019,10,11,Library,-64.36999774594804,-40.881904823541646,2
476,88.00014413924076,22.50028102818,3,16,Library,-41.56840124459002,10.056752170991032,3
2032,88.00418096098986,22.50263575237349,12,20,Cafeteria,373.60308609977693,270.3479645191337,1
957,88.00011418830479,22.500059851125133,21,15,Library,-44.64873904644919,-14.392159474156259,3
3816,87.99559538129658,22.496541422570395,5,6,Sports Complex,-509.3905441659862,-403.3192519149004,4
813,88.00004913869412,22.50012443577227,16,15,Library,-51.33883964812345,-7.252972579535282,3
4532,87.9995562768233,22.494074195411564,0,11,other,-102.02777482627103,-676.0465420521366,-1
1914,88.00442905370532,22.50328690047945,3,19,Cafeteria,399.11846133341436,342.32587615184264,1
4602,88.00072222725129,22.49636442103761,28,19,other,17.88571242799377,-422.885001348794,-1
3487,87.99554077781838,22.4966586276658,16,18,Sports Complex,-515.0063004885218,-390.36340066902517,5
1297,87.99992743136396,22.499553533377014,14,14,Library,-63.85596733577847,-70.3605233512355,3
4030,87.99550102408834,22.49673214568344,22,6,Sports Complex,-519.0948177063456,-382.2367189991124,4
1804,88.00431825265635,22.502760508835287,23,19,Cafeteria,387.723002439812,284.13854380624696,1
758,87.99978541055495,22.499348946535843,6,10,Library,-78.46225767370699,-92.97555277431165,2
250,87.99968477901142,22.49932419192675,9,15,Library,-88.81182230614363,-95.71192726347796,3
2461,88.00440334558868,22.50307752773124,9,13,Cafeteria,396.47448107248886,319.1818125648097,0
545,87.99980077618613,22.50028025766683,0,14,Library,-76.88196199813642,9.971579645014685,3
3241,88.00440851843015,22.502923962036373,0,19,Cafeteria,397.0064877896396,302.20666065430754,1
738,88.00041636861111,22.49989824092177,19,15,Library,-13.57066450690201,-32.256551353978935,3
310,87.99994557969919,22.49987923473708,12,11,Library,-61.98948132319875,-34.35749500962089,2
3780,87.99497738356574,22.49696533698539,26,7,Sports Complex,-572.9492180525799,-356.4597524813645,4
2941,88.0044472154128,22.502728257113024,20,12,Cafeteria,400.98632262949053,280.5734384272386,0
1131,88.00010548018857,22.500115796198816,21,11,Library,-45.544335084709324,-8.207991029236794,2
1449,88.00000531789418,22.49959238168907,5,11,Library,-55.84563925945503,-66.06623093664808,2
4919,87.99770815157777,22.50161896852965,26,17,other,-292.1003008567302,157.9526784213096,-1
15,87.99985942811769,22.499969563122903,16,11,Library,-70.8498379232863,-24.372595240683665,2
3232,88.00478363523348,22.502785215009784,23,19,Cafeteria,435.58579865458773,286.8695643350855,1
2769,88.0041539596016,22.502144427647764,27,12,Cafeteria,370.8260978596326,216.0369293374191,0
3468,87.99521013680265,22.49643469936143,17,6,Sports Complex,-549.0114487973792,-415.11643543392694,4
920,88.00026840793747,22.500261829426652,1,15,Library,-28.787846924963247,7.934521975707511,3
3029,88.00452696403337,22.50315306304448,12,13,Cafeteria,409.1881594895373,327.5314860903353,0
1372,87.99965702471427,22.49947824324535,6,14,Library,-91.66624431045052,-78.68309450550498,3
3587,87.99549642803987,22.496837129286863,5,18,Sports Complex,-519.567503496731,-370.63183147653353,5
2544,88.00453918822262,22.50306646356717,19,19,Cafeteria,410.44537002477415,317.9587798684829,1
3598,87.99514556005283,22.496373399054264,27,6,Sports Complex,-555.6529174916991,-421.89257138809353,4
38,87.99966795348777,22.499707520791077,9,10,Library,-90.54226226882653,-53.338754600757454,2
363,88.00010042793052,22.49956286700669,22,15,Library,-46.063940263738985,-69.328783926724,3
4101,87.9954139530889,22.49639964740681,20,7,Sports Complex,-528.0497328820835,-418.99107849749316,4
182,87.99973227687549,22.499774074534816,17,10,Library,-83.92685088583131,-45.981903767825614,2
3033,88.00453635781143,22.503436131286488,8,13,Cafeteria,410.1542731924392,358.8218495620064,0
2983,88.00458865014492,22.50297816048221,17,13,Cafeteria,415.5323372295064,308.1977568572382,0
1194,87.99960175156662,22.500083464991643,1,15,Library,-97.35087354282042,-11.781882670121533,3
2852,88.00433974122183,22.50271942116141,16,20,Cafeteria,389.93301820114283,279.59671233573556,1
4542,88.00391507488047,22.503009964364235,25,6,other,346.2577291926975,311.7133579761657,-1
1121,88.0002967575764,22.500197264171845,10,16,Library,-25.872196324202438,0.7974787093880309,3
2235,88.00485915728738,22.503199110730783,24,12,Cafeteria,443.35294949645566,332.6215973343802,0
2667,88.00420314765253,22.502828415707825,19,19,Cafeteria,375.88489845486623,291.6449694965476,1
3699,87.99513607237142,22.49615686411198,17,17,Sports Complex,-556.628688790851,-445.8283439079972,5
3223,88.00423896599877,22.50289682898607,6,13,Cafeteria,379.5686766854682,299.2073732738634,0
1182,88.0002295791515,22.49991763805341,7,15,Library,-32.78123722727251,-30.112392422345096,3
4184,87.99630498919355,22.496475483744696,14,7,Sports Complex,-436.41011938495063,-410.608129707686,4
4293,87.995177946719,22.496198549164166,27,18,Sports Complex,-552.3220742697814,-441.22047823944973,5
614,88.0006114379949,22.500185206086357,8,16,Library,6.491466356981926,-0.5354220604908733,3
4908,87.99542846797361,22.499143231677365,24,5,other,-526.5569331875053,-115.71527323041835,-1
1466,88.00041747612609,22.50008812624209,8,16,Library,-13.456760879665449,-11.26662804571481,3
401,87.99985015624426,22.49991654512756,16,16,Library,-71.80341420657095,-30.233204445735282,3
3042,88.00471076526931,22.50267814731205,0,20,Cafeteria,428.09140497360175,275.03430102762456,1
934,88.00011000361252,22.50005632698051,13,16,Library,-45.079118444629195,-14.781718420906813,3
2419,88.00480269375973,22.50300557278355,13,20,Cafeteria,437.54589428948833,311.2279126472589,1
4860,88.00174489782164,22.50548682733781,20,5,other,123.06342106738103,585.5057910749462,-1
4910,88.00166857289925,22.49506363480672,3,5,other,115.21369831037684,-566.6739113116477,-1
2641,88.00392900385688,22.502658238448515,17,12,Cafeteria,347.6902704875099,272.83357525240666,0
4017,87.99602449122624,22.49738318066599,27,18,Sports Complex,-465.25824930579137,-310.2713120276755,5
726,88.00000460848327,22.500354900751127,3,10,Library,-55.91859942511936,18.22262618316202,2
826,88.00039489303643,22.499727074780964,3,14,Library,-15.779344215161931,-51.17725655866565,3
1521,88.0047589656937,22.50296583324217,16,13,Cafeteria,433.0486320020659,306.8351037428889,0
4856,87.99825057812292,22.49705218921437,6,16,other,-236.31383082585182,-346.85910709007794,-1
2930,88.00480242160835,22.50291969705689,0,20,Cafeteria,437.51790457351797,301.7352098221188,1
136,87.99980418667691,22.49976121935516,7,14,Library,-76.53120622628768,-47.40291532688836,3
3590,87.99518059413064,22.496813060595088,27,6,Sports Complex,-552.0497982318782,-373.29238466541113,4
628,88.00001393122807,22.50017884532886,26,10,Library,-54.95979121754575,-1.238540194079576,2
334,88.00024377993336,22.49984689065634,14,16,Library,-31.32074179454832,-37.932809694613,3
390,87.99977539633217,22.500136571062,13,15,Library,-79.49218171418057,-5.911537652831669,3
4387,87.99605263078246,22.49704043243224,22,18,Sports Complex,-462.3642048976712,-348.15870178663624,5
4904,87.99598449940912,22.50001154191631,21,18,other,-469.3712528582368,-19.732259417307674,-1
3832,87.99573430343004,22.49664076923872,23,7,Sports Complex,-495.1029406109905,-392.33747119827876,4
1817,88.00447598267543,22.502490139068065,28,12,Cafeteria,403.94492421187493,254.2518697375577,0
400,87.9996013930853,22.50017423860113,3,14,Library,-97.38774195819585,-1.7477678775446037,3
710,88.0000527543668,22.49968739806651,17,11,Library,-50.966981711732686,-55.56312057445204,2
1039,88.00026177457565,22.50001373352775,3,10,Library,-29.470062505529146,-19.489998688742958,2
3989,87.99611768905933,22.49626338097171,28,7,Sports Complex,-455.6732130103114,-434.0539702337548,4
3359,87.99564213290661,22.49673094736424,20,6,Sports Complex,-504.58232208491887,-382.36918120312225,4
46,87.99988484030726,22.499750403640203,11,11,Library,-68.23629261534049,-48.598484458380184,2
1561,88.00434443451783,22.50278252003958,27,13,Cafeteria,390.4157055241133,286.57166232889506,0
4799,87.9984454187988,22.49509791236809,3,7,other,-216.27522168587436,-562.8848696775403,-1
3642,87.99597635234667,22.49647330264689,20,6,Sports Complex,-470.2091466873573,-410.84922825910326,4
3726,87.99569701873111,22.49641352219712,10,18,Sports Complex,-498.9375275394116,-417.457359176772,5
4982,88.0012596864658,22.50245494353328,13,12,other,73.16131173486889,250.36135532239513,-1
1112,88.00021751693268,22.499949627116514,26,14,Library,-34.02178973053129,-26.576321386905164,3
2513,88.00476469011386,22.502906970361988,12,12,Cafeteria,433.63736645230426,300.3284009677083,0
3608,87.99515666864555,22.49678889510924,15,17,Sports Complex,-554.5104417405216,-375.96363747094404,5
1223,88.00010344977436,22.50037041585061,6,16,Library,-45.75315532478612,19.93766528015385,3
4060,87.99538859464506,22.496628519929573,23,18,Sports Complex,-530.6577506490944,-393.6915098314378,5
3023,88.00447822443687,22.503080299158963,5,20,Cafeteria,404.1754806960397,319.4881661853939,1
2421,88.00473446966616,22.503026015600028,15,20,Cafeteria,430.5293104124683,313.48766158071925,1
1508,88.00450006645491,22.502976183408062,16,19,Cafeteria,406.4218476850188,307.9792110808254,1
1750,88.00443997918826,22.503168778784527,7,19,Cafeteria,400.2421049530612,329.2687039952406,1
4837,87.99399680137864,22.49864710848305,8,0,other,-673.7982994299172,-170.55673113022195,-1
4096,87.9951521276748,22.496505845303545,16,18,Sports Complex,-554.9774630006352,-407.25196299248665,5
1799,88.00474004738876,22.50297397481138,27,20,Cafeteria,431.1029575867404,307.7350728034515,1
338,88.00010323286357,22.499991692502338,21,10,Library,-45.77546375987352,-21.926413637973283,2
215,88.00018974230512,22.499977366679424,1,16,Library,-36.878302638178184,-23.509990102855767,3
3663,87.99554353466843,22.49657956406739,22,18,Sports Complex,-514.7227691345643,-399.10309083722126,5
1341,88.00000076150504,22.499620839362645,8,10,Library,-56.31424624166183,-62.92051969957434,2
11,87.99988356756161,22.49995158513518,1,10,Library,-68.36718957762429,-26.35988200372708,2
1520,88.00409844109876,22.502988262609936,0,12,Cafeteria,365.116234796798,309.3144460559116,0
3640,87.99604069451185,22.49617692466129,19,7,Sports Complex,-463.5918041157105,-443.6108507872051,4
3937,87.99491595014818,22.496774794304912,10,17,Sports Complex,-579.2674071936609,-377.52234038142973,5
4427,87.99549583471192,22.496487607396336,28,18,Sports Complex,-519.6285249795721,-409.26798125540705,5
3004,88.00446694962224,22.502910500747927,2,12,Cafeteria,403.0159096650777,300.7186498294212,0
2864,88.00455093015472,22.50283868107485,9,12,Cafeteria,411.65298227933454,292.77970316737793,0
3115,88.00442106856869,22.50322216197541,25,12,Cafeteria,398.2972209470634,335.16968191523813,0
4840,87.99575717642543,22.49821745723143,3,14,other,-492.75054159382427,-218.0503804841225,-1
2322,88.0049643961161,22.503411347866063,21,20,Cafeteria,454.176355571145,356.08229026820226,1
2571,88.00433602710632,22.50315895136882,8,20,Cafeteria,389.55103580130054,328.1823814630885,1
2913,88.0047382550973,22.503213743110383,8,13,Cafeteria,430.91862734826753,334.23906057531264,0
101,87.9998948386693,22.500343719104787,9,16,Library,-67.20799979004752,16.98660699679273,3
3549,87.99569170864257,22.49684164854153,5,6,Sports Complex,-499.48364958638746,-370.1322730656997,4
1458,88.00032243818852,22.500283905036795,7,14,Library,-23.231044795891403,10.374759920964038,3
171,87.99979604742876,22.499908293897047,25,16,Library,-77.36829638560623,-31.14529546684615,3
107,88.00004364445321,22.500406169614617,20,11,Library,-51.90390105334171,23.88988635341356,2
4196,87.99543474725446,22.495999110050032,6,7,Sports Complex,-525.9111334635055,-463.26647791579796,4
3569,87.99595521889037,22.496818817462263,10,18,Sports Complex,-472.3826408444801,-372.6560205678903,5
4991,87.99300592379984,22.504856731289077,15,19,other,-775.7062219828246,515.8549738482351,-1
4295,87.99532139809416,22.49596618509717,7,18,Sports Complex,-537.5686557412943,-466.9060022051513,5
4063,87.99529590700904,22.49546163642594,17,18,Sports Complex,-540.1903151514233,-522.6788123229718,5
3861,87.99527381518655,22.49625022988738,27,7,Sports Complex,-542.4623735602675,-435.507691095394,4
4122,87.99577220726654,22.495918578458188,10,6,Sports Complex,-491.2046777810392,-472.1684400783272,4
4629,88.001196323756,22.50453817254965,18,0,other,66.64470235675185,480.64149079204935,-1
60,87.99988020644054,22.49999465817641,3,15,Library,-68.71286786666721,-21.59858802619091,3
1240,87.99990521806475,22.50010371637509,22,10,Library,-66.14051915460674,-9.54329474393056,2
4637,87.99937501743193,22.494024084550063,20,18,other,-120.66960143810614,-681.5857966824788,-1
1040,88.00042098192286,22.499822605036314,10,16,Library,-13.096203255495793,-40.61734213219978,3
4187,87.99572974229793,22.496136442948043,25,17,Sports Complex,-495.5720353895283,-448.0856993697614,5
2760,88.0043754035433,22.502924915300063,6,20,Cafeteria,393.60074988988356,302.312034422623,1
2120,88.00372328081959,22.50294376405921,3,13,Cafeteria,326.53245260895596,304.3955762587612,0
1524,88.00462553915773,22.50380539690172,25,20,Cafeteria,419.32622937153616,399.64047066956584,1
3521,87.99562947396456,22.49615303296272,17,17,Sports Complex,-505.8842452630207,-446.25183914730223,5
153,88.00005806342429,22.4999117084268,17,10,Library,-50.42096570470505,-30.767853347833096,2
2248,88.00454373325275,22.503302821189585,25,20,Cafeteria,410.912808775713,344.08575145037514,1
481,87.99976111488985,22.4996550954588,11,10,Library,-80.96097276251702,-59.13385083076818,2
4233,87.99526194667199,22.497048727028428,27,6,Sports Complex,-543.6830043311162,-347.2418171239525,4
4305,87.99520243078898,22.49676641091367,2,6,Sports Complex,-549.8039824682307,-378.44904044947816,4
3578,87.99572773367008,22.4967294440254,4,17,Sports Complex,-495.77861498652845,-382.5353602785048,5
4125,87.99576732992034,22.496762394307503,4,6,Sports Complex,-491.70629395384145,-378.8930360950558,4
3562,87.99620776093504,22.496036151519817,11,18,Sports Complex,-446.40966932964346,-459.17191384578814,5
3315,87.99522105466592,22.496594081727054,20,17,Sports Complex,-547.8885888318621,-397.4983087378911,5
1762,88.00466383850595,22.50325553164908,27,20,Cafeteria,423.2651690505041,338.85836564307124,1
3538,87.99543452986924,22.496882535688812,7,7,Sports Complex,-525.9334906918183,-365.6126078051341,4
4803,88.00368461013149,22.494635469605416,0,14,other,322.55532206109115,-614.0032926636517,-1
750,87.99976919168847,22.499968112719905,9,15,Library,-80.13030529556937,-24.532922788049945,3
3619,87.99572553595874,22.49648518383652,20,7,Sports Complex,-496.00464108877753,-409.53588155755983,4
1785,88.00432153799164,22.502840946187405,12,12,Cafeteria,388.06088645504656,293.03008870933894,0
4270,87.99542320568767,22.49666398593992,19,17,Sports Complex,-527.098138922049,-389.7710970474612,5
3383,87.99561384082439,22.496602080626616,5,6,Sports Complex,-507.49205320148826,-396.6141103802781,4
4348,87.9946980475176,22.496286084024213,13,18,Sports Complex,-601.6778490851924,-431.5443748098936,5
405,88.00015571248309,22.50011192923145,6,15,Library,-40.37813807935475,-8.635445601762228,3
757,88.00004620903093,22.49989480955158,11,14,Library,-51.64014416496865,-32.63585501465748,3
2711,88.00425363441273,22.502469949390637,16,19,Cafeteria,381.0772662696883,252.02010279460453,1
2670,88.0044418257323,22.50333861201625,8,13,Cafeteria,400.43201485798585,348.04206942992977,0
3983,87.99506512470708,22.49706172707561,28,17,Sports Complex,-563.9253813769352,-345.80479190837207,5
97,88.00006526381804,22.50051437386743,17,11,Library,-49.680433085283425,35.85078445915322,2
1333,88.00037268153422,22.49993150172954,3,16,Library,-18.063711220423293,-28.579901662862568,3
4451,87.99559959837667,22.496089050169637,4,7,Sports Complex,-508.95683380623825,-453.3244970947284,4
2791,88.00436267086437,22.503269336073508,21,19,Cafeteria,392.29124315864567,340.384306719195,1
2854,88.00461509474347,22.50249599857634,2,20,Cafeteria,418.25206180323437,254.89957978218138,1
186,88.00011830940615,22.49988384567568,25,16,Library,-44.224899727918,-33.84780185679624,3
4003,87.99553499585733,22.49666251219629,29,6,Sports Complex,-515.6009527962672,-389.9340046683482,4
2723,88.00418604888125,22.5033389551777,11,20,Cafeteria,374.12635603075876,348.08000249655515,1
3583,87.9954179223627,22.497325864990685,4,17,Sports Complex,-527.6415084391954,-316.60698677603534,5
2058,88.004433680339,22.50259680930547,0,12,Cafeteria,399.59429269449595,266.0431977801915,0
1319,87.99995325717425,22.499518081855165,15,14,Library,-61.199882737677754,-74.2793345765007,3
148,88.00013048539141,22.50029684651289,4,11,Library,-42.97264678606734,11.8053106883319,2
28,87.99984984032751,22.499877787644557,20,16,Library,-71.83590502121416,-34.517456617031,3
4140,87.99535605884934,22.49642518041318,11,7,Sports Complex,-534.0039312690753,-416.1686599734903,4
4009,87.9957026767053,22.49616128668116,20,18,Sports Complex,-498.3556267992468,-445.3394731108171,5
3363,87.99556577962176,22.49637849348116,22,6,Sports Complex,-512.434961811572,-421.32943343897267,4
692,87.9997297341681,22.50050607740582,17,16,Library,-84.18835849640027,34.93369359296274,3
2866,88.0048502841844,22.50219328724557,8,19,Cafeteria,442.440385208873,221.4378692790766,1
3776,87.99511599964559,22.496518684495367,28,6,Sports Complex,-558.6930909261378,-405.83271872851464,4
1386,88.00032543532235,22.49986843803587,11,11,Library,-22.922801185251995,-35.55096236112426,2
1845,88.00463223547969,22.502847476477463,25,20,Cafeteria,420.0149201587572,293.7519469723544,1
4730,88.0007253424599,22.504676696892,3,1,other,18.206099572618616,495.95397159509434,-1
129,87.99987413108647,22.50021319341878,25,14,Library,-69.33769451003853,2.558297665564311,3
1599,88.00473726103365,22.50270894563106,19,19,Cafeteria,430.8163917516259,278.43874721096364,1
3629,87.99578650811642,22.497087033857543,9,6,Sports Complex,-489.7338907397495,-343.00738023358184,4
4503,87.99309229367474,22.505338904241,7,7,other,-766.823414752338,569.1543719537899,-1
701,88.00026225230646,22.499952274052067,28,11,Library,-29.420929741599274,-26.28372913092967,2
3982,87.99558585210993,22.49608526682057,17,18,Sports Complex,-510.37058411893616,-453.74270850038954,5
3028,88.00457331707375,22.50252928739661,9,13,Cafeteria,413.95539022487964,258.5793259747394,0
2969,88.00501457981264,22.503256313089533,0,12,Cafeteria,459.3375544621557,338.94474607062455,0
4356,87.99602790876207,22.496777110845905,20,7,Sports Complex,-464.90676897683466,-377.2662699400847,4
1708,88.00413862190562,22.50307045607969,19,19,Cafeteria,369.24867521276985,318.40011220260703,1
2953,88.00474904031981,22.50357489564613,3,12,Cafeteria,432.0278457262048,374.1608618766363,0
454,87.9998674355954,22.49985108467649,22,10,Library,-70.02629984298093,-37.46920270724978,2
2868,88.00399959918805,22.5032175989496,22,20,Cafeteria,354.95072697077325,334.6652850424363,1
2040,88.00452709500745,22.502874798588035,29,20,Cafeteria,409.2016296657932,296.772133075007,1
1772,88.00507933332065,22.50307824768019,9,13,Cafeteria,465.99720205216846,319.26139572176857,0
2315,88.00455315196966,22.50254463796393,14,12,Cafeteria,411.88148734342974,260.27617768633445,0
609,88.00037401107787,22.50015079685777,21,16,Library,-17.92697280364728,-4.339018188436015,3
167,88.00047419824567,22.499873806269694,19,11,Library,-7.623110494438715,-34.957557794450125,2
730,88.00004896131378,22.49982884254356,27,11,Library,-51.357082529660396,-39.927848081148554,2
4248,87.99582581058398,22.49621369923534,27,6,Sports Complex,-485.69178412080214,-439.54578937182333,4
3358,87.99582306568954,22.495627663621946,28,7,Sports Complex,-485.9740858869426,-504.3261660765174,4
2074,88.00481870701022,22.5031391033505,17,19,Cafeteria,439.19279510287095,325.9883815177501,1
4039,87.99550328837411,22.49681774833472,26,18,Sports Complex,-518.8619446817792,-372.77420192638886,5
3700,87.99614703207415,22.49724736239339,18,7,Sports Complex,-452.6553975451819,-325.28466388089265,4
1622,88.00398925545949,22.503494055026007,3,12,Cafeteria,353.8869145364987,365.22473972839555,0
587,87.99978753890764,22.499963054920297,11,10,Library,-78.24336483992754,-25.092011956769724,2
1401,88.00013416318814,22.49989394091665,12,10,Library,-42.59439963222056,-32.73187391994071,2
3045,88.00497427757287,22.5032122569041,24,20,Cafeteria,455.19262514210106,334.07477533274846,1
3224,88.00458176632405,22.502853473599213,3,13,Cafeteria,414.82436290509366,294.4148688106339,0
1700,88.00407022101106,22.502688980610746,3,12,Cafeteria,362.2139080379244,276.2318138654191,0
3088,88.0042045366452,22.50268275211359,24,13,Cafeteria,376.0277509733531,275.5433157897664,0
4390,87.99593311260712,22.49659192469576,12,6,Sports Complex,-474.65618648720186,-397.7367469770345,4
2981,88.00464515602089,22.502388511041072,21,20,Cafeteria,421.3437477956213,243.01790763375328,1
40,88.000184616645,22.499993121273736,5,11,Library,-37.40545693666446,-21.768477247629292,2
1379,88.00045650242839,22.4999531677454,8,15,Library,-9.44305678769013,-26.184940269936234,3
2089,88.00467242087393,22.50285750072084,27,19,Cafeteria,424.1478323687529,294.8600268352154,1
2175,88.00435991731727,22.502815431075,19,12,Cafeteria,392.0080515011207,290.2096481840773,0
3217,88.00471910325416,22.502793839242845,28,20,Cafeteria,428.9489344330557,287.8228870576515,1
2885,88.00400188285992,22.50313531946449,18,20,Cafeteria,355.1855937813805,325.570110758417,1
74,87.99934506372398,22.50011660749561,29,11,Library,-123.75022432773912,-8.118310281705234,2
3909,87.99523709147314,22.496922626118234,22,6,Sports Complex,-546.2392652992842,-361.18101173677815,4
4964,88.00364050197648,22.500990393965854,16,15,other,318.0189690939738,88.47004613906016,-1
2657,88.00472654834053,22.502953667439225,9,13,Cafeteria,429.7146327405027,305.4902958855883,0
3180,88.00452523140693,22.50355153917926,29,13,Cafeteria,409.0099655680524,371.5790380289351,0
2076,88.00473963059844,22.503166450138792,9,12,Cafeteria,431.0600923151635,329.01129549570413,0
441,87.99999182631298,22.499902087858143,17,15,Library,-57.23319614987175,-31.831311007306553,3
4051,87.99585970156208,22.49638426946817,15,18,Sports Complex,-482.20622824027106,-420.6909558349347,5
2051,88.00491596204049,22.50303779884629,23,12,Cafeteria,449.1950984192354,314.790181622453,0
2541,88.00485363889833,22.502938349676075,16,12,Cafeteria,442.7854045474904,303.79707034695025,0
3306,87.99484095579368,22.496206761928597,19,6,Sports Complex,-586.980286195476,-440.31263925922576,4
1301,88.00024801058738,22.500673258415997,3,15,Library,-30.88563540778894,53.41388245791457,3
1781,88.0050385325345,22.502719050883226,28,12,Cafeteria,461.8009991667008,279.5557817853618,0
4814,88.00172442540244,22.49994293321225,6,7,other,120.95791201723635,-27.316265564321256,-1
3430,87.99530287659309,22.49657233716999,1,7,Sports Complex,-539.4735204164002,-399.90195207567774,4
1304,88.0001341274609,22.499976133938222,20,11,Library,-42.598074040510596,-23.646257315276458,2
236,87.99949371435333,22.49973657939521,8,15,Library,-108.46208263602004,-50.12661649973083,3
2599,88.00437012150387,22.50268101681577,14,20,Cafeteria,393.05751258432804,275.35149596892836,1
520,87.99958264867972,22.50001498315757,24,10,Library,-99.31553149848214,-19.351864608629228,2
2573,88.0044175662935,22.50336462983104,20,13,Cafeteria,397.9370255035251,350.91807867678597,0
3280,88.00500427710963,22.50356630573306,25,19,Cafeteria,458.27796134768727,373.21133288600606,1
3186,88.00419268078761,22.50321697934288,5,12,Cafeteria,374.80842192274156,334.59679371563965,0
2768,88.00455345473381,22.503355570409965,24,20,Cafeteria,411.91262546400566,349.9166502711938,1
735,88.0001181493706,22.500182691029767,21,15,Library,-44.24135876362856,-0.8134364159116814,3
4703,88.00285019082598,22.49531957793758,19,6,other,236.73852714984986,-538.3819576264111,-1
4929,88.00449415763512,22.49976975347156,15,9,other,405.81414844735343,-46.45955410000724,-1
2106,88.00487843919545,22.503152204898264,3,19,Cafeteria,445.3360190864528,327.4366266076827,1
2679,88.00464966405825,22.50312895084532,17,19,Cafeteria,421.80738198451553,324.86612359519034,1
3229,88.00483311921515,22.502545990780487,8,19,Cafeteria,440.6750345798761,260.4257180285942,1
2761,88.0047254559021,22.50335600741478,7,19,Cafeteria,429.60227967822175,349.964956783395,1
592,88.00011974495644,22.50015555178601,22,10,Library,-44.07725893884071,-3.813408421027873,2
1303,87.99981106371013,22.499748986350788,17,11,Library,-75.82392998626491,-48.75515163028311,2
1387,88.00039037779918,22.500347084444552,28,11,Library,-16.243718884548603,17.358611654424934,2
4695,88.00658759158618,22.49846724309752,12,14,other,621.1157250684756,-190.439050846665,-1
4526,87.9960078441629,22.50138210419593,11,19,other,-466.97033531639806,131.76969497167386,-1
3947,87.99567433919849,22.496637896700264,22,18,Sports Complex,-501.27002965997065,-392.6550015992038,5
1890,88.00473402421666,22.50252140263757,15,13,Cafeteria,430.48349765592866,257.70774471051794,0
2987,88.00469379638167,22.503198790139265,7,12,Cafeteria,426.3462205795237,332.58615914800515,0
4924,87.99786547407724,22.50374558526964,1,6,other,-275.920290898475,393.0288928597349,-1
3297,88.004049540843,22.50308454394459,1,12,Cafeteria,360.0870328209772,319.95738478840553,0
904,88.00004777476701,22.500418363022572,23,15,Library,-51.47911427078157,25.237745668697542,3
4609,88.00321083748062,22.49721776077159,18,8,other,273.82963924733247,-328.5568271547618,-1
1279,87.99992272088394,22.50011986037952,17,10,Library,-64.34042196734771,-7.758736494219107,2
933,87.99945029851085,22.499956411435523,26,16,Library,-112.92723394034522,-25.82638276367227,3
4899,87.99785301245296,22.501082000853756,13,0,other,-277.20192070742735,98.59627152784498,-1
2308,88.00413501783049,22.50266824987662,0,12,Cafeteria,368.87801003945134,273.94023851525304,0
1555,88.00460994959975,22.50379725333278,3,19,Cafeteria,417.72290369260185,398.7402805592242,1
4533,87.99879388242401,22.49992784718516,3,18,other,-180.4370869952739,-28.98387499892287,-1
3190,88.00467127359514,22.50282798656644,23,20,Cafeteria,424.0298391866975,291.59753220798655,1
4441,87.99547752867177,22.496685022185368,4,6,Sports Complex,-521.5112303323303,-387.4457504758574,4
706,87.99967989266187,22.50037102900713,29,16,Library,-89.31436443800199,20.00544360180122,3
4690,88.00108736838327,22.50587179420211,28,8,other,55.439064118198445,628.0600282549758,-1
3070,88.00435621420316,22.503333999700903,17,20,Cafeteria,391.62720055164743,347.5322240914249,1
745,87.9998185640467,22.50002608898438,24,14,Library,-75.05254940847819,-18.124226512932964,3
3594,87.99603036133303,22.496731403525036,23,6,Sports Complex,-464.6545315500064,-382.31875718890143,4
1939,88.00450130225951,22.50324208006501,15,20,Cafeteria,406.54894540377074,337.37142753990463,1
4400,87.99506370331186,22.496034724329373,15,6,Sports Complex,-564.0715663725981,-459.3296754774732,4
2862,88.00454269055383,22.50318780408132,6,19,Cafeteria,410.80557122966917,331.37176030284763,1
3996,87.99583621463138,22.496311923093742,22,17,Sports Complex,-484.62176812740364,-428.68812406411877,5
513,87.99977310908449,22.49976502422472,29,10,Library,-79.72741628262301,-46.982325046035456,2
81,88.00008927814288,22.50028715933736,0,11,Library,-47.210652753253676,10.734490305520126,2
4976,87.99908572320031,22.494155720047804,22,2,other,-150.4223930863992,-667.0348087621666,-1
1308,88.00027147389146,22.50022884756889,0,10,Library,-28.47252542766303,4.2887074188661245,2
4614,87.99628802170197,22.49751492918646,11,23,other,-438.1551601996468,-295.7078305752974,-1
914,87.9999761761169,22.50025441536671,12,11,Library,-58.84275822269413,7.11497178991749,2
3452,87.9953406301519,22.495916317156837,28,17,Sports Complex,-535.5907130645559,-472.41840432962414,5
3695,87.99539136135225,22.496771486354863,10,18,Sports Complex,-530.373205527275,-377.8880011798453,5
4804,88.00103277027812,22.50114010106036,27,19,other,49.823860393372506,105.0186683659512,-1
3156,88.00467396005169,22.50314545210237,22,12,Cafeteria,424.30613084200826,326.6901725495581,0
2198,88.0040337772006,22.50341742700606,22,19,Cafeteria,358.4658032334805,356.75427840344065,1
4232,87.99598409747638,22.496400534241246,6,6,Sports Complex,-469.4125900841337,-418.8930478190238,4
774,88.00015545249056,22.499728188515284,22,11,Library,-40.40487730468611,-51.054144366847964,2
329,88.00015708637731,22.500004712405737,9,11,Library,-40.23683837804339,-20.487193516251168,2
2054,88.00468951540955,22.502666269447392,29,20,Cafeteria,425.90593917173834,273.72132186832255,1
2001,88.00449373111701,22.50309537373953,3,19,Cafeteria,405.77028271077336,321.15451032126253,1
943,87.99997520603405,22.500172426951316,16,11,Library,-58.942527488043886,-1.9480276479042402,2
822,88.0005747245309,22.50011444321654,18,10,Library,2.715628729939472,-8.357549690172306,2
4527,88.00183274603206,22.49947067308961,12,17,other,132.09826938379803,-79.51989952076403,-1
909,88.00054081368083,22.49971293417781,2,16,Library,-0.771970906390625,-52.74035883113335,3
2516,88.00513001444756,22.503058075601945,23,19,Cafeteria,471.2095597301477,317.0315741926515,1
181,87.9997857106109,22.499993951098403,18,14,Library,-78.43139808155205,-21.67674842886754,3
164,88.0002408440323,22.50032424863664,20,14,Library,-31.622687850595682,14.834341447910688,3
1523,88.00430338674518,22.50284907918013,17,13,Cafeteria,386.194101033147,293.92910972521645,0
451,88.00023878558012,22.50031548037518,3,11,Library,-31.834391687713712,13.865097825826354,2
2538,88.00489083997915,22.502852894469747,0,19,Cafeteria,446.6113916776178,294.35085183944454,1
4137,87.99594536916581,22.49624275871456,19,18,Sports Complex,-473.39564688015713,-436.33355453910895,5
4775,88.004646786376,22.49953224592817,27,18,other,421.5114235068684,-72.71363794661063,-1
1311,88.0002044415748,22.49984111053965,2,14,Library,-35.366539664473414,-38.57174379364238,3
3149,88.00423182056993,22.50290445802989,12,13,Cafeteria,378.83379699468213,300.05068777750665,0
1111,88.00005435821829,22.499715578582396,21,10,Library,-50.802031795982984,-52.44804634829819,2
4547,87.99498802546326,22.502460533661907,16,11,other,-571.8547400955955,250.97928814078665,-1
4085,87.99525192762906,22.4962362023243,9,18,Sports Complex,-544.7134241054977,-437.0582979181589,5
3489,87.9953909864818,22.49664301376165,15,7,Sports Complex,-530.4117595019526,-392.08936163377257,4
1287,88.00012699783173,22.499675970833938,26,14,Library,-43.33132879631637,-56.82628686293306,3
4177,87.99540692653208,22.4971049152832,12,6,Sports Complex,-528.7723870455118,-341.03076744159745,4
4645,88.00589701140149,22.49604397961244,25,2,other,550.0922268239123,-458.30659648714266,-1
3680,87.99554893747549,22.49630636564936,13,17,Sports Complex,-514.1671113465178,-429.3024439661073,5
4511,88.00195582887022,22.49453422621694,29,15,other,144.75686274280716,-625.1947368260282,-1
4168,87.9953643780398,22.49660492820596,21,6,Sports Complex,-533.1483347404184,-396.2993389594094,4
3300,87.99536085795621,22.49620222603798,8,7,Sports Complex,-533.5103617078599,-440.81403660811446,4
3310,87.9956696571268,22.49652900269465,18,18,Sports Complex,-501.7515626055292,-404.69214497972405,5
4556,87.99882246298498,22.50527048420478,0,7,other,-177.49768695670892,561.5912211498609,-1
3125,88.00458668750692,22.503471473621683,19,19,Cafeteria,415.3304875090717,362.7285912944959,1
327,88.0001979156735,22.500352733094932,4,11,Library,-36.03770334638493,17.983013467368423,2
1790,88.00475992527564,22.50304710940708,16,13,Cafeteria,433.14732128925897,315.81937101236485,0
2490,88.00417118635112,22.50305009018373,7,20,Cafeteria,372.59780235017973,316.14886606320147,1
2006,88.00506881124853,22.5033290935494,20,19,Cafeteria,464.91504767375955,346.9898981043013,1
2007,88.00446275223776,22.502843084616583,12,20,Cafeteria,402.5842249220627,293.2664706706456,1
1858,88.00424423732707,22.502754100795144,5,12,Cafeteria,380.1108123924332,283.43019904884443,0
4685,87.99795475154556,22.50188130049992,26,16,other,-266.73844894154036,186.95085441487345,-1
312,88.00020635408725,22.500403055157065,9,15,Library,-35.16984516277589,23.545614215582304,3
832,87.99974896480832,22.49962053156333,24,16,Library,-82.21056160595622,-62.954543835846124,3
3079,88.00456107852908,22.503043546910067,13,12,Cafeteria,412.6967032900974,315.4255725924559,0
4717,87.99693476119643,22.49718014143781,19,5,other,-371.6405072061279,-332.7152683109617,-1
3462,87.9953084828739,22.49642136203443,7,17,Sports Complex,-538.8969361413458,-416.59074356062183,5
1201,87.99989264861472,22.500272745106297,9,15,Library,-67.43323842503162,9.14114120372183,3
4391,87.99605241993713,22.49599249427534,10,18,Sports Complex,-462.38588952339364,-463.99778565011275,5
3547,87.99541789733964,22.49611991289024,2,17,Sports Complex,-527.6440819650453,-449.91293195925584,5
4922,88.00052959590778,22.504564544702237,5,22,other,-1.9256754322124672,483.5566685389238,-1
2134,88.00457267409517,22.50300969391139,26,19,Cafeteria,413.88926236768026,311.6834621187767,1
3451,87.99521486002138,22.496700745592907,24,7,Sports Complex,-548.5256840388444,-385.7076850064383,4
2209,88.0044053016253,22.50342512844768,2,12,Cafeteria,396.67565186482545,357.6055957602615,0
1901,88.00459128351748,22.50232643106258,18,19,Cafeteria,415.8031694015529,236.1555868113394,1
1481,87.99990679171198,22.50031808837503,25,14,Library,-65.97867563028132,14.153386129229588,3
777,87.99993812034111,22.49971280149121,1,11,Library,-62.75664742030979,-52.755026008036836,2
799,88.00000743903487,22.49962422992456,2,14,Library,-55.62748815139277,-62.545726985514065,3
3714,87.99546022010513,22.495880002107,22,6,Sports Complex,-523.2913493969138,-476.4326699385606,4
3942,87.99586295186353,22.49607203740244,7,17,Sports Complex,-481.87194732082554,-455.20508838085783,5
54,88.00025774988062,22.499943380277024,3,14,Library,-29.88398680682567,-27.26684702414431,3
2972,88.00493724625352,22.50284497597138,9,20,Cafeteria,451.3840973226882,293.47554103012703,1
3335,87.99547684192292,22.496493725211117,20,7,Sports Complex,-521.5818597924309,-408.59171800951617,4
1920,88.00409099312263,22.50297223504437,0,13,Cafeteria,364.350239288405,307.5427589584103,0
3715,87.9960596931343,22.49606954090965,9,7,Sports Complex,-461.6378693544481,-455.48105069350174,4
4646,87.99556610708983,22.500742256206557,24,16,other,-512.4012829882181,61.04089822643161,-1
946,87.99961861870727,22.50007355603225,4,14,Library,-95.6161534313951,-12.877219041670571,3
1701,88.00442184982317,22.502711910517046,26,20,Cafeteria,398.37756994603717,278.7664857079114,1
3293,88.00466601473389,22.503291534443328,23,13,Cafeteria,423.4889856680641,342.8381145190589,0
2161,88.00408558453763,22.503408512134097,21,12,Cafeteria,363.79398726215817,355.76882845671497,0
1136,88.00029736762224,22.500047658897817,25,16,Library,-25.809455470992056,-15.739888281736754,3
987,88.00021934057264,22.49998864719552,6,15,Library,-33.834235421049925,-22.263041853763283,3
2549,88.00450328434489,22.50291239799714,12,19,Cafeteria,406.7527952109081,300.9283717574092,1
193,87.99968856530532,22.499663505079937,23,15,Library,-88.42241663785087,-58.20425131015952,3
3057,88.00429827474679,22.50320780161028,14,13,Cafeteria,385.66835179101304,333.5822871539734,0
3246,88.00487271176887,22.502409518809745,29,12,Cafeteria,444.7469754375573,245.34010638287634,0
1394,87.99990866961217,22.50012706715992,16,10,Library,-65.78554086658276,-6.96209898890082,2
2637,88.00487187329054,22.50285683283539,14,12,Cafeteria,444.6607411878418,294.78619877776254,0
768,87.99984325823556,22.499873955042247,6,16,Library,-72.5128476946895,-34.941112476398644,3
4702,87.99809322951805,22.499231631192004,19,22,other,-252.4965256231104,-105.94359088231982,-1
3090,88.0051235242717,22.50340554399724,5,13,Cafeteria,470.5420702709118,355.4407306084237,0
3495,87.99549267763692,22.496568238697098,27,7,Sports Complex,-519.9532179198922,-400.35499726922814,4
3215,88.0045208103499,22.50287442087064,13,19,Cafeteria,408.55527696993175,296.7303801941483,1
285,87.99951197805012,22.49963561212513,7,11,Library,-106.5837321337964,-61.28753853464637,2
4938,87.99807377153118,22.499295890051823,29,7,other,-254.49770423590786,-98.84041651793005,-1
428,88.00026460612172,22.50027523990875,12,15,Library,-29.17884895529765,9.416916666736697,3
4448,87.99530652317887,22.496008734326125,26,6,Sports Complex,-539.0984831873996,-462.2026104365304,4
2332,88.00428877370932,22.50335743049332,16,20,Cafeteria,384.69120687304894,350.1222638852443,1
2717,88.00507937592839,22.5027193033373,1,12,Cafeteria,466.001584093033,279.58368805885897,0
2079,88.004835200662,22.503148717631525,23,13,Cafeteria,440.8891033297001,327.05114414241007,0
3389,87.99487917870374,22.49666615973669,16,18,Sports Complex,-583.0492078848376,-389.53080555258765,5
722,87.99966295364447,22.50018604799288,4,16,Library,-91.05647679395099,-0.4423577134203782,3
951,88.00008801384912,22.499792044447943,17,16,Library,-47.340680471206795,-43.99550957073359,3
4383,87.99606031779717,22.496153495200137,21,7,Sports Complex,-461.57362519636104,-446.2007434232996,4
4366,87.99543639326184,22.49670204182852,11,17,Sports Complex,-525.7418479777433,-385.5643991217697,5
2262,88.00473994188783,22.50291300205592,0,19,Cafeteria,431.09210722449507,300.99514441493767,1
989,88.00000672145975,22.49952008171095,19,14,Library,-55.70128797414638,-74.0582705178334,3
3212,88.00456042145996,22.50274890717548,27,13,Cafeteria,412.62912627483615,282.8560963311735,0
1759,88.00435643850986,22.50319003973712,0,19,Cafeteria,391.65026962759123,331.61888969488615,1
4579,87.99933291543287,22.502747196140614,15,9,other,-124.99962903283891,282.66695853710877,-1
326,88.00028952771838,22.49972740023064,7,10,Library,-26.615759228724443,-51.14128135146984,2
2608,88.0045438631226,22.502574866777707,27,20,Cafeteria,410.926165388057,263.6176707612944,1
1383,87.99984857126925,22.500114421646515,17,15,Library,-71.96642274971835,-8.359934040624069,3
1724,88.0046376674189,22.50292678919145,21,12,Cafeteria,420.5735740759156,302.51917437634006,0
1086,88.00025757086351,22.49967018820135,20,16,Library,-29.90239802316314,-57.46549906919739,3
2523,88.0043021860505,22.502944946532125,20,19,Cafeteria,386.07061423376166,304.5262868147026,1
341,88.00006092180287,22.499529537738624,11,11,Library,-50.12699253475525,-73.01300121887294,2
3701,87.99504232509662,22.496382209277577,21,18,Sports Complex,-566.2702330387132,-420.91868930301257,5
147,87.99966988584673,22.50024643249892,0,10,Library,-90.34352663185578,6.2325455841259725,2
688,88.00017773999205,22.499892688894924,29,16,Library,-38.11269406756886,-32.87027240146713,3
3432,87.9956348244283,22.4964532302946,4,17,Sports Complex,-505.3339707832227,-413.0680260814928,5
1107,87.99973664610921,22.499448608485725,22,14,Library,-83.47749211414107,-81.95892083434536,3
848,87.99984056500394,22.500173369727975,5,10,Library,-72.78983613947346,-1.8438131160715443,2
966,87.99983090192448,22.49980917847396,15,16,Library,-73.78364644822608,-42.10151433485166,3
4727,88.00465915343275,22.494620435998087,11,10,other,422.78332741197835,-615.665107617875,-1
1492,87.99985893810033,22.50001800921532,2,10,Library,-70.9002343111762,-19.017364184828907,2
3953,87.99544738506918,22.49595033373412,21,6,Sports Complex,-524.6113831499623,-468.65821187696105,4
2203,88.00474954828664,22.50253164451293,22,13,Cafeteria,432.08008814808164,258.8398816130364,0
2713,88.00446289380598,22.502655565372955,9,19,Cafeteria,402.5987846655826,272.538093480003,1
661,87.9998632852647,22.500061626194608,22,16,Library,-70.45314528749869,-14.195943294442941,3
1002,88.00001490759249,22.499917172904205,26,10,Library,-54.85937591732328,-30.163810015605463,2
62,87.9997234162565,22.499393939934933,9,14,Library,-84.83813124293684,-88.00198243889952,3
284,88.00053325834367,22.500020609938232,3,16,Library,-1.5490080812567182,-18.729880274170227,3
2224,88.00449101048005,22.503188415798924,0,13,Cafeteria,405.49047573340243,331.4393795666605,0
4706,87.99707830424784,22.499841352209614,28,0,other,-356.8776601311281,-38.545029595620974,-1
1879,88.00409583715597,22.503248164536817,1,12,Cafeteria,364.8484293627152,338.0440050533829,0
3572,87.99518855433018,22.496071689303676,3,18,Sports Complex,-551.2311225291122,-455.243567218038,5
4857,87.99816213607386,22.50367495379503,13,17,other,-245.40975314670186,385.22128965630196,-1
1203,88.00013582450725,22.50025592738653,19,16,Library,-42.42353939315817,7.28211046057659,3
1990,88.00480917632228,22.50283948900068,29,13,Cafeteria,438.2126007493608,292.8690112889469,0
24,87.99986390431887,22.49990694830598,9,10,Library,-70.38947796223466,-31.294037103295764,2
4852,87.99530158631808,22.50056203812324,7,4,other,-539.6062202054185,41.119591296370785,-1
4102,87.99503181403487,22.49718317518133,0,17,Sports Complex,-567.3512550430652,-332.37991830211877,5
4167,87.99581623223933,22.49543810372325,19,6,Sports Complex,-486.67687978266326,-525.2801172784789,4
762,88.00064002113457,22.50030894554796,14,15,Library,9.431131605032327,13.142738025146556,3
875,88.00044863946587,22.500362124807477,23,10,Library,-10.25173203940425,19.021173372141007,2
4742,87.9943967397167,22.494175402611813,0,20,other,-632.6661898199644,-664.859098136627,-1
938,88.00006095017844,22.49989080894069,21,16,Library,-50.1240742175744,-33.078082542402285,3
2687,88.00443502456307,22.50291036908323,1,20,Cafeteria,399.73254093457865,300.7040956140197,1
3600,87.99534397164017,22.495318547314938,18,7,Sports Complex,-535.2470539337387,-538.4958826531971,4
2394,88.00491229212068,22.50316306026824,28,13,Cafeteria,448.8176613761594,328.63657920475896,0
4567,88.00505457308337,22.49750284308788,24,22,other,463.4507075131852,-297.04382791220166,-1
4980,88.00080534126673,22.500491958256976,12,21,other,26.433667119494253,33.37296287976237,-1
4124,87.9955078751359,22.496679763253045,8,6,Sports Complex,-518.3902139904627,-388.0270728547871,4
4564,87.99967074560304,22.499283480552105,7,5,other,-90.2551040238874,-100.21216261671263,-1
385,88.00003759844662,22.500070040289703,15,15,Library,-52.52570942247758,-13.26584922260487,3
3877,87.99540821825072,22.496790184454007,7,17,Sports Complex,-528.639538785366,-375.82111330050327,5
4370,87.99561391978932,22.49694592225423,0,7,Sports Complex,-507.4839319641088,-358.6058568637498,4
4569,87.99545901365553,22.494360699746423,9,23,other,-523.4154280668187,-644.3763528767988,-1
536,87.99978489665868,22.5000981039918,28,14,Library,-78.51510991517026,-10.163687592868413,3
2291,88.0042991852396,22.50335527591557,0,20,Cafeteria,385.761992451876,349.88409686076034,1
4665,87.99405606297445,22.49880332408897,20,0,other,-667.7034737468975,-153.28865805150036,-1
3874,87.99551718315597,22.497354439545845,0,18,Sports Complex,-517.4329201647122,-313.448355448719,5
936,87.99974469179571,22.499967131851083,5,11,Library,-82.65002440855035,-24.641348027701113,2
3737,87.99565184233404,22.496642047593344,20,17,Sports Complex,-503.58374506608686,-392.196161878149,5
4728,87.99779117023427,22.50321114141904,25,10,other,-283.5621534632166,333.9514696143278,-1
2360,88.00510087220204,22.502941656121937,29,12,Cafeteria,468.2123926094494,304.16256487253514,0
3507,87.9953825694588,22.496485011467325,14,17,Sports Complex,-531.2774177285957,-409.5549352483169,5
201,88.0001401961316,22.500122296782536,4,14,Library,-41.97393475535041,-7.489416504903659,3
3208,88.00480263360325,22.502859632775284,21,20,Cafeteria,437.53970742836043,295.09570413346665,1
1332,87.99994663928227,22.50039072219213,3,10,Library,-61.88050730540688,22.182328271609464,2
3016,88.00467026199826,22.50308081117856,3,20,Cafeteria,423.92580036432327,319.5447648315909,1
3502,87.99508027848623,22.496688982815265,13,6,Sports Complex,-562.366873863432,-387.0079424470499,4
2708,88.00415810886426,22.503323823904186,11,12,Cafeteria,371.252833459836,346.4073915223002,0
4021,87.99547249406248,22.49667020055666,26,18,Sports Complex,-522.0290204048388,-389.0841333130833,5
1854,88.00428106741504,22.5031113222523,10,13,Cafeteria,383.8986443427988,322.9174589226599,0
4469,87.99527919777127,22.49633797926718,9,18,Sports Complex,-541.9087955620763,-425.8078746521369,5
2872,88.00462262540465,22.50315143433547,0,20,Cafeteria,419.02656114869313,327.3514485966284,1
3030,88.00486070458588,22.50339092648191,0,19,Cafeteria,443.51208315597574,353.8249104638766,1
1205,88.00001014792281,22.50026127211852,21,15,Library,-55.348889515557175,7.872917134982913,3
1645,88.0046712084448,22.50319864944233,7,20,Cafeteria,424.02313872736346,332.57060650861484,1
3417,87.99563137589365,22.496912742105504,22,18,Sports Complex,-505.68863921928505,-362.2735905039584,5
3476,87.9951997933882,22.496206137069787,23,7,Sports Complex,-550.0752289274255,-440.3817111520862,4
2861,88.0044258646619,22.5031922851825,2,13,Cafeteria,398.7904805642407,331.86710122717545,0
1792,88.00449089376343,22.503206754142692,27,20,Cafeteria,405.4784718808947,333.46650008677136,1
3797,87.99569235101063,22.49684154291207,14,7,Sports Complex,-499.417584518038,-370.14394934628916,4
3368,87.9952612738207,22.496235588719514,15,7,Sports Complex,-543.7522044807511,-437.1261257912627,4
3367,87.99509505124053,22.496777641873585,26,6,Sports Complex,-560.8475532802348,-377.20757014028277,4
3533,87.99577855233433,22.496366027559404,17,18,Sports Complex,-490.552112125484,-422.70741642990174,5
3449,87.99527140191353,22.4965857140556,13,7,Sports Complex,-542.7105693471217,-398.42327114055877,4
603,88.0003389094647,22.500281358696103,28,14,Library,-21.537037813076374,10.093287420861756,3
3056,88.00405858784556,22.50258873079245,6,12,Cafeteria,361.0174820069836,265.15019895102404,0
4531,88.00544136039053,22.49823697388881,6,12,other,503.230284512639,-215.89300917714303,-1
126,87.99975236591872,22.499888169526084,19,15,Library,-81.86077056905283,-33.369843433046285,3
3876,87.99574006165976,22.497171050789014,4,7,Sports Complex,-494.51072897881505,-333.720148628817,4
2935,88.0043734736585,22.503180573181847,13,19,Cafeteria,393.4022687099118,330.57245667500786,1
3531,87.99583877618207,22.496838143863936,26,17,Sports Complex,-484.35832255690815,-370.5196801268817,5
2730,88.00505719486021,22.50282042383877,20,20,Cafeteria,463.72034711069693,290.76154829125926,1
827,87.99986928499321,22.49990322507438,23,14,Library,-69.83609643916932,-31.705603124399673,3
1639,88.0046348824743,22.50248224209652,25,12,Cafeteria,420.28715330656036,253.37893850286093,0
984,87.99999909936523,22.499862610716026,22,14,Library,-56.485190885623325,-36.1951142969253,3
3281,88.00462071972915,22.502655882847375,8,20,Cafeteria,418.83056980143795,272.57318710239934,1
4971,88.00206092788294,22.498423184342236,1,20,other,155.56588928371963,-195.30930565557597,-1
2188,88.00418855256788,22.50361149869539,25,13,Cafeteria,374.38385050706194,378.2069629418377,0
4612,88.00107675271057,22.494832220052224,25,19,other,54.34728328292728,-592.2544982735319,-1
2443,88.00414509663278,22.502979056882943,12,12,Cafeteria,369.9145758324662,308.2968449940894,0
362,87.99997280996288,22.500198372180137,24,15,Library,-59.18895413061601,0.9199579459126994,3
2349,88.00426136582924,22.50253120291497,14,13,Cafeteria,381.87241252289294,258.7910673743442,0
345,88.00005801248435,22.499743081214767,15,15,Library,-50.42620468088295,-49.40790536605064,3
814,88.00025796113486,22.50016648106301,19,15,Library,-29.862260125537535,-2.605286141070593,3
3205,88.00391386840566,22.502853145020243,18,19,Cafeteria,346.13364793003603,294.378547691262,1
4160,87.99501216382325,22.49649358167668,29,7,Sports Complex,-569.3722032282401,-408.6075843060597,4
4795,88.00085251101325,22.50402712836284,21,23,other,31.284892920083706,424.1506663818603,-1
3325,87.99521686263748,22.49590317733728,5,17,Sports Complex,-548.3197227266205,-473.87087998353786,5
4106,87.99541516858967,22.496889851839292,21,7,Sports Complex,-527.9247233336079,-364.803880531063,4
2116,88.00459080939831,22.503541363535284,14,13,Cafeteria,415.7544080799788,370.45422234389105,0
1834,88.0044212165929,22.50273475761169,20,20,Cafeteria,398.3124446642923,281.2920035499275,1
793,87.99968081285604,22.49979793356959,2,14,Library,-89.21972603058425,-43.344526064045255,3
4946,87.99452314184933,22.503504609485404,12,2,other,-619.6662198767813,366.391429670154,-1
2674,88.00452343602088,22.50266193550616,13,13,Cafeteria,408.8253170635817,273.24224800467175,0
94,87.99990197296172,22.499409266891117,5,10,Library,-66.47426543710182,-86.30774070229528,2
3756,87.99508231848101,22.496580350424377,21,6,Sports Complex,-562.1570682983557,-399.016166935722,4
2891,88.00485483896298,22.50277760898932,2,12,Cafeteria,442.90882655134317,286.02879483298125,0
2371,88.00495696801215,22.502891982833223,0,20,Cafeteria,453.41240384047404,298.67167953805614,1
4149,87.99551078249726,22.496686207851297,9,7,Sports Complex,-518.0912031308222,-387.3146869639683,4
4432,87.99546493953093,22.496273715032185,21,18,Sports Complex,-522.8059747254906,-432.9116431886626,5
3228,88.00440174675397,22.503245371093374,24,13,Cafeteria,396.31004711239535,337.7352178152176,0
2853,88.00358066293937,22.50286679490687,15,13,Cafeteria,311.86475580912685,295.8874061588386,0
2912,88.00402545477539,22.503316124701644,7,12,Cafeteria,357.60987402228017,345.5563216733861,0
1865,88.00493474698101,22.502968836930908,2,12,Cafeteria,451.1270568214182,307.1671314961545,0
1857,88.00386948870155,22.50342546254685,1,13,Cafeteria,341.56936718957155,357.64252708247614,0
2645,88.00454357318502,22.502922016649254,23,19,Cafeteria,410.89634642963387,301.9916175621787,1
2243,88.0046616643168,22.50325666198477,28,12,Cafeteria,423.0415621144675,338.98331295023684,0
2336,88.00424956744621,22.503044089882863,14,20,Cafeteria,380.65899450882137,315.4855928052831,1
950,87.99993969098554,22.49977095202113,21,14,Library,-62.59511272195096,-46.327066430658164,3
3068,88.0048661922096,22.502988532739653,17,12,Cafeteria,444.07646400933453,309.3443061949068,0
1120,88.00027638148325,22.500176126634955,24,10,Library,-27.967798613303252,-1.5390646184980028,2
2597,88.0046475006496,22.5029910975173,19,19,Cafeteria,421.5848837808042,309.62781671582655,1
2204,88.00426367795173,22.503005379105776,10,19,Cafeteria,382.11020536902834,311.2065035060919,1
419,88.00001687962035,22.49988197735557,1,14,Library,-54.656560487101785,-34.0543259615788,3
922,88.00003324241854,22.499942652313983,15,10,Library,-52.97371004566536,-27.34731605869186,2
1254,88.00030691724812,22.4999815131086,3,11,Library,-24.827313422294782,-23.051643821641363,2
477,88.00007781253863,22.50023688161553,19,14,Library,-48.389845757999886,5.17679093410365,3
2035,88.00477450597747,22.50348927038269,8,13,Cafeteria,434.64689001968526,364.69584525622133,0
1202,88.00003057437576,22.500503067611422,9,14,Library,-53.248107915835796,34.600990920239596,3
2626,88.00449078353542,22.50298885010364,20,19,Cafeteria,405.4671353563104,309.37938761008877,1
4818,88.00149135708115,22.499245069441677,7,2,other,96.98773755367044,-104.45812676336416,-1
1970,88.0047475055739,22.50294173372566,6,12,Cafeteria,431.87000305197387,304.1711431880268,0
3110,88.00473912969906,22.502356183467985,20,19,Cafeteria,431.0085767537681,239.4444177046281,1
4018,87.99540489448606,22.49629342488573,3,7,Sports Complex,-528.9813751117762,-430.7329159776213,4
2151,88.0047139384323,22.503419188218203,12,12,Cafeteria,428.41775250191233,356.948962793754,0
3687,87.9956518123901,22.496783146013232,25,17,Sports Complex,-503.58682468517924,-376.59914254368437,5
1997,88.00433289967154,22.50249522393381,14,12,Cafeteria,389.2293912427625,254.81395079695085,0
4033,87.99531532117834,22.49617895842524,29,17,Sports Complex,-538.1936430055034,-443.38603852035317,5
3054,88.00510827459199,22.503705775523688,20,20,Cafeteria,468.97369975607603,388.6283235420816,1
1248,88.00005844647795,22.500096580829453,0,16,Library,-50.38157011887071,-10.332057958647525,3
2192,88.00401102716215,22.502522116485537,4,20,Cafeteria,356.12604986086905,257.7866534648348,1
2712,88.00453815668162,22.50301269361832,20,20,Cafeteria,410.3392800264061,312.0150497227166,1
992,87.99993820565437,22.4998767192944,26,14,Library,-62.747873281783185,-34.63555204355842,3
2190,88.00467134741103,22.50317300704404,4,13,Cafeteria,424.03743086594807,329.73609580182796,0
3762,87.99528476956412,22.49633194320088,5,7,Sports Complex,-541.3357582395444,-426.47510142124656,4
3597,87.9951846776085,22.496826698034067,25,17,Sports Complex,-551.6298283440007,-371.78490216067524,5
1318,87.99984762194946,22.500098449324557,24,10,Library,-72.06405661540504,-10.125514509805171,2
1863,88.00413679510424,22.502489758792542,13,13,Cafeteria,369.06079576370854,254.20983408123746,0
2343,88.00421090730944,22.503097495372373,9,20,Cafeteria,376.68294912462665,321.38903561569947,1
2449,88.00436253380781,22.502711781220857,13,19,Cafeteria,392.2771474221104,278.7521933070959,1
2136,88.00485455780142,22.502788775792247,8,12,Cafeteria,442.87991017332007,287.26317322860655,0
1065,87.99972008252634,22.49989797479021,1,15,Library,-85.18099248284716,-32.28596953675762,3
4960,88.00532742735915,22.49754367450129,3,15,other,491.512713354378,-292.53032347372005,-1
2621,88.00430092928259,22.50314897525725,1,13,Cafeteria,385.94136052090795,327.0796220900734,0
77,87.99992524816238,22.500291184838613,23,14,Library,-64.08050116478974,11.179469213855171,3
2898,88.00469834770615,22.503108783018185,17,12,Cafeteria,426.81430668071346,322.63677198373796,0
1314,88.00000258815496,22.50045813926087,21,15,Library,-56.126382369602055,29.634611050328488,3
4372,87.99471302621293,22.49635919149204,3,7,Sports Complex,-600.1373482639079,-423.46307531628906,4
872,87.999655170193,22.500040004556464,27,14,Library,-91.85697464309602,-16.585999174869457,3
3850,87.99583438599991,22.496405962742863,1,17,Sports Complex,-484.8098357939384,-418.29298125036655,5
4787,88.00013516182739,22.49453862822596,2,19,other,-42.49169345170305,-624.7081387487158,-1
2965,88.00422600302676,22.50276906323993,27,19,Cafeteria,378.23548520380524,285.08414769561693,1
3391,87.99559932580975,22.49643628584912,16,17,Sports Complex,-508.9848662588479,-414.9410650845151,5
2560,88.00442890951732,22.50293884961585,0,12,Cafeteria,399.1036321551218,303.85233368947263,0
4896,87.99355898722327,22.495627801271247,28,4,other,-718.8257902049245,-504.31095032270366,-1
2635,88.00482464883325,22.5031470828197,13,19,Cafeteria,439.8038885966441,326.8704320434192,1
3530,87.99557641856266,22.49620193396593,24,7,Sports Complex,-511.3407879305773,-440.8463222523363,4
375,87.99980816310928,22.500348920952696,15,16,Library,-76.1222455530404,17.56161926463861,3
1908,88.00417889456459,22.503364148361207,19,13,Cafeteria,373.3905622617052,350.8648570014582,0
4332,87.99499908408337,22.496452753420208,22,7,Sports Complex,-570.7174038326929,-413.1207397766344,4
4379,87.99518384741124,22.496873087301907,14,7,Sports Complex,-551.7152109184543,-366.6570324935978,4
4027,87.99523749206146,22.496579025811933,28,7,Sports Complex,-546.1980663415641,-399.16258959535025,4
1604,88.0045191559495,22.50357183922091,28,13,Cafeteria,408.3851282935018,373.82300463305995,0
1118,88.00005027476168,22.500114320101154,5,11,Library,-51.22199949887108,-8.371158864780881,2
3677,87.99491131092562,22.496501821841665,9,6,Sports Complex,-579.7445332727827,-407.69671646871393,4
3490,87.9955205131211,22.496255860320133,3,18,Sports Complex,-517.090446144389,-434.8853030588859,5
4864,88.00627145283453,22.49975443734052,2,2,other,588.6020784696334,-48.152599225254704,-1
2958,88.00430513329003,22.50264452303793,17,19,Cafeteria,386.37372640916414,271.31747376633683,1
1994,88.00437985615216,22.50316103975721,4,12,Cafeteria,394.0586834706038,328.41323191554704,0
4955,88.00398472597278,22.501719287925724,16,8,other,353.42107436620614,169.04198446311113,-1
4355,87.99436860209863,22.49659141458945,19,18,Sports Complex,-635.5600348971265,-397.793134128649,5
2376,88.00458968283583,22.502881136696395,11,20,Cafeteria,415.6385454906097,297.47274757311334,1
1342,88.00010923454244,22.50036923360653,17,11,Library,-45.15821432513054,19.806980019505218,2
320,88.00002424899125,22.499967185758223,3,16,Library,-53.89864922180582,-24.635389132436103,3
1619,88.00404024811782,22.502983313756868,0,19,Cafeteria,359.13131201515057,308.76739983779834,1
3713,87.99515673230472,22.49714194709753,12,18,Sports Complex,-554.5038946411375,-336.9372706855946,5
2060,88.00438005311779,22.502941875809743,3,13,Cafeteria,394.07894062300556,304.18684916257996,0
2219,88.00435486817243,22.50313888870821,27,19,Cafeteria,391.48876650269494,325.9646549592409,1
1673,88.0039650335556,22.502839996271994,0,19,Cafeteria,351.3957855029665,292.925085059881,1
260,87.99976826738211,22.500409991132344,5,15,Library,-80.22536662632444,24.31231692287497,3
4417,87.99533099279826,22.496793304919088,29,17,Sports Complex,-536.58187757327,-375.4761770904498,5
2039,88.00463149111143,22.502921420890548,2,13,Cafeteria,419.9383647647272,301.9257623947768,0
901,87.99990166529692,22.500044205218035,29,14,Library,-66.50590757116098,-16.121658044758718,3
3744,87.99540213554803,22.496660873061327,8,6,Sports Complex,-529.2651212056172,-390.11519464734045,4
2026,88.0044058014711,22.502725173087864,7,20,Cafeteria,396.72705906974534,280.232530286086,1
1917,88.00438049709864,22.50296366302783,25,12,Cafeteria,394.124602334661,306.5952082500629,0
1828,88.0043735373353,22.50282885779282,28,19,Cafeteria,393.40881762159484,291.6938375720238,1
1573,88.00446854733276,22.502634567417616,3,12,Cafeteria,403.1802280063462,270.2169794968364,0
4394,87.99619794330927,22.49626783158677,27,6,Sports Complex,-447.4193741283779,-433.56199924477164,4
4208,87.99563954948063,22.497061353123545,8,7,Sports Complex,-504.8480174447545,-345.8461285697209,4
224,87.99988201703356,22.49976614032449,1,16,Library,-68.52665538476732,-46.858951377368356,3
723,88.0001858160235,22.499954693956692,13,10,Library,-37.282105501393126,-26.016232873667988,2
4485,87.99601509811443,22.49655662703921,5,6,Sports Complex,-466.2242944877172,-401.63854993193326,4
1141,88.00034392670332,22.49994548852615,15,10,Library,-21.021034246381443,-27.03380116561533,2
2762,88.00443866169451,22.503023661906973,5,13,Cafeteria,400.1066058213631,313.2274843503568,0
846,88.00007229216098,22.499880290636,12,16,Library,-48.957595226359764,-34.24077594297103,3
2551,88.00410888261068,22.50329011967099,6,19,Cafeteria,366.1901038706986,342.68172558477295,1
2928,88.00434163434817,22.502354388743637,27,13,Cafeteria,390.12771891533794,239.2460288752219,0
117,87.99970783049059,22.49981205223748,24,11,Library,-86.44106692245131,-41.78384851529742,2
645,87.99993181910756,22.50037246585965,3,10,Library,-63.40470489461111,20.164273279124956,2
3,88.0003807574641,22.49999915638565,22,11,Library,-17.233133099812378,-21.101355976828273,2
4170,87.99525873482618,22.496726212057094,19,18,Sports Complex,-544.0133302370145,-382.8926220551832,5
467,88.00018937692751,22.499962181679088,4,15,Library,-36.91588031135104,-25.188540040025913,3
5,87.99994146576076,22.49988669298767,9,11,Library,-62.412583962680635,-33.53305998945039,2
919,88.00004852249822,22.49966838196792,24,15,Library,-51.40221301119509,-57.66516011268969,3
2595,88.00490629896902,22.50258432554609,18,13,Cafeteria,448.2012889318634,264.6632430182269,0
1063,87.99956507155531,22.50006384593892,8,16,Library,-101.12327068990199,-13.950572758007453,3
2590,88.00424300183471,22.502731068997416,11,20,Cafeteria,379.98374678644893,280.88426412802795,1
242,88.00012624681975,22.500017513040778,9,15,Library,-43.408567470884904,-19.072211318837518,3
1160,87.99937514857127,22.499706101348597,28,16,Library,-120.65611426424032,-53.49565977249661,3
2870,88.00464258306135,22.50337571981389,10,13,Cafeteria,421.07912886972883,352.14396538085794,0
3735,87.99554319669673,22.49619674328052,7,6,Sports Complex,-514.7575282152274,-441.42010061760004,4
2397,88.0040033840837,22.50342593116617,16,12,Cafeteria,355.3399888346083,357.69432826203695,0
3517,87.99540540537132,22.496565123951367,25,7,Sports Complex,-528.9288325410446,-400.69930126229644,4
3421,87.99567613133459,22.496651497640883,24,18,Sports Complex,-501.08571540042044,-391.1515536231701,5
2563,88.00483726564094,22.50336521148707,1,20,Cafeteria,441.1014784189534,350.98237493414666,1
1605,88.00415848558343,22.502855004620844,11,12,Cafeteria,371.2915775680547,294.58410794175245,0
4828,88.00528311064,22.495731568827303,5,7,other,486.9549103724025,-492.8404846763458,-1
2324,88.00423488686923,22.503675232531293,12,12,Cafeteria,379.1491540057335,385.2521011627604,0
2709,88.00498141959824,22.503402163193595,15,13,Cafeteria,455.927154799043,355.06701657359946,0
4398,87.99563648095979,22.496624833662537,21,17,Sports Complex,-505.1636029326229,-394.0989897895551,5
1312,88.00034755188726,22.500434712837965,15,11,Library,-20.648198114341266,27.04505426225225,2
3448,87.99568288226826,22.496627809150368,21,18,Sports Complex,-500.3914080109264,-393.7700793646903,5
3812,87.99587705278556,22.496683809259643,8,17,Sports Complex,-480.42172208523203,-387.57982728542186,5
4655,87.99945047388992,22.495115369597443,2,13,other,-112.90919688188885,-560.9551475450828,-1
2362,88.00460558660977,22.504066685138863,8,12,Cafeteria,417.2741870651878,428.52327240351235,0
1975,88.00423863669928,22.502768272701772,27,13,Cafeteria,379.53480950871835,284.99676160747924,0
3514,87.9954522522474,22.49629095237245,3,7,Sports Complex,-524.1108127145595,-431.00622759562987,4
1761,88.00420675760891,22.503141954148507,6,19,Cafeteria,376.25616849171826,326.30350872959036,1
2739,88.00412661145984,22.50285790807488,21,20,Cafeteria,368.0134473650434,294.9050557508276,1
4844,87.99955629697575,22.504458504168014,18,13,other,-102.02570222422706,471.8349478858366,-1
2472,88.0043822568887,22.503170120765635,24,19,Cafeteria,394.30558992954553,329.41704658687166,1
4007,87.99535582686798,22.49617002866592,29,18,Sports Complex,-534.0277896538137,-444.3731341157318,5
1493,88.0000461378258,22.499946947757525,22,11,Library,-51.64746733605748,-26.872497729538125,2
4206,87.99578915096562,22.496270387834617,21,18,Sports Complex,-489.46208393234406,-433.2794316078432,5
2158,88.0040953144797,22.502776973254463,17,20,Cafeteria,364.7946741316231,285.9585207019153,1
1169,88.00021335388969,22.50015640773341,24,11,Library,-34.449942583566354,-3.7187919952278747,2
4516,88.00151088081851,22.503614570254115,6,6,other,98.99567835065697,378.54649304346225,-1
232,88.00001139295998,22.499995145098527,22,16,Library,-55.22084226324789,-21.544763655198054,3
66,87.9999819974696,22.500016747679307,15,16,Library,-58.244054636175356,-19.156814375753513,3
1603,88.00459760178879,22.50326041957272,2,19,Cafeteria,416.45297914237193,339.3986767219492,1
3283,88.00451740855942,22.503485709470816,19,13,Cafeteria,408.2054159899823,364.30222205759196,0
3596,87.99608599476814,22.496591705801027,10,6,Sports Complex,-458.932848147468,-397.76094360087006,4
125,88.00054761390645,22.50027001201643,24,15,Library,-0.07259403012901343,8.839025449690894,3
1296,88.00022976912075,22.50014328195331,15,11,Library,-32.76169962477221,-5.1697157274988825,2
1976,88.00423322689332,22.503408969769108,2,12,Cafeteria,378.97843191061776,355.8194154308061,0
4517,87.99835421187076,22.499697060741223,15,9,other,-225.6555011039924,-54.495008511600176,-1
4481,87.99503205771465,22.496035592854223,13,6,Sports Complex,-567.3261935213047,-459.2336687405253,4
2075,88.00486389980927,22.503164406368136,7,19,Cafeteria,443.84069951007274,328.7853770873112,1
3086,88.00389028335617,22.50277705435376,4,20,Cafeteria,343.7080169052906,285.96748541831,1
4345,87.99525202916448,22.49652586042765,20,6,Sports Complex,-544.7029815806627,-405.039491174044,4
3345,87.99539515770608,22.496119651216016,1,18,Sports Complex,-529.982765233606,-449.94185742793513,5
4464,87.99536656694946,22.497084941861107,1,6,Sports Complex,-532.9232138566335,-343.2386295195773,4
2797,88.00453311204397,22.50358939632372,8,19,Cafeteria,409.82045857604413,375.76376677746083,1
918,87.99988839159636,22.500097673980232,19,11,Library,-67.87105628135775,-10.21122107156053,2
1646,88.00468486773363,22.50299482449214,24,13,Cafeteria,425.4279436977481,310.03979651491886,0
364,88.00017253599793,22.50032608506072,1,11,Library,-38.64790471436407,15.037339765655418,2
3287,88.0047538227024,22.503385187123,13,19,Cafeteria,432.5196952593618,353.19048173017194,1
2125,88.00457296528675,22.50288750742577,9,20,Cafeteria,413.919210294556,298.17696799804594,1
4123,87.99552614004493,22.497042436512217,20,17,Sports Complex,-516.5117388137656,-347.93717078592067,5
525,87.99954877947484,22.50004596238619,5,14,Library,-102.79884808785309,-15.92742067710347,3
55,88.00023282002978,22.500091841376705,9,15,Library,-32.44792544344337,-10.855957065464636,3
638,87.99967750977507,22.499690223231088,4,10,Library,-89.55943511998412,-55.250826881919934,2
302,88.00018682340128,22.499822898308278,21,10,Library,-37.178500597456875,-40.58492384939221,2
2766,88.00465944471466,22.502876661853133,29,12,Cafeteria,422.8132846283476,296.97809839891426,0
1276,88.000579832385,22.49993595506188,12,15,Library,3.2409517471366702,-28.087630306268494,3
2055,88.00458187483427,22.502692548551128,17,13,Cafeteria,414.8355227612255,276.6262139952735,0
3644,87.99576790312304,22.4968011163958,22,7,Sports Complex,-491.6473422756732,-374.6126964545428,4
4143,87.99547825237674,22.49604484241988,10,18,Sports Complex,-521.4368000780131,-458.2112217527564,5
2878,88.00480015326032,22.50306408711528,25,19,Cafeteria,437.28461376143554,317.69608687671615,1
4202,87.99532949148595,22.495857398150825,24,18,Sports Complex,-536.7362817318383,-478.9313112541738,5
2286,88.00454699606698,22.50315917100749,16,19,Cafeteria,411.2483765866982,328.20666032146494,1
2261,88.00462635196797,22.502670879048363,9,19,Cafeteria,419.40982375795363,274.2308671596735,1
2296,88.00425199669625,22.50313101457445,14,19,Cafeteria,380.90883347056763,325.0942482132976,1
1753,88.00404605836745,22.502762621654607,19,19,Cafeteria,359.7288736940432,284.37209485392265,1
1968,88.00458070668077,22.50216608793426,13,20,Cafeteria,414.71538269625484,218.43125740668393,1
4351,87.9956178493034,22.49726205270664,15,6,Sports Complex,-507.07979665511857,-323.66079665459733,4
3117,88.00410507129833,22.50292790727956,16,19,Cafeteria,365.7981251515536,302.64276783612837,1
2393,88.0043199140272,22.50278234533545,25,13,Cafeteria,387.89386800031014,286.55235053433466,0
523,88.00014264966715,22.49967279490022,28,15,Library,-41.721598122694765,-57.17735457599957,3
3900,87.99562096712063,22.49650529314156,24,7,Sports Complex,-506.7591412244847,-407.31299897836027,4
3122,88.00425896076722,22.5026472259453,22,19,Cafeteria,381.6250612059508,271.6162531470081,1
4156,87.99588411973998,22.496381005697177,27,18,Sports Complex,-479.6949131841466,-421.05173308040526,5
1969,88.00461328944083,22.502690038121177,25,13,Cafeteria,418.06639341585446,276.3487110684866,0
671,87.9994816524419,22.49998101224409,28,15,Library,-109.70260352635492,-23.107009384856596,3
4188,87.99533216625188,22.496502572736222,17,7,Sports Complex,-536.4611924111689,-407.61371258436105,4
666,87.99993625569564,22.4997972856222,8,11,Library,-62.94841898737646,-43.41615016833558,2
4338,87.99602294966405,22.496701035222895,23,18,Sports Complex,-465.4167930079365,-385.67566930761467,5
1887,88.00388827134601,22.50333465350743,23,20,Cafeteria,343.5010894506667,347.60449586493496,1
3266,88.00416897715957,22.50322379594901,19,12,Cafeteria,372.370595552723,335.35030135697986,0
280,88.00002837933631,22.49964842063408,26,10,Library,-53.47385922387663,-59.87168595507754,2
1719,88.00421155060049,22.50268585469305,15,20,Cafeteria,376.74910911797815,275.886274923178,1
2947,88.00447727944515,22.50280909900212,18,20,Cafeteria,404.0782919572752,289.5097008480903,1
899,87.99979576608226,22.50001733608426,25,10,Library,-77.39723178399878,-19.091772092422516,2
4850,87.99535929786515,22.494843967105048,23,0,other,-533.6708110335497,-590.9559790543882,-1
760,87.99985609054345,22.50010918463793,1,15,Library,-71.1930945118213,-8.938832969415031,3
1906,88.00442795832579,22.502494661530005,17,13,Cafeteria,399.00580578967464,254.7517826803125,0
4042,87.99550469716989,22.496441730045504,0,17,Sports Complex,-518.7170554900745,-414.3392636163827,5
3823,87.99551930972326,22.49612190652908,3,17,Sports Complex,-517.2142109518901,-449.69255512190523,5
4138,87.99495394021122,22.49620376059298,1,17,Sports Complex,-575.3602762984069,-440.64440689836977,5
3818,87.99595201411118,22.496486652900916,10,6,Sports Complex,-472.71223997612736,-409.3734911790887,4
4300,87.9952086331824,22.496529170872844,5,6,Sports Complex,-549.1660903188755,-404.6735545622533,4
2593,88.00442477457047,22.50249505415819,18,19,Cafeteria,398.6783688811759,254.79518379979254,1
4164,87.9954064390419,22.49680557312322,25,17,Sports Complex,-528.822523523429,-374.1200498058306,5
3031,88.00512267110868,22.502728686545957,1,12,Cafeteria,470.4543257579686,280.6209079437251,0
3579,87.99564906883849,22.49713198410734,0,7,Sports Complex,-503.86898834537277,-338.0385796209228,4
2832,88.00466949554747,22.502977118876693,5,12,Cafeteria,423.84697386890247,308.0826177832473,0
3472,87.99574037092468,22.49663550191062,10,7,Sports Complex,-494.47892227924484,-392.9197216463448,4
137,87.99991948462095,22.5001058997664,29,11,Library,-64.67325908670536,-9.301942668575194,2
2180,88.00465554785379,22.503301162632685,5,12,Cafeteria,422.41250757502394,343.90241457057095,0
2128,88.0046064440124,22.50289721198409,8,20,Cafeteria,417.36236760555875,299.24970987508857,1
3177,88.00434162628218,22.50282313133881,14,20,Cafeteria,390.12688936035363,291.06083534579744,1
4367,87.99517051647986,22.495992180474992,17,6,Sports Complex,-553.0862455970048,-464.03247314072007,4
4261,87.9952898226776,22.496158563472537,4,6,Sports Complex,-540.8160650821713,-445.64049659210673,4
4344,87.99572363488498,22.49632609335543,2,6,Sports Complex,-496.2001591644006,-427.12174333697556,4
1331,88.00030469046293,22.499768883502966,20,11,Library,-25.056329658453993,-46.55572042849201,2
2017,88.00490975960055,22.503050522802983,9,19,Cafeteria,448.5572014862879,316.1966877953642,1
2482,88.00386410815747,22.50361478043241,7,19,Cafeteria,341.0159990629029,378.5697261523132,1
1358,87.99963027210781,22.50029493130209,18,16,Library,-94.41764630545138,11.593603286627925,3
1329,88.00014998218249,22.499908373244907,19,10,Library,-40.9674773098194,-31.136524354419635,2
2150,88.00417097284988,22.50304362690485,16,12,Cafeteria,372.5758445744718,315.43441521589364,0
2122,88.00472603010796,22.502837980124102,17,12,Cafeteria,429.6613345273521,292.70222007187806,0
3981,87.99524421540605,22.49609997010877,29,6,Sports Complex,-545.5065963822578,-452.11740702302274,4
1252,87.99950156608935,22.49988354860772,23,15,Library,-107.65456198679371,-33.88063974904654,3
3278,88.00413384653942,22.502700459501984,21,20,Cafeteria,368.75754728735046,277.50069050291467,1
3374,87.99533981040342,22.496265309893506,25,7,Sports Complex,-535.67502102175,-433.8407472182701,4
2814,88.00455263601958,22.50322604098853,10,19,Cafeteria,411.82842387560436,335.5984680256752,1
1848,88.0046732740541,22.50261669269408,0,20,Cafeteria,424.23557864576446,268.24110755716896,1
3037,88.004800303276,22.503321169892544,11,20,Cafeteria,437.30004229328836,346.1140170754413,1
388,88.00023760595954,22.499881540163237,23,15,Library,-31.955711097436954,-34.10265320216709,3
235,88.00015847975558,22.49959592234789,27,16,Library,-40.09353481781681,-65.67484651064596,3
1077,87.99989297120976,22.500249214693365,5,11,Library,-67.40006077394398,6.540089358229082,2
1984,88.00448138614342,22.502867388855485,19,19,Cafeteria,404.50064997428467,295.9530612389078,1
4363,87.99536271963603,22.49666085142091,10,18,Sports Complex,-533.3188951463168,-390.11758677908625,5
3962,87.99527204938727,22.49659638868195,23,18,Sports Complex,-542.6439791797757,-397.24329794353963,5
770,88.00017693798387,22.50008691912089,8,10,Library,-38.19517750451805,-11.400063223297536,2
2165,88.00452154987231,22.50276007535642,2,12,Cafeteria,408.6313339861435,284.0906270522862,0
673,87.9999071397835,22.50003793949806,21,11,Library,-65.94287782172336,-16.814270730780052,2
249,88.00010124542774,22.500250261523146,14,15,Library,-45.97986383942413,6.655805922131677,3
1574,88.00441156226476,22.503143174760805,14,12,Cafeteria,397.31953439433664,326.43843521295145,0
3419,87.99508592006967,22.49640032155517,0,7,Sports Complex,-561.7866588491839,-418.91655813775145,4
2081,88.00445534574544,22.50285986020512,5,13,Cafeteria,401.8224958634785,295.12084422762,0
1823,88.00469527664741,22.503159027935727,10,13,Cafeteria,426.4984601794162,328.1908451688451,0
716,88.00002855691217,22.49989082006599,8,16,Library,-53.45559623459086,-33.07685275195958,3
4668,87.99304374089506,22.502383356015105,24,3,other,-771.8168801577658,242.44807106336276,-1
2048,88.00455553751029,22.503365598797743,24,19,Cafeteria,412.12683096055224,351.0251882560726,1
4178,87.9954640729993,22.49664481397103,17,17,Sports Complex,-522.8950941492398,-391.89036648863635,5
2724,88.00474663660174,22.50278656176184,1,13,Cafeteria,431.780632629209,287.01843430751376,0
4521,87.9938087281856,22.49565637098236,21,13,other,-693.1408991627935,-501.1528544563362,-1
1460,87.999965386004,22.49979387145962,1,15,Library,-59.95247955742754,-43.793551700049775,3
1668,88.00435924774015,22.502691328977093,3,12,Cafeteria,391.9391880868558,276.49140228148326,0
2756,88.00457420560524,22.50248799912679,1,20,Cafeteria,414.04677224829146,254.01532062883967,1
2000,88.00525971628007,22.50355405977464,28,19,Cafeteria,484.5488910307987,371.8576646422864,1
404,87.99988748363214,22.499973174464,3,14,Library,-67.96443688609496,-23.973397595888954,3
384,87.99981021683462,22.49999339856076,16,11,Library,-75.91102785341526,-21.737825939848108,2
4535,87.99660099150252,22.50066529562929,25,19,other,-405.9674279531351,52.53367601528538,-1
2152,88.00498004909166,22.50290795471164,8,20,Cafeteria,455.78620350342976,300.4372109784871,1
1633,88.00435688777776,22.502812159040623,29,13,Cafeteria,391.6964750917683,289.8479575040683,0
4586,88.0003178840444,22.49583236172536,28,23,other,-23.699420885369747,-481.69883772520103,-1
3925,87.9950541569362,22.49654363218769,1,6,Sports Complex,-565.0533741471443,-403.07500081897354,4
4158,87.99486333214465,22.496071062847225,23,18,Sports Complex,-584.6789651338233,-455.312815714149,5
223,87.9995968210322,22.500153841871004,11,16,Library,-97.85795991775817,-4.002422425598269,3
2193,88.00430857253602,22.50322721092756,11,12,Cafeteria,386.7274395430047,335.72779308596415,0
3136,88.00428220062886,22.50320122298252,12,12,Cafeteria,384.01519099754876,332.85508564120005,0
1824,88.00471738694402,22.50248858921185,9,20,Cafeteria,428.7724185805246,254.08054863156025,1
4600,87.99539598309644,22.4984751788228,28,12,other,-529.897877030913,-189.56183577396644,-1
797,88.00017037517435,22.50035039964824,9,15,Library,-38.87013705382395,17.72507427014716,3
2871,88.00508822318601,22.5030869417226,27,12,Cafeteria,466.9114902847136,320.2224351698186,0
9,88.0001356400109,22.500369382520265,22,10,Library,-42.44251412922932,19.823440943736372,2
1944,88.00474341643597,22.50338138587864,17,13,Cafeteria,431.4494510478373,352.7702921785007,0
1838,88.00408606527651,22.50299280236853,19,13,Cafeteria,363.84342939428274,309.8162709710816,0
255,87.99987894148178,22.50034341463629,2,14,Library,-68.84296397698158,16.952951049174487,3
4508,87.99910690215076,22.494207131825966,15,23,other,-148.24422003238732,-661.3517508040615,-1
1581,88.00449394700448,22.50297251076193,5,13,Cafeteria,405.7924859009856,307.5732367771865,0
2956,88.00441093822619,22.502966260627076,17,19,Cafeteria,397.2553544427849,306.8823468706091,1
924,88.00029876165723,22.49961722312436,11,10,Library,-25.666084369015515,-63.32025867957839,2
4429,87.99567780430188,22.49635734372937,9,18,Sports Complex,-500.91365719231095,-423.6673270020253,5
2508,88.0044766729201,22.503038544159875,28,12,Cafeteria,404.01591320431197,314.87256858614677,0
3775,87.99586949298711,22.49699784803435,10,18,Sports Complex,-481.19921808595404,-352.8659811292692,5
4136,87.99510508045041,22.496629868808377,9,6,Sports Complex,-559.8160878736842,-393.5424047684206,4
2779,88.00451935106707,22.50280327711357,7,13,Cafeteria,408.40519538105434,288.86614928778243,0
539,87.99985577703262,22.499557731023778,3,14,Library,-71.22533788627769,-69.89651547799653,3
2745,88.00405999407621,22.50280498383688,2,20,Cafeteria,361.1621073849654,289.05481048249584,1
4498,87.99503144670285,22.49708674819625,6,17,Sports Complex,-567.3890337191881,-343.03895723299087,5
4571,88.00548170069179,22.505433513924995,2,14,other,507.37912830920624,579.6125264225598,-1
1145,88.00000389476189,22.49980380952297,25,16,Library,-55.99200290540695,-42.694998177336956,3
667,88.00037599824715,22.499685605535277,14,14,Library,-17.722600136579363,-55.761266976923594,3
3019,88.00422041151333,22.503546936456463,1,13,Cafeteria,377.6604196966297,371.0702530509905,0
357,87.99992783534027,22.49993748837135,20,11,Library,-63.814419935822066,-27.918138277202758,2
2831,88.00430896482551,22.503264934365497,26,20,Cafeteria,386.7677849985487,339.8977419156132,1
2783,88.004406977943,22.502956867436648,9,13,Cafeteria,396.8480546508823,305.8440236006823,0
1353,88.00018978879008,22.500055135356757,25,16,Library,-36.87352184039774,-14.913440510514917,3
470,87.99993123707571,22.50014838918057,29,15,Library,-63.464564616383704,-4.605162826203824,3
2703,88.00465911071826,22.502813784563088,3,13,Cafeteria,422.77893439209,290.02764275735785,0
3330,87.99513357738746,22.49647389256305,20,7,Sports Complex,-556.8852882311792,-410.78401892693284,4
3637,87.9956604112787,22.49645549449109,19,17,Sports Complex,-502.7024622840783,-412.8177418012098,5
1396,87.99966321842761,22.499478971765125,9,14,Library,-91.02924487323541,-78.60256392945921,3
3584,87.99605620155558,22.49729414706408,28,18,Sports Complex,-461.9969647076963,-320.113086383167,5
4486,87.99556219431604,22.496621353405686,0,7,Sports Complex,-512.8036966234656,-394.4836973818323,4
3376,87.99577074519718,22.495746244160472,5,18,Sports Complex,-491.35504595429853,-491.2182733478309,5
1256,88.00041814309671,22.50004875624601,7,11,Library,-13.388165533641349,-15.6185874125093,2
3512,87.99537288855446,22.496478378378207,19,18,Sports Complex,-532.2730612580896,-410.28815691941713,5
1250,88.00008272005806,22.50043886892458,9,11,Library,-47.885126385757935,27.50446807660971,2
4807,87.99697044238164,22.49661809971533,29,21,other,-367.9708354557785,-394.84336031371436,-1
4298,87.99531458130294,22.49660471991813,17,18,Sports Complex,-538.2697363261548,-396.32236309649164,5
3284,88.00445791592551,22.50264405902346,10,19,Cafeteria,402.0868289328316,271.26618160687667,1
2933,88.00418280321915,22.502718593127927,9,13,Cafeteria,373.79255225015737,279.5051815146595,0
4175,87.99496989927184,22.49693240112152,18,7,Sports Complex,-573.7189487031997,-360.1004828736511,4
1852,88.0049157368267,22.502800016225105,6,20,Cafeteria,449.1719360537432,288.50569067675997,1
4869,88.00140949092138,22.499413678794014,16,4,other,88.56811998584529,-85.82004895613267,-1
2105,88.0045252603025,22.5028595969145,9,20,Cafeteria,409.0129373655898,295.0917400825373,1
133,88.00011839810766,22.500257490204397,1,15,Library,-44.21577712084748,7.454864347705978,3
928,88.0003913810073,22.500281088339968,12,15,Library,-16.1405428129211,10.063402253621376,3
823,87.9999092903599,22.500418623108335,20,10,Library,-65.7216993662388,25.26649554890689,2
4543,87.99658335131349,22.496673682108803,22,8,other,-407.7816530963889,-388.6992825393406,4
1531,88.00465571082341,22.50253861382188,15,19,Cafeteria,422.42926837019684,259.610269024216,1
1214,87.99992626258043,22.50009191232325,25,10,Library,-63.97617219628158,-10.848114634420227,2
504,87.99983733935773,22.49952659633326,18,14,Library,-73.12158136334747,-73.3381441676805,3
4285,87.99549731407772,22.49610482745236,7,18,Sports Complex,-519.4763779340777,-451.5804762625334,5
1996,88.00398707887776,22.503080409596127,17,20,Cafeteria,353.6630615326532,319.5003739094377,1
3072,88.00438322472293,22.502862118893347,21,13,Cafeteria,394.4051279323994,295.3705196241967,0
1958,88.00436979645622,22.50331809842071,10,12,Cafeteria,393.02408269192296,345.77449657888843,0
1384,88.000185523843,22.49931312378932,15,11,Library,-37.31215513477656,-96.9353991748568,2
894,88.00034553974776,22.499979140507552,12,14,Library,-20.855138871823858,-23.313911141593522,3
455,87.99980178179193,22.50034360952329,21,11,Library,-76.77853933547183,16.974493858238446,2
4879,88.0016899151687,22.50588180408462,26,15,other,117.40866809131076,629.1665206674825,-1
3709,87.99602715153428,22.49718213708901,26,18,Sports Complex,-464.98464692377013,-332.4946690273304,5
4618,87.99381476878182,22.49740834401843,5,2,other,-692.5196472293487,-307.48975504896225,-1
4268,87.99537300053042,22.49570086647789,23,17,Sports Complex,-532.2615449636831,-496.23432238046405,5
3522,87.99510893554688,22.496161960630182,0,6,Sports Complex,-559.4196061281065,-445.26497478603187,4
4134,87.99555792204745,22.496704932536502,26,18,Sports Complex,-513.2430829061225,-385.24486026140437,5
3602,87.9956840780481,22.496767366018,12,7,Sports Complex,-500.2684266836327,-378.3434632168569,4
713,88.00009978402859,22.499886977416796,26,14,Library,-46.1301630839402,-33.50161919371182,3
4186,87.99595119614241,22.496434304437944,25,18,Sports Complex,-472.79636489697674,-415.1600902760598,5
2214,88.00477974515567,22.503928448736147,22,13,Cafeteria,435.1857192135794,413.24262044730574,0
2923,88.0041656123791,22.502936490123048,17,20,Cafeteria,372.0245409091173,303.5915153553327,1
1810,88.00443997583025,22.502990652972425,9,13,Cafeteria,400.24175959465606,309.57867672547656,0
3486,87.99561255458914,22.496395717722315,15,18,Sports Complex,-507.6243375165947,-419.42546582168416,5
3141,88.00458168021531,22.50274770949181,4,19,Cafeteria,414.8155069544247,282.72370437833877,1
1827,88.00450273621584,22.503158478977408,29,13,Cafeteria,406.69642226018004,328.13016331628467,0
1155,88.00025245427234,22.500213631306767,21,15,Library,-30.428619614702875,2.606701803669793,3
1324,88.0000161186037,22.49998689888736,18,11,Library,-54.73482810315101,-22.456299837526572,2
4312,87.99587399234547,22.49618056243376,5,18,Sports Complex,-480.7364764995851,-443.20873141847807,5
510,88.00006761420644,22.499598110033908,6,10,Library,-49.4387047385065,-65.4330196982032,2
1680,88.00463569696988,22.50298827506612,10,19,Cafeteria,420.3709210232927,309.3158229624512,1
499,87.99965430006726,22.4998137743388,9,14,Library,-91.94646370567119,-41.59348743536121,3
4536,87.99794811176287,22.502649902736994,3,1,other,-267.42132488437113,271.9121457009697,-1
1856,88.00419814992627,22.50305422196623,1,12,Cafeteria,375.370901658457,316.6055933007668,0
1388,88.00000800103727,22.499903744547076,6,15,Library,-55.569688380648465,-31.64818061258714,3
3719,87.99529589199896,22.49634355785652,3,17,Sports Complex,-540.1918588793351,-425.1912173867112,5
2386,88.00461515081302,22.503186363689693,2,13,Cafeteria,418.2578283396277,331.2125394122671,0
3236,88.00430200493629,22.502986031069607,0,13,Cafeteria,386.0519873392375,309.0677715879966,0
1540,88.00448774710974,22.50289654566992,19,20,Cafeteria,405.1548507312325,299.17605550653366,1
1217,88.00006974854055,22.500221307870746,22,14,Library,-49.21919673885877,3.4552691858272055,3
2681,88.00499505107794,22.50316861882564,28,13,Cafeteria,457.3290997088879,329.2510221398689,0
2993,88.00435485167668,22.50247108362709,19,19,Cafeteria,391.4870699789843,252.14548129204354,1
1191,87.99966649362626,22.49993897988158,26,11,Library,-90.6924033727235,-27.753266736477897,2
1542,88.00435293352238,22.502822437382275,0,13,Cafeteria,391.2897952361725,290.9841253902329,0
3301,87.99501541869321,22.49624492343127,28,7,Sports Complex,-569.0374524542228,-436.0942667538019,4
3324,87.99568984838935,22.49647112026838,5,17,Sports Complex,-499.67496942771777,-411.09046837949023,5
2539,88.00527925513775,22.502485469957005,0,13,Cafeteria,486.5583868942575,253.7357462009354,0
953,88.00036094115102,22.499821060002724,4,11,Library,-19.271164176831725,-40.78813014533168,2
4330,87.9959111666301,22.496588789244004,19,7,Sports Complex,-476.9132452549632,-398.0833398141437,4
732,88.00010206318893,22.49950747404557,1,10,Library,-45.89576026716376,-75.45192184924836,2
1156,87.9998279624137,22.4997270165249,6,11,Library,-74.08596375078403,-51.18369618387902,2
3294,88.00430520168229,22.503125870802997,22,12,Cafeteria,386.38076028765335,324.52565571685864,0
2982,88.00433214812033,22.503144010108368,24,13,Cafeteria,389.1520971103855,326.530774532628,0
2156,88.00476952560147,22.50253961077484,16,13,Cafeteria,434.13467763179204,259.72047220433683,0
1062,88.00028719142509,22.499768643843485,4,14,Library,-26.85603794828788,-46.58221238758735,3
2616,88.00441349143563,22.50259768956231,26,12,Cafeteria,397.51794214843306,266.1405013714664,0
1167,88.00014097728001,22.499691869171308,20,11,Library,-41.89359666524691,-55.06888465003712,2
3222,88.00443746753122,22.50340139771145,9,20,Cafeteria,399.9837907505722,354.9824001772662,1
3636,87.99512420750384,22.496886567196345,24,17,Sports Complex,-557.8489444845153,-365.16696496242054,5
2938,88.00424180332224,22.50318904637594,5,13,Cafeteria,379.86048441982336,331.50908355005123,0
4491,87.99559867130726,22.49678333966089,6,6,Sports Complex,-509.05217930546394,-376.57773673157914,4
3140,88.00487337407661,22.503155281338294,7,20,Cafeteria,444.8150912244413,327.776696288679,1
143,88.00004615846463,22.50011309294906,20,11,Library,-51.6453447131018,-8.506808257220584,2
3577,87.99513789071415,22.49644073490001,13,18,Sports Complex,-556.4416792818093,-414.44926699938867,5
2782,88.00497858489834,22.50292819421332,14,19,Cafeteria,455.6356168896894,302.67448549418907,1
717,88.00003757544036,22.499983466846345,13,16,Library,-52.52807552779309,-22.83567765141612,3
1819,88.00419830620407,22.50307547774063,24,12,Cafeteria,375.3869742258076,318.9552066028615,0
2502,88.00470124254763,22.50302327511634,27,20,Cafeteria,427.1120299180486,313.18472851394813,1
4360,87.99584017562022,22.49684460751321,3,18,Sports Complex,-484.2143957616985,-369.80518833608073,5
4171,87.99500633640426,22.49701607407865,27,7,Sports Complex,-569.9715307088926,-350.85127419229605,4
395,87.99988270608698,22.49990749724253,16,15,Library,-68.45578890812182,-31.23335765730495,3
4836,87.99368643744911,22.495693701617707,12,3,other,-705.7180279315369,-497.0263260250359,-1
4492,87.9957410494606,22.49660290573976,24,18,Sports Complex,-494.40913748636314,-396.5229023733368,5
1365,87.99996036760675,22.499923047882216,15,11,Library,-60.46860228569948,-29.514389946199557,2
4558,87.994997008123,22.49460999197056,11,13,other,-570.9309083203252,-616.8195904207379,-1
595,87.99987249590029,22.49998105892837,5,16,Library,-69.50586707764971,-23.101848904398423,3
3952,87.9961634275711,22.496279418774225,4,6,Sports Complex,-450.9691841624093,-432.28115154351093,4
2914,88.00433095555582,22.503193935434894,12,13,Cafeteria,389.0294464677218,332.04952012674227,0
2326,88.00502012880744,22.502881366038363,18,19,Cafeteria,459.90824709373004,297.4980990342161,1
3766,87.99509073965723,22.49640439671372,4,6,Sports Complex,-561.2909829289342,-418.46609011161615,4
3440,87.99560331837887,22.496694123547847,29,17,Sports Complex,-508.57424598309586,-386.4396858673548,5
3851,87.99508086369106,22.496621685739782,21,18,Sports Complex,-562.306687812393,-394.4469611708337,5
4132,87.99546670629286,22.49689927503016,13,6,Sports Complex,-522.6242701018463,-363.7622410125576,4
4591,88.00252298066187,22.500549677827426,24,12,other,203.0862286453198,39.75328419724143,-1
2143,88.00442438837902,22.502872161855365,3,19,Cafeteria,398.63865058628835,296.48066864561827,1
1571,88.00446696739472,22.5031089861829,9,12,Cafeteria,403.01773749569116,322.65922981156064,0
4079,87.99608716890477,22.49634299109441,11,7,Sports Complex,-458.81209274124535,-425.2538672704634,4
1122,88.0001596825555,22.500020956656986,7,16,Library,-39.96983150278731,-18.691553983184477,3
2786,88.00460493295576,22.50326491103356,4,12,Cafeteria,417.20696128076474,339.8951628034637,0
2967,88.00513010898399,22.502877886037037,3,12,Cafeteria,471.21928243615946,297.11341968771427,0
2504,88.0044977936039,22.50264065904304,5,13,Cafeteria,406.18809375894745,270.89034777106775,0
3465,87.99541648806391,22.496800794989166,24,17,Sports Complex,-527.7890205170495,-374.64822474393594,5
675,87.9998055458281,22.500522384680423,18,11,Library,-76.39142278925185,36.736299727541564,2
2808,88.0044341840091,22.50285208899821,7,19,Cafeteria,399.6460932135888,294.26181501579094,1
3348,87.9953381134618,22.496134006760197,27,7,Sports Complex,-535.849544897616,-448.3549955741736,4
728,87.99986506007993,22.49953336501216,19,15,Library,-70.27061241255598,-72.58993440236488,3
412,87.99961647145732,22.50015951277536,29,15,Library,-95.83698977599727,-3.3755606579028097,3
3146,88.00405476226685,22.503099988114982,7,12,Cafeteria,360.6240360477104,321.6645833837714,0
1516,88.00420679873223,22.50274041483828,15,20,Cafeteria,376.2603978653988,281.9173533769241,1
825,88.00036334611929,22.500167185413897,5,14,Library,-19.023822501612127,-2.527427194223648,3
3267,88.0043520044948,22.502805338263958,28,20,Cafeteria,391.194248346691,289.09398885149153,1
3974,87.99574301423341,22.49665055004101,10,17,Sports Complex,-494.2070682102989,-391.2563013130594,5
616,88.00002734869865,22.499942850021164,26,11,Library,-53.57985631707904,-27.3254615069699,2
114,87.9999519097588,22.4999548800216,17,11,Library,-61.338459199710094,-25.995665258598635,2
417,88.00002891865857,22.49984478810044,18,15,Library,-53.41839201776404,-38.16522622380475,3
3069,88.0045068648632,22.50268128630988,21,19,Cafeteria,407.1210376562621,275.38128584771584,1
1625,88.00433373113705,22.502974487506723,29,13,Cafeteria,389.3149042515848,307.79174614677254,0
4950,87.99551697363367,22.50488174580116,13,5,other,-517.4544687218626,518.6200780138935,-1
4185,87.994995530389,22.496753896589507,12,18,Sports Complex,-571.082887539632,-379.8323738423266,5
2896,88.0046169636267,22.50297248679514,0,20,Cafeteria,418.4442692077297,307.5705874884779,1
4671,88.00428983343626,22.49679497473067,24,8,other,384.8001956859231,-375.29159611823627,-1
2082,88.0046319477421,22.50341405940477,0,20,Cafeteria,419.9853274614695,356.38202375671585,1
753,88.00026341044915,22.49999697776304,17,15,Library,-29.301819249490908,-21.342180919976244,3
2546,88.00475279731307,22.50240536497529,8,19,Cafeteria,432.4142379374696,244.88094152201683,1
3969,87.99542461409891,22.49616836424066,12,17,Sports Complex,-526.9532892793836,-444.5571196838563,5
3373,87.99561780406592,22.496610630737734,19,17,Sports Complex,-507.0844491552893,-395.66898109722075,5
4107,87.99583677370251,22.495520012494094,2,18,Sports Complex,-484.56426982673844,-516.2259217492706,5
2444,88.00401872531322,22.50265040255044,4,12,Cafeteria,356.91777489271186,271.967395079262,0
4380,87.99582694950479,22.496506241289087,5,7,Sports Complex,-485.57465052527795,-407.2081907507573,4
1066,87.99967632963107,22.499751046151303,27,14,Library,-89.68080836083139,-48.527461281350384,3
3913,87.99543900653795,22.496954270776985,6,18,Sports Complex,-525.4730826478456,-357.6830111584247,5
3498,87.9951116905556,22.496088038928992,18,6,Sports Complex,-559.1362641476937,-453.4362796356266,4
2738,88.0046052243091,22.50288837667179,7,12,Cafeteria,417.2369258442523,298.27305445339704,0
4000,87.99632218799532,22.49645429858995,22,18,Sports Complex,-434.641289212182,-412.9499367134101,5
1568,88.00410394292925,22.50262832290393,29,13,Cafeteria,365.68207676062235,269.526710954118,0
2427,88.00511817434577,22.503282306274613,7,20,Cafeteria,469.99185110276903,341.81803274935646,1
3746,87.99566548527449,22.49654674789544,5,18,Sports Complex,-502.1806214633324,-402.7305904844332,5
4639,87.9987152846915,22.49932546606189,15,15,other,-188.5205594735237,-95.57108436504649,-1
1687,88.00445171909355,22.5023077405445,20,20,Cafeteria,401.4495087581691,234.0895369424927,1
851,87.9998611307202,22.500154251487395,7,16,Library,-70.67473184639233,-3.9571434297830876,3
3546,87.99520796923571,22.496143611134507,1,6,Sports Complex,-549.2343746656358,-447.2933280380356,4
895,88.00016217747189,22.49963758869508,2,14,Library,-39.71323901204089,-61.069048492233264,3
4592,88.00170001130067,22.4992000065063,11,21,other,118.4470161750826,-109.43938364003401,-1
335,87.99996323565462,22.500090375881303,4,11,Library,-60.17363466640972,-11.017952927143781,2
2839,88.00470969064011,22.503461784748303,22,13,Cafeteria,427.9808835214545,361.65758323106604,0
3087,88.00414227617398,22.50259606916329,19,12,Cafeteria,369.62450256463796,265.96138246356645,0
1348,87.99965828032539,22.499848031184836,6,10,Library,-91.5371095677132,-37.80673567460603,2
1015,88.00004947769587,22.50008196988104,21,11,Library,-51.303974631280845,-11.947152196114601,2
2816,88.00423181728519,22.5029898881716,2,19,Cafeteria,378.8334591719328,309.4941356424402,1
1631,88.00480504614802,22.502692051717144,12,13,Cafeteria,437.7878283175773,276.5712939667117,0
2489,88.00512922302053,22.503038320365885,24,13,Cafeteria,471.128164524623,314.84783039854057,0
3730,87.99525623861858,22.49645596322696,12,18,Sports Complex,-544.2700555239643,-412.76592773817606,5
3251,88.00490734647252,22.503136654501496,21,12,Cafeteria,448.30902061143837,325.71768574899284,0
4634,88.00208310361822,22.494199673570424,29,18,other,157.84657779863377,-662.1761863716794,-1
2070,88.0039199088877,22.502741709489825,3,20,Cafeteria,346.75488812007615,282.06046415891365,1
4452,87.9953036322018,22.496456494671392,6,18,Sports Complex,-539.3958089861202,-412.70718187071,5
4882,88.00277420701627,22.5000222445634,25,20,other,228.92388651140655,-18.549188808136208,-1
1635,88.00418100737413,22.50316907923597,22,20,Cafeteria,373.60785654260746,329.3019158977808,1
2479,88.00397811188839,22.503159794662945,14,19,Cafeteria,352.74084139388907,328.27559919558956,1
2265,88.00417624091652,22.50268833043761,1,20,Cafeteria,373.1176448322145,276.1599437270888,1
2959,88.00465862875815,22.50335352909769,0,13,Cafeteria,422.72936666034263,349.69100361234075,0
4731,88.0062303068455,22.49874068128324,9,19,other,584.3703728047182,-160.21319379691738,-1
3059,88.00465455695925,22.50324268579841,21,13,Cafeteria,422.3105979086507,337.43838530968225,0
2141,88.0042613686157,22.503096307992674,5,12,Cafeteria,381.87269909996724,321.2577826638202,0
3118,88.00441507168092,22.503600962084786,2,12,Cafeteria,397.6804642588582,377.0422460058169,0
4725,87.99984426065055,22.501161319151173,23,15,other,-72.40975319405175,107.36411612424988,3
4045,87.99567742050205,22.495861257788565,4,7,Sports Complex,-500.9531295187738,-478.5046668983856,4
3356,87.99564648009571,22.496740389623408,1,6,Sports Complex,-504.13523051671524,-381.3254338748521,4
2744,88.00477911066734,22.503059048166595,5,12,Cafeteria,435.1204645453839,317.13908148898065,0
3506,87.99545090354506,22.4965772946196,7,18,Sports Complex,-524.2495215284896,-399.35395559599215,5
1679,88.00437792490479,22.50297848976145,8,12,Cafeteria,393.86006215607966,308.23415538426667,0
4249,87.99613368286745,22.49654305653573,27,7,Sports Complex,-454.02831176917243,-403.1386333866184,4
3147,88.00396878191266,22.503280918885487,7,12,Cafeteria,351.7812895138385,341.6646707553407,0
2294,88.00466087604846,22.502876357576152,20,20,Cafeteria,422.9604917679087,296.9444636214897,1
580,88.00008462410187,22.500000131989715,24,10,Library,-47.68930285153658,-20.993512703276878,2
1470,88.00029915787167,22.499521936256144,2,15,Library,-25.6253352487333,-73.85326909220254,3
4070,87.99565947641854,22.4970219082415,28,7,Sports Complex,-502.7986090328099,-350.20636583098667,4
3343,87.99550839300666,22.496409097590124,21,7,Sports Complex,-518.3369529879012,-417.94645523404984,4
4583,88.00469599145775,22.49447485154173,5,18,other,426.5719756553924,-631.7580134233735,-1
3672,87.99526514480402,22.4961991890968,13,6,Sports Complex,-543.354088833698,-441.14974008618617,4
559,87.9998947538798,22.50004839747784,24,16,Library,-67.21672006237334,-15.65824564590514,3
2849,88.00406182435876,22.50306007856146,13,13,Cafeteria,361.3503448580628,317.25298133750357,0
512,87.99994026298829,22.499807714412555,20,15,Library,-62.5362844540315,-42.26335168260931,3
1081,87.99991268557392,22.50009728979892,9,10,Library,-65.3725147493999,-10.253688473848754,2
1664,88.00441790506369,22.503362663281266,19,12,Cafeteria,397.9718667061753,350.700696264704,0
1012,88.00051881521816,22.50013722095883,18,16,Library,-3.0344276196372775,-5.839698057278255,3
1931,88.00510126863227,22.50269514350077,6,19,Cafeteria,468.25316392454727,276.91305972868156,1
1150,87.99975215191263,22.499773060954965,3,10,Library,-81.8827802671248,-46.09394488457298,2
2838,88.00473972043675,22.50321871079567,29,13,Cafeteria,431.0693318374373,334.788188507148,0
116,87.99999132205757,22.50007468822709,27,16,Library,-57.28505686651937,-12.752066223751015,3
740,87.99953978144217,22.50002647361328,5,10,Library,-103.72426090977767,-18.081709634589984,2
4806,87.99682530987249,22.503080787757508,5,19,other,-382.8971521052324,319.54217586852883,-1
3675,87.99565173956367,22.49671717531469,9,18,Sports Complex,-503.5943146009224,-383.89154356063676,5
830,87.99966388737224,22.499926508263083,2,11,Library,-90.96044650880947,-29.13187944514128,2
119,88.00018798325817,22.500287111427298,11,14,Library,-37.05921380666347,10.729194327103926,3
4853,87.99697827927987,22.49734620636104,5,1,other,-367.1648408148575,-314.3584516969687,-1
4738,88.00042880164736,22.50101784043984,7,1,other,-12.291974866486301,91.503979373473,-1
635,87.99958628583204,22.49985659955677,3,16,Library,-98.94146446470815,-36.85958784085315,3
4465,87.99542749340883,22.49658802278448,2,17,Sports Complex,-526.6571634023161,-398.1680642500572,5
4364,87.99608736297274,22.49720622153461,17,18,Sports Complex,-458.79213360093945,-329.83237441045077,5
4142,87.99483778824964,22.496374303930164,3,17,Sports Complex,-587.3060558357378,-421.79254640605984,5
991,87.99948956628289,22.499827568056485,28,15,Library,-108.88869562104769,-40.0687298825158,3
876,87.99987059717525,22.49991005783855,4,14,Library,-69.70114359721134,-30.9503093728987,3
4,87.99994146165632,22.49995745384437,13,16,Library,-62.41300608802185,-25.711154889698307,3
3051,88.00418857284487,22.50238758320246,5,19,Cafeteria,374.38593591650545,242.91534435346654,1
3124,88.00479031197659,22.50321320879935,22,12,Cafeteria,436.27247583301767,334.1799978339486,0
2660,88.00465427712358,22.50296913760616,21,19,Cafeteria,422.2818178929675,307.2003681386857,1
2491,88.00402343729148,22.503060717137192,15,13,Cafeteria,357.4023836135352,317.3235694988039,0
3854,87.99497841336685,22.49591217402248,16,18,Sports Complex,-572.8433069953455,-472.87638640158605,5
1715,88.00432627806971,22.503305318962838,0,13,Cafeteria,388.5483851320342,344.3618553056767,0
1148,88.0003986262658,22.500003904583487,21,14,Library,-15.395396027835496,-20.576490187764165,3
3261,88.00445396309502,22.50306799092525,14,20,Cafeteria,401.6802956206033,318.12761403064735,1
574,88.00020735139529,22.49984558702614,9,11,Library,-35.067275892672555,-38.07691297684862,2
3769,87.99536237964872,22.496588211892977,1,7,Sports Complex,-533.3538615247456,-398.14716019671596,4
3736,87.99565560719829,22.496817374493336,28,17,Sports Complex,-503.1965433549715,-372.8155263530332,5
4146,87.99530292162304,22.49668525497688,26,18,Sports Complex,-539.4688892604338,-387.4200177018926,5
853,88.00029725413278,22.4996585110722,2,10,Library,-25.821127422875687,-58.75628892522492,2
1982,88.00467153011637,22.50317956137433,17,19,Cafeteria,424.0562214022955,330.46061147218995,1
2774,88.00441657729837,22.503177102869103,4,19,Cafeteria,397.8353111839755,330.18884830420603,1
1166,88.00034606820462,22.50021204355317,13,16,Library,-20.800789129224988,2.4311915209544566,3
971,87.99982973708563,22.500590968123653,15,11,Library,-73.90344561392382,44.3175135422247,2
2701,88.00473443826876,22.50307400336896,22,12,Cafeteria,430.5260813108688,318.792229558254,0
4495,87.99481764343955,22.496659206530232,13,18,Sports Complex,-589.3778715582911,-390.29941299452173,5
3847,87.99553036637641,22.496293422311798,2,6,Sports Complex,-516.0770769839312,-430.73320050028065,4
2368,88.00435141989371,22.50311306541099,4,20,Cafeteria,391.13412438735133,323.1101476843818,1
4115,87.99540878708369,22.496145237955176,0,7,Sports Complex,-528.5810365164069,-447.1134992812526,4
4131,87.99550007838181,22.49651542262222,11,6,Sports Complex,-519.1920799616004,-406.19328618615066,4
2950,88.00463906632899,22.503063777484485,10,19,Cafeteria,420.71744656208045,317.6618602885628,1
524,87.99980918521086,22.49924512196105,7,14,Library,-76.01712636228059,-104.45232127198743,3
2455,88.00424508901072,22.50268571289067,29,12,Cafeteria,380.1984047584975,275.87060008833157,0
1841,88.00447414379924,22.502811343173757,3,13,Cafeteria,403.75580291567127,289.7577715807424,0
537,87.99990386111394,22.499872759093574,10,10,Library,-66.28007629250726,-35.07331264275926,2
2806,88.00500864388881,22.503026440581344,13,19,Cafeteria,458.72706767929185,313.53463901538066,1
4341,87.9948075652792,22.49660816905334,9,7,Sports Complex,-590.4143713295485,-395.9410956903416,4
3175,88.00435896268183,22.502924206720444,17,12,Cafeteria,391.90987094231116,302.2337080314428,0
784,88.00013994761198,22.499883898934424,29,14,Library,-41.99949403523975,-33.84191463512728,3
4057,87.99537775834014,22.496411877464126,10,18,Sports Complex,-531.7722226550618,-417.63916796185754,5
1409,87.99993729174588,22.500314287304217,8,16,Library,-62.84186523194563,13.733215761782347,3
2537,88.00455870169229,22.503061682793643,26,19,Cafeteria,412.45225482879556,317.43031316287556,1
154,88.00007326811833,22.500084620960862,28,15,Library,-48.857221791703864,-11.654101832651804,3
3009,88.00464382207527,22.503562282827183,18,12,Cafeteria,421.20655665342144,372.7666408703773,0
1686,88.0043670037689,22.503651949699243,14,12,Cafeteria,392.7368656144994,382.6784169079659,0
2901,88.0048520532575,22.50297112486012,18,12,Cafeteria,442.6223275272129,307.4200391913812,0
4949,88.00155174119219,22.50546494032895,27,7,other,103.19800958192035,583.0864011156145,-1
3863,87.99568048122053,22.49664958161592,25,18,Sports Complex,-500.63834647302093,-391.363351022644,5
2733,88.00440678194501,22.503022951581556,28,19,Cafeteria,396.8278970156142,313.1489649788429,1
1895,88.0044502004888,22.503023955283563,19,19,Cafeteria,401.2933261395176,313.2599141986791,1
569,87.999912121629,22.50023155385056,18,10,Library,-65.43051430125402,4.587859794653895,2
1816,88.004597550739,22.50256704563296,20,20,Cafeteria,416.44772887001795,262.7531214211623,1
2065,88.0048322370792,22.50278478879154,12,19,Cafeteria,440.58431031281873,286.8224501705129,1
127,87.9998584255676,22.500320254090436,9,10,Library,-70.95294631870294,14.392784310418634,2
3394,87.99539426603565,22.496161082447863,16,18,Sports Complex,-530.0744700859167,-445.36204905965735,5
3327,87.99584741983605,22.496617810499647,27,7,Sports Complex,-483.46935621063227,-394.8753302154558,4
4986,87.99314793620903,22.495807898783863,22,13,other,-761.1007955341756,-484.40297127822356,-1
2975,88.00464056673071,22.503303057183672,21,19,Cafeteria,420.87175707010203,344.1118382366963,1
980,88.00019645003967,22.49984853479481,8,15,Library,-36.18843811117737,-37.7510666279634,3
2300,88.00472864551409,22.502819549463958,6,12,Cafeteria,429.9303189218047,290.6648948994796,0
190,87.99988837126199,22.50014667345037,15,15,Library,-67.87314759246502,-4.794819642477748,3
1139,88.00017529318558,22.500099481762486,24,11,Library,-38.3643386402669,-10.011388821141551,2
699,87.9999537744659,22.500121968071216,6,14,Library,-61.14668129544333,-7.525752254160878,3
4780,87.997874785751,22.50259784322723,10,10,other,-274.9626213056973,266.15748749141756,-1
606,87.99980655270022,22.499774844816336,18,11,Library,-76.28786988952541,-45.89675684856658,2
4276,87.99600190035132,22.49641694071803,2,7,Sports Complex,-467.58163332518114,-417.07947587519493,4
301,87.99985995473995,22.499984834796543,19,15,Library,-70.7956768629279,-22.684464436577656,3
3420,87.99582683364913,22.496087637109436,2,17,Sports Complex,-485.58656583090664,-453.4806967692813,5
4820,88.0048588146722,22.49663941821281,15,22,other,443.31771285164274,-392.4868136025458,-1
1060,88.00019292467766,22.49974652601193,28,14,Library,-36.551007943991046,-49.0271174877423,3
2565,88.00415960040102,22.50308353903588,20,19,Cafeteria,371.4062322411941,319.8463021798941,1
4994,88.00451718797164,22.501313356886108,17,12,other,408.1827293909563,124.17036734397655,-1
1069,88.00008662597044,22.49994134485751,9,16,Library,-47.48341842024827,-27.491842297104228,3
2524,88.00462995710134,22.503406380316303,29,13,Cafeteria,419.7805977671299,355.5331773177338,0
2205,88.00427860061501,22.50287493683488,26,19,Cafeteria,383.6449435109007,296.78741488106607,1
1243,87.99974631081733,22.50013953487863,21,14,Library,-82.48351430366083,-5.583917362513731,3
16,87.99974679221992,22.50037836243581,16,16,Library,-82.4340039107128,20.816080808122877,3
3120,88.00491141619716,22.50297584654475,0,12,Cafeteria,448.7275760336245,307.94197421027764,0
4642,87.99799205698996,22.49688645471966,17,19,other,-262.90172842283204,-365.1793981350662,-1
815,87.99962860990674,22.500105396652653,5,14,Library,-94.58859725007468,-9.357556862082319,3
3067,88.00404123324557,22.502715094628,14,12,Cafeteria,359.2326285906256,279.1184573329153,0
4784,88.00672747419804,22.49781297077458,20,8,other,635.502110108449,-262.762313424467,-1
959,88.00011192714001,22.50011800056773,4,11,Library,-44.88129108949245,-7.964320089377139,2
225,88.00027223764924,22.500271495529045,4,14,Library,-28.393975896824635,9.003012934248389,3
3354,87.99597516687157,22.496586746198663,1,18,Sports Complex,-470.3310682114735,-398.3091780462255,5
2485,88.00449185053985,22.503459444869257,14,13,Cafeteria,405.57687263109983,361.3989330013128,0
562,88.00021778117586,22.50009761621248,23,11,Library,-33.994613342162275,-10.217606719004522,2
3436,87.99554000806357,22.496438944623,10,17,Sports Complex,-515.0854667899899,-414.64716421980097,5
1693,88.0052174664463,22.50333103307639,5,20,Cafeteria,480.2036592083581,347.20429341764236,1
1045,88.00022091498437,22.50010823995634,2,16,Library,-33.6723132707205,-9.043258072552618,3
3446,87.99490918798618,22.496575851874745,22,7,Sports Complex,-579.9628693741803,-399.51343661208296,4
4565,88.00168153344822,22.50518259938204,2,10,other,116.54664059216915,551.8764328441662,-1
954,87.9999794622054,22.50017051301643,6,16,Library,-58.504796743372985,-2.159594010413741,3
4985,88.0059420025302,22.500520438646927,15,4,other,554.7193902182853,36.52118518487988,-1
2735,88.00447860883969,22.50326460796221,7,20,Cafeteria,404.21501503820235,339.86166129611377,1
4903,87.99524584787605,22.50448588484824,3,1,other,-545.3387031629867,474.86160827804406,-1
4735,88.00025663101813,22.49896186696077,26,7,other,-29.999057481489775,-135.7633290029426,-1
4823,88.00120402418291,22.499390217220704,27,10,other,67.43666144992315,-88.41349126980923,-1
1218,87.99979116323668,22.49985191101109,1,10,Library,-77.87061663069252,-37.37785968067975,2
1527,88.00423924180643,22.50379179266075,26,19,Cafeteria,379.5970424359259,398.13665787281934,1
3987,87.99568837406193,22.496413229390992,8,7,Sports Complex,-499.8265982945667,-417.48972596613777,4
1300,87.99983297738659,22.50004595862908,6,16,Library,-73.57019320626878,-15.927835987866246,3
4891,88.00658584471142,22.496465079079144,7,3,other,620.9360657630074,-411.758261437831,-1
160,87.99975632958244,22.500329278766834,7,10,Library,-81.45312310221787,15.390372039473874,2
4067,87.99513217059184,22.496477294995632,12,18,Sports Complex,-557.0299717138028,-410.4079140292314,5
956,88.0000856813366,22.49985498668966,5,16,Library,-47.58057035326789,-37.03787417149705,3
3791,87.9958184868893,22.495871406042895,13,7,Sports Complex,-486.44499776260733,-477.38287886482226,4
3234,88.0047813296063,22.503451186960085,0,12,Cafeteria,435.3486738262186,360.48610372138785,0
2869,88.00456275299523,22.50325859215058,13,13,Cafeteria,412.8689156503068,339.1966734787103,0
3777,87.9952820648817,22.496719836039443,8,17,Sports Complex,-541.613924354166,-383.59742704639467,5
4433,87.99557522408767,22.496796369888155,27,7,Sports Complex,-511.4636350585975,-375.13737540968657,4
2961,88.00459926379642,22.502768913493213,7,20,Cafeteria,416.62391019263003,285.06759469339414,1
2200,88.00482734472776,22.50272883587621,28,19,Cafeteria,440.0811509090254,280.6374149097011,1
98,88.00000127836417,22.50000519842692,5,11,Library,-56.261089281135156,-20.433468734747464,2
2557,88.00452831956903,22.502497627104063,0,12,Cafeteria,409.3275710837578,255.07959723671945,0
3183,88.00467802866665,22.502851234705147,29,19,Cafeteria,424.724572137593,294.16738146061164,1
253,88.00025811631514,22.499542341775783,7,10,Library,-29.846300435179,-71.59764295136888,2
3923,87.99516217507315,22.496940749299004,25,17,Sports Complex,-553.9441269815244,-359.1776753345247,5
4199,87.99540598243163,22.496205196499133,8,17,Sports Complex,-528.8694841214123,-440.4856818322071,5
1445,87.99983716077655,22.499713077152546,25,11,Library,-73.13994774574812,-52.724554404006696,2
1648,88.00470025663381,22.502515620177608,23,13,Cafeteria,427.0106324994265,257.0685515863712,0
4682,88.00348042323374,22.504033618425343,27,3,other,301.5554901876897,424.868077890988,-1
4723,87.99393331771786,22.499189760005063,16,10,other,-680.3273481486647,-110.57203188675224,-1
3991,87.99542171669988,22.496411419605646,22,18,Sports Complex,-527.2512755514454,-417.6897796382388,5
1696,88.00439842048101,22.5032705948656,22,19,Cafeteria,395.9679528169263,340.5234535971314,1
3191,88.00464937986624,22.50303210941964,2,13,Cafeteria,421.7781539363858,314.16127240048576,0
4499,87.99519001613561,22.49675411259973,24,6,Sports Complex,-551.0807815008753,-379.8084960720752,4
1154,88.00041050379004,22.499835541361534,4,15,Library,-14.173838647549186,-39.18736074238922,3
2255,88.00531820791072,22.502969144572774,17,13,Cafeteria,490.5645287787627,307.2011382279956,0
1682,88.00490087960812,22.50319089553352,25,12,Cafeteria,447.643928645366,331.71348942903677,0
3170,88.00425656016046,22.50293989349949,23,20,Cafeteria,381.37816809517517,303.96772458732977,1
2056,88.00477782287008,22.503182502989603,22,19,Cafeteria,434.9880195831321,330.78577762428694,1
4090,87.99568339963446,22.49593532111733,5,18,Sports Complex,-500.3381989000368,-470.3177065367976,5
3108,88.0039260651507,22.50224367400496,7,13,Cafeteria,347.388035933936,227.00762166172296,0
4548,88.00207321956952,22.4978655857138,28,5,other,156.8300416589681,-256.94625804292406,-1
3723,87.99526426112324,22.495738557928057,14,6,Sports Complex,-543.4449719809094,-492.0679094789831,4
2049,88.00406481350399,22.503036617663877,2,20,Cafeteria,361.6577668717563,314.6596137185947,1
3643,87.99552267697256,22.49591844665379,16,18,Sports Complex,-516.8679023993597,-472.1830097365381,5
4927,88.00229357045991,22.50098595835318,7,4,other,179.49227759255098,87.97973351412004,-1
623,88.00033635501154,22.4999342772927,4,15,Library,-21.799753430489968,-28.273090911478178,3
262,87.99918968316499,22.500018858409724,3,11,Library,-139.73051322610144,-18.923494235445588,2
3369,87.99590332202365,22.497281590571,26,17,Sports Complex,-477.72003265535443,-321.5010811281279,5
4061,87.99531043273285,22.49648898502043,3,18,Sports Complex,-538.6964006971644,-409.11569868796784,5
1802,88.00441184393178,22.5028499163327,20,20,Cafeteria,397.3485027561081,294.02164857024775,1
4736,88.00206576688716,22.50080879122543,7,12,other,156.0635621323028,68.3956792127627,-1
4992,87.99392891640782,22.50476955780297,12,12,other,-680.7800058451548,506.21881669387085,-1
2385,88.00421043943219,22.50311202995183,26,19,Cafeteria,376.6348297602527,322.99568802881413,1
1959,88.00450620655235,22.50328173504588,28,19,Cafeteria,407.0533329338498,341.75488912533535,1
2976,88.00419623617704,22.502921463970523,14,13,Cafeteria,375.1740799596829,301.9305244552291,0
488,88.00042178540876,22.499839629601198,1,15,Library,-13.013567841205365,-38.735446730013905,3
1843,88.00441381825236,22.50318052113192,21,19,Cafeteria,397.5515539839574,330.5667030760734,1
1734,88.00446826288363,22.50322499744948,2,20,Cafeteria,403.15097351472906,335.48311521900786,1
2911,88.00457163121459,22.503296987677704,17,13,Cafeteria,413.78200613741916,343.4409150469889,0
3219,88.00418710089275,22.502954576786728,1,13,Cafeteria,374.23455134024323,305.59081515848004,0
146,87.99969076232227,22.49995321393375,14,10,Library,-88.19646195040994,-26.179834609625345,2
1986,88.00455712760652,22.502844979877565,13,13,Cafeteria,412.29036620161156,293.4759728196866,0
1369,87.99977879932149,22.500307245125622,0,16,Library,-79.14219743798185,12.954773339898864,3
2811,88.00456338421732,22.50296887972914,20,19,Cafeteria,412.9338343986669,307.1718624125802,1
659,87.99996390989702,22.50013942276518,10,11,Library,-60.104291446005895,-5.596310383383667,2
1794,88.00481072095222,22.50337519360301,12,13,Cafeteria,438.3714599581325,352.0857980302585,0
2511,88.00435471811133,22.5028438054753,1,19,Cafeteria,391.4733332997878,293.346154393388,1
3397,87.99555805065938,22.496294161990377,28,17,Sports Complex,-513.2298556670753,-430.65143643007843,5
4282,87.99583237452453,22.496718132563824,13,17,Sports Complex,-485.0167082496747,-383.7857292412462,5
1147,87.99963998727935,22.49964860824521,28,14,Library,-93.4184785268637,-59.850947420943044,3
3272,88.00434645926019,22.50319450948692,17,19,Cafeteria,390.62394243632156,332.11297583783414,1
608,87.99955531993777,22.499917845381063,6,15,Library,-102.12618679811419,-30.089474423700153,3
3582,87.9957409735911,22.4958201003,4,7,Sports Complex,-494.41694037151444,-483.05421568424197,4
1930,88.00458731320985,22.503542868227218,16,20,Cafeteria,415.39483863371794,370.6205509902443,1
197,88.00003843127648,22.499830563757367,7,11,Library,-52.44005609641149,-39.737585107016784,2
2931,88.0045213838817,22.503417541767487,20,13,Cafeteria,408.6142624942438,356.7669641315843,0
2327,88.00451804340318,22.50287619614372,7,13,Cafeteria,408.2707072125393,296.9266188804712,0
4389,87.9962022430232,22.495552352007216,20,6,Sports Complex,-446.9771651974617,-512.6511119687053,4
766,87.99999125287738,22.499555353104,16,11,Library,-57.292171781077855,-70.15937073020467,2
4496,87.99573352662877,22.496496171331817,4,7,Sports Complex,-495.18283161425825,-408.32132382736324,4
4218,87.99560085251454,22.497105255303115,8,17,Sports Complex,-508.8278505819213,-340.99318164005814,5
3255,88.00436571485317,22.50267935153081,22,20,Cafeteria,392.6043056209582,275.1674153691879,1
202,88.0002707628108,22.50015868036714,25,15,Library,-28.545657320342233,-3.4675750628014868,3
3510,87.99593818160909,22.496671851381087,26,6,Sports Complex,-474.13485926027744,-388.901651180979,4
1733,88.0046674410169,22.502309407372337,23,13,Cafeteria,423.6356733545244,234.27378809175167,0
2777,88.00460585255023,22.50329968094598,25,13,Cafeteria,417.30153801155797,343.7386289221148,0
1707,88.00413687949118,22.50304153670256,27,20,Cafeteria,369.06947463377327,315.20336425471714,1
3474,87.99530072700175,22.4967892585888,15,17,Sports Complex,-539.6945975629136,-375.92345844025823,5
854,88.000355126062,22.500302985996345,16,15,Library,-19.869223567084276,12.48396918963941,3
4737,87.99869352257735,22.500521342262505,2,14,other,-190.75870865589852,36.621070850961175,-1
4097,87.99590351963968,22.49637220347177,17,17,Sports Complex,-477.69970861158413,-422.02473107711603,5
2160,88.00388981781492,22.50330641494173,13,20,Cafeteria,343.66013779036905,344.4830048123587,1
698,88.0002310067548,22.49983962827274,26,14,Library,-32.63441375431572,-38.73559357788508,3
4947,88.00143091849948,22.496282648449142,16,1,other,90.77186343176965,-431.92414327820364,-1
2999,88.00421312626513,22.503108694500348,0,13,Cafeteria,376.9111601256838,322.62698722207847,0
3696,87.99527010758597,22.497161248858987,21,6,Sports Complex,-542.8436859254301,-334.80365397397435,4
1636,88.00454535389292,22.503208389566424,19,12,Cafeteria,411.0794853431813,333.64727982615506,0
3457,87.99590900312751,22.496651540524816,12,17,Sports Complex,-477.13575311939707,-391.14681323323293,5
3581,87.9952254876604,22.496159682748665,15,6,Sports Complex,-547.4326725122999,-445.5167718089418,4
1291,88.00062324987935,22.499860644236723,6,10,Library,7.706272939870226,-36.41248891907345,2
4659,87.99580929763364,22.5027016519704,22,12,other,-487.3900771291773,277.63250596176783,-1
1853,88.00455637441335,22.502904943113023,22,12,Cafeteria,412.21290320097506,300.10430886719973,0
3763,87.9952111919351,22.496510549231463,11,7,Sports Complex,-548.9029325107563,-406.73199080049676,4
3304,87.99522706766349,22.49680298612791,8,17,Sports Complex,-547.2701753122157,-374.40601626714954,5
4912,88.00528192323893,22.49502852112126,20,8,other,486.8327907698604,-570.5553781023651,-1
3743,87.99493732554133,22.497061295649413,12,17,Sports Complex,-577.0690307686792,-345.8524817602855,5
3445,87.9949630563573,22.497059338813514,25,17,Sports Complex,-574.422715968593,-346.06879040052263,5
1998,88.0043361706073,22.50283377966077,19,12,Cafeteria,389.5657943218582,292.2379008549815,0
663,87.99986414380722,22.50028503725963,0,10,Library,-70.36484751331062,10.499915833100602,2
4779,88.00292158606334,22.501554839534048,28,5,other,244.0812508876473,150.86385924728808,-1
3748,87.99555814921459,22.496221126568567,22,17,Sports Complex,-513.2197196458336,-438.72477195694694,5
4413,87.99565449691598,22.496168556032035,9,17,Sports Complex,-503.3107315920611,-444.5359190651897,5
4744,88.0025879420466,22.495402962866105,21,22,other,209.76725555153294,-529.1645876270982,-1
709,88.00042411409207,22.49999982285136,3,14,Library,-12.774071779007127,-21.027684856930975,3
1282,88.00017702716917,22.499699199786157,8,11,Library,-38.186005141073,-54.258558484588235,2
2675,88.00460368663558,22.503310442953016,11,12,Cafeteria,417.07878207555575,344.9282611799457,0
4029,87.99556778161758,22.49623791591514,5,18,Sports Complex,-512.2290642922701,-436.8688775866192,5
1306,88.00000704528934,22.49997985006268,27,16,Library,-55.66798335544259,-23.235476917794955,3
2237,88.00469967548291,22.50301085066396,0,12,Cafeteria,426.95086337944605,311.8113295475893,0
3302,87.99584570498058,22.49633139903217,0,7,Sports Complex,-483.6457224564261,-426.53525383046025,4
2038,88.00453058529021,22.50304929383934,21,19,Cafeteria,409.5605917346865,316.06083815418515,1
1529,88.00488594461939,22.503096345600053,26,19,Cafeteria,446.10792287932213,321.2619397834445,1
1663,88.00467803012788,22.503204641299902,8,20,Cafeteria,424.72472241955785,333.2329464448074,1
4934,88.00669076187627,22.497147806573977,9,14,other,631.7263899549147,-336.2895641589296,-1
4953,87.9972381471451,22.49682165969624,29,20,other,-340.43843701896634,-372.34184002386945,-1
3627,87.99522641477469,22.496293647351425,18,6,Sports Complex,-547.3373223975581,-430.70832461982127,4
2693,88.00480990472333,22.503067531097752,19,13,Cafeteria,438.28751397695544,318.0767846991325,0
3060,88.00420454868157,22.50332391510216,26,13,Cafeteria,376.0289888670531,346.4174725465002,0
1597,88.0044831564604,22.503091840774548,27,20,Cafeteria,404.6827202204669,320.76397637216326,1
2729,88.0046352271035,22.5027225040684,28,20,Cafeteria,420.32259708544746,279.9374968747199,1
2625,88.00466209668122,22.50292965532901,22,20,Cafeteria,423.08602912067545,302.8359972222419,1
3157,88.00481430521833,22.502985023700763,22,12,Cafeteria,438.740087850236,308.95641703594316,0
3314,87.99541922484677,22.496382376656225,15,7,Sports Complex,-527.5075529959477,-420.9001872672814,4
1722,88.00466629219328,22.503312759381934,4,13,Cafeteria,423.517521292315,345.1843192326412,0
1059,87.99990734641698,22.500231067534884,11,10,Library,-65.92162636905783,4.5341024596623924,2
4636,88.00597509492174,22.496861084405943,26,7,other,558.1228145620869,-367.9838326134869,-1
3242,88.00468447364624,22.50257405529153,0,12,Cafeteria,425.38741333509927,263.5279690791993,0
1678,88.00383574788005,22.50315611412452,6,12,Cafeteria,338.0992543334385,327.8687524778778,0
1757,88.00520592773466,22.503240992926912,1,13,Cafeteria,479.01694739193164,337.2512552944794,0
4191,87.99531738166995,22.49675449286852,0,6,Sports Complex,-537.9817294210931,-379.7664611603463,4
563,87.99991849411695,22.49997419456177,20,14,Library,-64.77512858727303,-23.860635988414103,3
2790,88.00508776310802,22.502754391972733,0,13,Cafeteria,466.8641730453029,283.4623858195001,0
863,88.00044896941827,22.500278172093747,10,11,Library,-10.21779771259487,9.741040396406433,2
1484,88.00005617118144,22.499586278140946,2,14,Library,-50.61557555549385,-66.74091714625334,3
206,88.0001287588168,22.500168143425302,18,10,Library,-43.15021829979598,-2.421528613479964,2
4488,87.99525103803131,22.496673686998182,9,17,Sports Complex,-544.8049157890711,-388.6987420673231,5
870,87.99995576319313,22.49996102545552,2,14,Library,-60.94214839922796,-25.31634899328168,3
4493,87.99571340820317,22.49597389572564,1,17,Sports Complex,-497.2519337933318,-466.0536693340845,5
502,87.99965035810655,22.49980189501975,26,11,Library,-92.35187910277257,-42.90662736317287,2
1028,88.00015337949318,22.50051413589121,5,14,Library,-40.618077058639706,35.82447856778742,3
3840,87.99596066162854,22.496564476030336,16,18,Sports Complex,-471.8228762964672,-400.7709224530196,5
2690,88.00450883069726,22.50299131580556,21,12,Cafeteria,407.32321607802874,309.6519463001263,0
1570,88.00442490971211,22.502787970563105,22,12,Cafeteria,398.6922676763569,287.1741631992464,0
2773,88.00470927722068,22.502647008844267,2,19,Cafeteria,427.93836493389165,271.59225479890176,1
2731,88.00487369486926,22.50282465446569,8,19,Cafeteria,444.8480835065801,291.229201791083,1
804,87.99989137594314,22.500498916872445,16,15,Library,-67.56412776981382,34.1421682336761,3
3645,87.99601720210336,22.49553143610209,24,18,Sports Complex,-466.00790737203897,-514.9631561212458,5
2454,88.00472507543378,22.50339023756977,25,19,Cafeteria,429.563149984408,353.7487581161418,1
4598,88.0063928805201,22.5015145798903,4,21,other,601.0904457933563,146.4135582275207,-1
3104,88.00470224168049,22.50332480023543,25,13,Cafeteria,427.2147868648588,346.51531517794643,0
4875,88.00033931319189,22.50355244111882,17,11,other,-21.495516035226707,371.6787384280367,-1
200,88.0000894468401,22.50008765752482,15,14,Library,-47.19330289808612,-11.31844005287526,3
3099,88.0046414456656,22.50295410378914,25,13,Cafeteria,420.962152119907,305.5385300051287,0
2278,88.00455239640418,22.50318845095772,28,19,Cafeteria,411.8037803591282,331.4432660198583,1
3561,87.99613053494275,22.49701473169673,10,6,Sports Complex,-454.3520636367403,-350.9996610898629,4
4474,87.99521521739871,22.496441081828017,13,6,Sports Complex,-548.4889291639962,-414.4109175773734,4
4514,88.00214752625014,22.497478745904612,21,19,other,164.4721960637585,-299.70753055058645,-1
391,88.00012297979288,22.50000160556745,9,10,Library,-43.74456853531131,-20.830623420308783,2
1495,88.00050152322204,22.50001937012963,8,16,Library,-4.812842469931966,-18.866928717281297,3
2695,88.00443751504007,22.50292557149044,1,19,Cafeteria,399.9886768516891,302.38456970686366,1
2027,88.00459431206025,22.502874681658227,8,12,Cafeteria,416.11464329909376,296.75920765402424,0
2568,88.0042550792955,22.50258124197637,2,13,Cafeteria,381.2258668683502,264.3223852214263,0
64,88.00020313145559,22.500184210974272,28,15,Library,-35.501280351996854,-0.6454217503864612,3
3884,87.9957672838524,22.49765071641559,18,17,Sports Complex,-491.71103186298336,-280.6979102672559,5
2062,88.00439816810446,22.50301557896319,25,13,Cafeteria,395.94199686572637,312.3339957446128,0
492,88.00001934207691,22.50029722834287,9,11,Library,-54.403306363502864,11.847518174427947,2
379,87.99979792542867,22.49979853248337,1,16,Library,-77.17515136634194,-43.278322134520195,3
4859,87.99926376036002,22.50296628145327,12,8,other,-132.1119605245996,306.88464899790887,-1
3993,87.99530212751664,22.49650759955647,25,18,Sports Complex,-539.5505600289323,-407.0580478742392,5
4887,88.00280874101428,22.49853169659572,19,7,other,232.4755744992703,-183.31436115554482,-1
1076,87.99961085452533,22.50036604430969,14,14,Library,-96.4146694834412,19.454435146718296,3
878,87.99999589427598,22.49989663370972,6,10,Library,-56.814821904962436,-32.4342125738513,2
337,87.99991965353959,22.500027139926445,18,11,Library,-64.65588645795573,-18.008055377173946,2
1016,87.9998371454991,22.50002147325157,28,15,Library,-73.14151897237298,-18.634449617672857,3
1275,88.0000354292284,22.49992878112666,2,10,Library,-52.74880511775818,-28.880637105497797,2
3798,87.996028121613,22.49670473372258,7,6,Sports Complex,-464.88487808372605,-385.26683715231684,4
4551,87.99930289262561,22.50422848916979,25,8,other,-128.08735851945525,446.40908998223495,-1
3342,87.99553607737754,22.497092309556688,25,7,Sports Complex,-515.4897226300121,-342.4242044500823,4
4911,87.99644449316699,22.498637881272703,12,5,other,-422.0626758403176,-171.5767069617727,-1
995,87.99992972492677,22.50020330129669,12,10,Library,-63.620083280326185,1.464822489697113,2
1981,88.00495041703213,22.503254339495392,28,12,Cafeteria,452.7386609093557,338.726584974229,0
4297,87.9955622404299,22.49639314179627,29,6,Sports Complex,-512.7989539906544,-419.71020868688515,4
161,88.00019677115094,22.499970482868253,28,11,Library,-36.155413060043344,-24.27092658968327,2
4798,87.99518736204547,22.49541368655681,21,4,other,-551.3537443956844,-527.9791908567411,4
1500,88.00487882274494,22.502947490238512,8,12,Cafeteria,445.37546566657875,304.807468118706,0
3843,87.99565062692453,22.49638029392897,25,18,Sports Complex,-503.7087452286079,-421.1304119382078,5
2613,88.00453294477865,22.502827728787405,17,13,Cafeteria,409.80325598477907,291.5690373134078,0
3461,87.99596707714667,22.49610343517842,25,18,Sports Complex,-471.16306509613963,-451.7343782239253,5
1021,87.99985657499901,22.50074631475065,29,10,Library,-71.14327013223937,61.4895296904497,2
3073,88.0052144336163,22.503056652182348,17,12,Cafeteria,479.8917443857978,316.8742293903657,0
3943,87.99540358118969,22.496179528696278,14,6,Sports Complex,-529.1164425582563,-443.32300075986757,4
1585,88.0043950402483,22.503412021782704,0,19,Cafeteria,395.6203089698597,356.156785013765,1
1955,88.00490252484512,22.50292011198918,21,19,Cafeteria,447.8131349015118,301.7810764375873,1
3152,88.00431774920757,22.502562869753305,27,13,Cafeteria,387.6712246826089,262.29151968395627,0
34,88.00020563622803,22.49988349087453,18,14,Library,-35.24367420446499,-33.88702157574713,3
4014,87.99575104224033,22.49650440151936,24,17,Sports Complex,-493.381418781291,-407.4115588963562,5
775,87.99960744382003,22.49972854371778,6,11,Library,-96.76544731856774,-51.014880283053685,2
2556,88.0038970796604,22.503256018031657,0,20,Cafeteria,344.40699048219676,338.91213037292334,1
1478,87.99977812695555,22.500135869844662,28,16,Library,-79.21134767193526,-5.989050217420271,3
1363,87.99975673276478,22.50017033987761,1,16,Library,-81.41165735948157,-2.17873277544804,3
2612,88.00427165102761,22.503087397569864,25,20,Cafeteria,382.93020535369146,320.27282452637405,1
2824,88.00430724958498,22.50324711038921,0,12,Cafeteria,386.5913791511004,337.9274795769561,0
2041,88.00442062472592,22.502423720449237,20,19,Cafeteria,398.25157343710845,246.9099556122184,1
241,87.99997131588964,22.4999577945692,10,16,Library,-59.342613779249824,-25.673491166828697,3
2061,88.00466075510049,22.50300707287333,23,20,Cafeteria,422.9480527371229,311.39373257158354,1
2363,88.00479400125536,22.50307412555613,16,19,Cafeteria,436.65190387060966,318.8057361280925,1
600,88.00018924715417,22.500094102381524,22,11,Library,-36.92922699697386,-10.606025592682329,2
2435,88.00462133535959,22.50298904089509,19,13,Cafeteria,418.8938850087142,309.4004776969933,0
2888,88.00427118050587,22.502837250208085,17,20,Cafeteria,382.88181401440335,292.621535155314,1
646,87.99932577833927,22.499599774005382,18,16,Library,-125.73365147700542,-65.24908429142457,3
3890,87.99537154208485,22.496950431550143,21,18,Sports Complex,-532.4115404435158,-358.1073992935634,5
3556,87.99560922174611,22.49616422576377,18,17,Sports Complex,-507.9671075189467,-445.0145869191864,5
3202,88.004400965523,22.50305872081433,11,19,Cafeteria,396.22970053225606,317.1028959696731,1
1528,88.00413217882215,22.5028785060195,17,13,Cafeteria,368.5860290230119,297.18195254904316,0
1267,87.99977402308963,22.50011368522804,10,11,Library,-79.6334143925856,-8.441337738811328,2
1899,88.00456868391406,22.502547464303408,1,20,Cafeteria,413.478887689124,260.5886012523322,1
4658,88.00389046199349,22.4954171610836,21,16,other,343.72638906220175,-527.595116665098,-1
3005,88.00431242507196,22.50274046599096,19,19,Cafeteria,387.12365794839565,281.92300779440234,1
2734,88.00449319333755,22.50300138984441,22,13,Cafeteria,405.71497417581577,310.7655305547286,0
189,87.99962128819382,22.499935273756574,21,10,Library,-95.34160707548192,-28.16294179473907,2
1806,88.00487934054719,22.50298788115462,2,20,Cafeteria,445.42871962309744,309.2722799853545,1
975,87.99952761481727,22.50018039062628,1,16,Library,-104.97555117451918,-1.0677230173927654,3
2747,88.00414424326753,22.50309322602952,8,12,Cafeteria,369.82681052046985,320.9171024567752,0
2047,88.00471360951629,22.50260376181716,29,20,Cafeteria,428.38392476312544,266.811728422395,1
2558,88.00422273378481,22.502646866326835,19,20,Cafeteria,377.89925632755853,271.5765009219108,1
1082,87.9999195912372,22.499986719836745,4,11,Library,-64.66229401763066,-22.476092092631532,2
474,88.00041124192838,22.49999532281089,29,14,Library,-14.097923977186865,-21.52511933068496,3
2904,88.00422871918057,22.50312403061661,8,12,Cafeteria,378.514831107485,324.32224151380626,0
4843,88.00545426897914,22.494785776581963,12,2,other,504.5578828715307,-597.3883594761526,-1
4117,87.99553052174721,22.49606859382754,28,17,Sports Complex,-516.0610976988214,-455.58574114999794,5
3385,87.99539439343113,22.49644042167281,19,17,Sports Complex,-530.0613679539562,-414.4838911341453,5
4555,88.00635277154699,22.496487752078917,24,4,other,596.9653932007757,-409.25198804294945,-1
1184,87.99975259296586,22.50008376450727,28,14,Library,-81.83741964993492,-11.748774212765696,3
2433,88.00485300909794,22.503247994233963,28,12,Cafeteria,442.72063201657636,338.0251797758481,0
2391,88.00430632583723,22.50277611809351,9,20,Cafeteria,386.4963752716826,285.86399121030007,1
769,88.0004531121395,22.499979619331725,29,16,Library,-9.791734874288718,-23.26098191748798,3
1685,88.00433081564105,22.502909822917594,2,20,Cafeteria,389.0150567763018,300.64372246448795,1
130,87.99961233414223,22.500121183204325,24,16,Library,-96.26249661414873,-7.61251144034496,3
2919,88.00419734349023,22.50338151185678,6,13,Cafeteria,375.2879628346353,352.7842178020875,0
3171,88.00458242139369,22.503146046693757,8,12,Cafeteria,414.8917342814273,326.7558986815524,0
3444,87.9954383530308,22.496543531642807,24,17,Sports Complex,-525.5402933273417,-403.08611505049714,5
4426,87.99529868474264,22.496713653936933,21,7,Sports Complex,-539.904636005478,-384.2807966578402,4
466,88.000153541675,22.499950665394923,17,15,Library,-40.60139728638229,-26.46155009157134,3
3092,88.00446826356938,22.50290293130723,5,19,Cafeteria,403.15104404092614,299.8819238547359,1
3772,87.99534005285817,22.497043998854565,14,18,Sports Complex,-535.6500854898412,-347.7644694627796,5
860,88.00005073075522,22.499742657122955,1,10,Library,-51.17510232842695,-49.454784474986084,2
