event_id,lon,lat,day,hour,type
1501,88.00476303686636,22.50323916273588,8,12,Cafeteria
2586,88.00473895448823,22.50284441950449,9,13,Cafeteria
2653,88.00452354666726,22.503267052662817,3,19,Cafeteria
1055,87.99983209415801,22.50013365727153,18,10,Library
705,88.00015150248784,22.50011810156947,21,15,Library
106,88.0004715464753,22.500030667578997,5,16,Library
589,87.99978597904352,22.50036311688362,1,14,Library
2468,88.00438527221256,22.50331412049491,0,12,Cafeteria
2413,88.00480928699474,22.502826295891555,2,19,Cafeteria
1600,88.00473663549494,22.503109336303737,16,13,Cafeteria
2464,88.00483205907678,22.50340119455441,25,12,Cafeteria
228,87.99982117407268,22.50009182182835,25,14,Library
915,88.00006975538145,22.500067873827707,1,11,Library
794,87.9997297358649,22.49979238889836,2,11,Library
3021,88.00440088486113,22.50289808554451,0,20,Cafeteria
3543,87.99586643408706,22.49660999359763,28,7,Sports Complex
1073,87.99967925194396,22.49998744884574,21,11,Library
3351,87.99590480357807,22.497147773399853,25,17,Sports Complex
1744,88.00495558721182,22.503269431618047,9,19,Cafeteria
1084,88.00009548386306,22.500274117308454,25,15,Library
926,87.99986026953819,22.50014301436043,6,10,Library
3049,88.00408550031193,22.50255691981982,16,13,Cafeteria
1117,87.99998559530074,22.500020498889103,26,16,Library
642,87.99993510216215,22.50004333541609,23,16,Library
4767,88.00376554980345,22.498393475750664,27,10,other
501,88.00047735416011,22.499963870332323,5,14,Library
4066,87.9957707416653,22.496901437003892,17,7,Sports Complex
333,87.99983070957212,22.5000717810413,5,10,Library
4684,87.99914834066776,22.50182999256731,29,0,other
486,87.99983835677894,22.500181273946712,3,14,Library
1962,88.00426397346186,22.50318855537423,0,19,Cafeteria
393,88.00045786469147,22.499972597549018,6,16,Library
4842,88.00412551395804,22.495648985997917,12,19,other
4866,88.00374102334442,22.497823857048807,14,19,other
1755,88.00479081453608,22.502909253042887,13,20,Cafeteria
2515,88.00420736199169,22.50319568840994,23,19,Cafeteria
3585,87.99567539524664,22.49656595875875,17,7,Sports Complex
4315,87.9951230659107,22.496413489935716,18,6,Sports Complex
4966,88.00273602730056,22.499887006555255,18,12,other
2099,88.00451811494418,22.502517684740035,13,13,Cafeteria
3599,87.99488401439126,22.49656253442133,26,7,Sports Complex
4121,87.99596689936506,22.496719827543917,0,17,Sports Complex
29,87.99992707656256,22.499720095641678,21,16,Library
65,88.00033906000715,22.49992966811072,13,16,Library
838,88.00024608059962,22.50000176578966,23,14,Library
3906,87.99546723684183,22.495666033176775,18,7,Sports Complex
3773,87.9950071206311,22.49697942338569,8,17,Sports Complex
4635,87.9975345443888,22.503018636676188,6,13,other
3161,88.00497751775568,22.502985775385692,18,19,Cafeteria
2659,88.00447380119067,22.5028634860138,25,19,Cafeteria
4615,87.997775712378,22.497549193574365,13,23,other
4628,87.99823376120351,22.501418404114375,0,14,other
2451,88.00429649132614,22.50316468335533,21,12,Cafeteria
2846,88.0044275362002,22.503314328372415,10,13,Cafeteria
1144,87.99995673204393,22.499727591740665,29,15,Library
3078,88.0043288122995,22.50304236054375,11,19,Cafeteria
1103,87.99996510259297,22.499702583335228,14,15,Library
168,87.999938652971,22.500210155006627,16,14,Library
1670,88.0043358927247,22.502402019284816,23,19,Cafeteria
2570,88.00482823523772,22.502750218725286,22,13,Cafeteria
2377,88.0045764901006,22.502836929947925,8,12,Cafeteria
4395,87.99557579415844,22.49601869771279,11,17,Sports Complex
4257,87.99508323896976,22.496620244101965,1,18,Sports Complex
3862,87.99533250600666,22.49630960580532,29,6,Sports Complex
23,87.99964381295345,22.49976014019082,3,16,Library
2633,88.00498776259165,22.503405551470724,9,12,Cafeteria
3340,87.99538638311397,22.497068865608178,2,18,Sports Complex
2215,88.00456602469886,22.502458247989345,14,20,Cafeteria
3682,87.9958099519786,22.496483204971803,12,18,Sports Complex
4724,88.00212042860002,22.50270798916428,20,14,other
1907,88.00480891386866,22.50348521117044,6,13,Cafeteria
84,87.99979787659927,22.500107204125083,5,11,Library
227,87.99973056380551,22.50020201444957,25,15,Library
296,88.00022489996886,22.499920236516083,27,14,Library
1001,88.00023115842073,22.500242046165134,20,14,Library
2138,88.004389852444,22.50315451122583,12,20,Cafeteria
711,87.99997582172203,22.50015112883159,27,15,Library
2801,88.00453074250919,22.50286304347147,22,13,Cafeteria
2527,88.0041382998237,22.503201467267253,15,20,Cafeteria
3752,87.99520058105644,22.49667766413803,25,6,Sports Complex
3321,87.99565634626379,22.496313259730965,5,6,Sports Complex
3181,88.00431983624036,22.503037413045494,24,19,Cafeteria
4183,87.99544679338304,22.496529870384432,24,17,Sports Complex
1615,88.00411371034106,22.502754960792014,21,19,Cafeteria
3024,88.00445357497638,22.502748168103846,10,19,Cafeteria
1413,88.00054125058622,22.50018948046248,28,10,Library
763,87.99997598502507,22.499732236580087,29,10,Library
655,88.0000148046085,22.49984590964799,17,15,Library
4797,88.00434465510607,22.498104354175254,7,18,other
3849,87.99521325673754,22.496697285778996,27,17,Sports Complex
4153,87.99578545798562,22.496432587746433,0,6,Sports Complex
468,87.99986737471309,22.499951272929913,12,15,Library
157,88.00011845823023,22.5003293993839,13,10,Library
1295,87.9999752775867,22.499787892841454,4,11,Library
497,87.99995241533048,22.499779531337193,4,15,Library
4740,88.0029275450814,22.502382118588816,29,23,other
2940,88.00509403091631,22.502834585900032,18,13,Cafeteria
3456,87.9958586709393,22.496460161329694,12,6,Sports Complex
373,88.00023981770651,22.50019491513307,27,16,Library
79,87.99950310777135,22.499797436890745,6,15,Library
1553,88.00465825450472,22.502764592932767,9,13,Cafeteria
1669,88.00487027434463,22.50294101298463,5,20,Cafeteria
2131,88.00502179694206,22.50324075779249,11,12,Cafeteria
4439,87.99609687682478,22.49657445414242,24,18,Sports Complex
465,87.99994475760012,22.500022395170316,16,14,Library
248,88.00044136356007,22.50004739540415,17,16,Library
931,88.00047028926735,22.499745083915325,28,10,Library
1335,87.99991572850722,22.499925040450933,3,16,Library
4524,87.99626078275953,22.49743005773597,16,13,other
1338,87.99990295579536,22.500554695058362,17,10,Library
1406,87.99964454733332,22.499895951398777,3,14,Library
1090,87.99998209968514,22.50030935953367,11,10,Library
4209,87.99537049213697,22.496737783480555,13,17,Sports Complex
742,87.99984379535557,22.50049411014613,3,10,Library
2323,88.0042213461949,22.503494400837017,10,13,Cafeteria
3601,87.99532369718212,22.496342622432156,24,18,Sports Complex
2123,88.0043285885239,22.50309369887462,28,19,Cafeteria
2094,88.004597765039,22.502879256841588,7,13,Cafeteria
240,87.99980186981539,22.499973887695365,4,11,Library
2351,88.0048687150919,22.503511899185863,29,13,Cafeteria
1370,87.99995676348502,22.499840673063243,2,15,Library
1057,88.00029318225481,22.50000084387665,17,15,Library
4816,88.00166723991383,22.499835842726988,27,7,other
199,87.99971425742554,22.500044895445484,24,14,Library
2280,88.00406689397897,22.50311644592894,23,12,Cafeteria
4749,88.00382647360485,22.49978417871471,24,4,other
2220,88.0048388963646,22.50315619392742,3,19,Cafeteria
4771,88.00627861947238,22.501701936791633,4,18,other
2819,88.00429235474202,22.50247067828377,1,12,Cafeteria
3150,88.00471002492316,22.502577434817802,28,13,Cafeteria
4256,87.99522240286774,22.49649219201138,0,17,Sports Complex
3107,88.00451134583075,22.50312654471323,0,19,Cafeteria
1973,88.0044013094998,22.502850251371235,18,13,Cafeteria
1375,87.99994766908071,22.499772579145755,18,15,Library
3968,87.99577341136771,22.497008174321312,11,7,Sports Complex
4062,87.99546954467185,22.497028333397445,29,18,Sports Complex
4445,87.99540259141045,22.496671945907256,15,18,Sports Complex
3557,87.99580039465057,22.49608630156734,11,18,Sports Complex
964,87.99997756607642,22.500217289016096,9,15,Library
179,88.00068004229165,22.49989209492182,3,11,Library
3698,87.99562562115432,22.49664915479588,8,6,Sports Complex
3821,87.9955749388438,22.496249261997207,9,17,Sports Complex
4878,87.99972809553765,22.496353689586332,24,8,other
3899,87.99591637492593,22.496070937707795,6,6,Sports Complex
4487,87.99522186928556,22.49638204076886,13,17,Sports Complex
3238,88.00478538764908,22.50290120629088,7,12,Cafeteria
2974,88.00498192812937,22.50323453149929,19,19,Cafeteria
3580,87.99512526675784,22.49696375162923,4,7,Sports Complex
2887,88.00443693768939,22.50289091413286,16,20,Cafeteria
2575,88.00459445115696,22.503118261752288,12,19,Cafeteria
1419,88.00012695893908,22.500323967945466,23,15,Library
3907,87.99550322944755,22.496114535679933,18,17,Sports Complex
4673,87.99821853808093,22.495159977205986,24,20,other
4902,87.99575426012998,22.501395522674223,20,16,other
1860,88.00481857743564,22.503192318080824,18,13,Cafeteria
8,87.99988263140352,22.500022101721573,11,15,Library
2894,88.00410681454582,22.50334065195783,5,12,Cafeteria
2847,88.00484581971737,22.503195771937637,13,20,Cafeteria
3664,87.99521009718389,22.496954054136875,9,18,Sports Complex
144,88.00006497069856,22.499734401617964,1,10,Library
2104,88.00363475366926,22.50272562342588,6,12,Cafeteria
3143,88.00444417270651,22.502703870923863,12,12,Cafeteria
841,88.00016870487305,22.500105243236096,7,11,Library
1128,87.99998396541335,22.49988923899472,20,16,Library
151,88.00008661205237,22.500081449079147,2,16,Library
3591,87.99574548646284,22.496617031161406,9,18,Sports Complex
1052,88.00012350754658,22.500467741293843,5,14,Library
1590,88.00443885306245,22.502699475770186,17,19,Cafeteria
3008,88.00434967476377,22.502903546157476,4,20,Cafeteria
2029,88.00445752208556,22.503098575862378,26,13,Cafeteria
3418,87.99545968408493,22.496776899001524,2,7,Sports Complex
1807,88.00438525295232,22.50262389322486,1,13,Cafeteria
2696,88.00458777546443,22.50280123676992,11,20,Cafeteria
3039,88.00387724968077,22.502348705119452,25,12,Cafeteria
472,87.99962120223445,22.500163975194134,17,15,Library
3289,88.00478661296688,22.50332391070942,6,12,Cafeteria
4074,87.99515389467834,22.495756590523442,16,7,Sports Complex
3496,87.9961636431467,22.49630647659432,6,17,Sports Complex
279,87.99990367160079,22.49982689475503,22,14,Library
1741,88.00423920863763,22.50297164581789,28,12,Cafeteria
4624,88.00019938755091,22.500567513172165,20,16,other
2886,88.00519154915762,22.50314123713319,18,12,Cafeteria
1941,88.00434369941829,22.50283112408159,8,20,Cafeteria
100,87.99964615731449,22.499954275889724,18,16,Library
2804,88.0042048972637,22.50337294662356,25,13,Cafeteria
3570,87.99580373191084,22.496474105326463,20,17,Sports Complex
3684,87.99502236328594,22.49661069582309,16,18,Sports Complex
3661,87.9954241438738,22.49689825022159,25,6,Sports Complex
530,88.00015964811469,22.50020178064916,0,16,Library
1886,88.00402138452993,22.502827473663963,10,20,Cafeteria
681,87.9997177370572,22.499910638644298,16,14,Library
3794,87.99526860201074,22.496111636721235,28,7,Sports Complex
3944,87.99556379807825,22.496213099741997,11,6,Sports Complex
4666,88.00469585206615,22.50288171848113,19,3,other
2018,88.00498922048638,22.502587061143164,16,20,Cafeteria
1096,88.00001965879758,22.499848324926308,26,10,Library
829,87.99992955384778,22.500212275527687,2,14,Library
2805,88.00412430383203,22.503402748142,1,20,Cafeteria
3829,87.9952589569483,22.49703556496833,22,17,Sports Complex
4381,87.9956517083546,22.49651314840055,7,18,Sports Complex
3891,87.99536335678476,22.49645640803211,20,6,Sports Complex
764,88.00028731833157,22.500170054026363,11,11,Library
2767,88.00417516451552,22.50344218491037,21,19,Cafeteria
4328,87.99543609529256,22.496258620573286,26,6,Sports Complex
3295,88.00410199164097,22.502697802612403,15,13,Cafeteria
2194,88.00445521442357,22.50330712986978,23,20,Cafeteria
2357,88.00498927694127,22.50366065113997,21,12,Cafeteria
3425,87.9950409596119,22.49642583866408,3,7,Sports Complex
3979,87.99554287182389,22.496109377538374,6,6,Sports Complex
911,88.00005478758192,22.5003844829796,10,11,Library
3145,88.00505931116707,22.502897545898303,10,19,Cafeteria
999,88.00014314569533,22.500085012823643,9,14,Library
3653,87.99531054531677,22.496449600007807,23,18,Sports Complex
2483,88.00487026264737,22.50273675342834,18,20,Cafeteria
4076,87.99531382397211,22.497013042592513,28,6,Sports Complex
2370,88.00412938752785,22.502749954372725,11,19,Cafeteria
4838,88.00542086039961,22.49936370683283,26,0,other
33,87.99973557226777,22.499963099353426,4,16,Library
3789,87.99532040546379,22.496938807175177,10,18,Sports Complex
1020,88.000130708872,22.500043802854726,3,10,Library
1647,88.00455204609196,22.50287938356434,6,12,Cafeteria
733,87.99957435409894,22.500223149334573,10,10,Library
4582,88.00370379285543,22.49912345334596,9,9,other
3274,88.00434350397587,22.50299444191149,1,20,Cafeteria
1620,88.00450808834685,22.50298987631346,23,12,Cafeteria
3135,88.00535523322715,22.50300530530183,16,12,Cafeteria
2689,88.00513569254407,22.5039280288592,3,13,Cafeteria
2707,88.00423109868929,22.50379958634831,11,12,Cafeteria
297,88.00007682488022,22.4998009935358,8,16,Library
2339,88.00401821282574,22.502637418330913,10,19,Cafeteria
653,87.99972336852281,22.50005767522643,18,15,Library
3774,87.99552697751399,22.496757049048483,9,17,Sports Complex
1255,87.99969758974532,22.49988708513096,15,11,Library
4520,87.9970740951213,22.501575267079694,24,23,other
230,87.99981740834207,22.499944133504407,11,11,Library
3276,88.00439634163801,22.50296076676537,7,12,Cafeteria
3230,88.00375944259595,22.50259328821193,3,20,Cafeteria
691,88.00028983245085,22.50011554316652,21,11,Library
2754,88.004458960528,22.50268719531711,28,12,Cafeteria
4863,87.99920593646998,22.50388652836351,28,7,other
969,87.99964230622447,22.499947671545105,22,16,Library
633,87.99989327973252,22.500147953533435,7,15,Library
4092,87.99532603925827,22.496036194995682,27,7,Sports Complex
4077,87.99642133517165,22.496882388241765,2,17,Sports Complex
1321,88.00013242318859,22.500211289492796,18,11,Library
1831,88.00454159578763,22.50326009600176,17,19,Cafeteria
2178,88.00457910684611,22.5027644866257,26,20,Cafeteria
1417,88.00006714806972,22.50016716370119,14,16,Library
1782,88.00420070743036,22.502979953262347,8,12,Cafeteria
4715,87.9943285043441,22.496400590797755,13,6,other
4701,87.99860435258924,22.50299259785232,19,15,other
4118,87.99593655627774,22.496650083913153,25,18,Sports Complex
1652,88.00480598484504,22.503223307336462,5,13,Cafeteria
1483,87.9999000909536,22.500072180915705,29,14,Library
2275,88.00476008384976,22.502563664920686,12,13,Cafeteria
877,88.00005594698791,22.49966848807848,19,11,Library
3525,87.99505960737973,22.495843797020576,0,17,Sports Complex
2016,88.00469700827789,22.50369877593723,17,12,Cafeteria
426,87.99975876913486,22.499367428119314,24,16,Library
626,87.99975259879494,22.499704796796173,20,16,Library
1589,88.00480498890246,22.50279902380667,7,19,Cafeteria
2223,88.00449740360382,22.503314328109273,22,13,Cafeteria
2217,88.00464647518538,22.502992981878823,1,19,Cafeteria
4483,87.99538508767006,22.496576721465672,28,6,Sports Complex
1485,88.00023314770797,22.49975998842618,13,11,Library
1739,88.00454032375836,22.50267902218633,2,20,Cafeteria
2480,88.00446569959628,22.503188583269726,24,13,Cafeteria
2584,88.00436913934195,22.502870344254884,23,20,Cafeteria
2893,88.00506431640709,22.503167985428195,23,20,Cafeteria
149,88.00007424616831,22.500647390910505,1,14,Library
676,87.99972235603863,22.49959808474322,12,15,Library
1261,88.00001900134785,22.499798921060084,21,10,Library
4917,88.00211721327533,22.50370996565937,9,8,other
12,88.00006049056789,22.49982079441985,8,10,Library
1833,88.0041380760898,22.502738811290673,21,13,Cafeteria
3248,88.00428062540267,22.503452931193443,15,19,Cafeteria
1491,88.00063954982141,22.500150529580097,11,16,Library
2727,88.00510005765506,22.503281543116525,4,20,Cafeteria
3686,87.99540328264675,22.496598324973935,2,17,Sports Complex
1424,87.9997387977015,22.500022938121113,3,10,Library
4605,87.99418147045198,22.494015081544724,20,5,other
4595,88.00017798874231,22.49880733108557,22,0,other
731,87.99975540680559,22.50019765639979,11,14,Library
1231,87.9996575492551,22.500421253569677,0,10,Library
1634,88.00430566298657,22.503161715915123,21,19,Cafeteria
3936,87.99592794912749,22.496391554284525,10,18,Sports Complex
1210,87.99968903419115,22.499795392833516,25,11,Library
3268,88.004085749764,22.502762107095986,11,20,Cafeteria
1934,88.00481291841318,22.502867413289522,6,13,Cafeteria
553,88.00006360521083,22.499924068492806,13,14,Library
491,88.00036998603473,22.500188572832453,22,14,Library
2962,88.0045117168908,22.50299338445962,1,20,Cafeteria
2329,88.00431823946614,22.50359569130587,24,12,Cafeteria
2195,88.0039534238352,22.50319158606598,25,13,Cafeteria
3064,88.0050907471636,22.502589546837623,14,13,Cafeteria
657,87.99999396872822,22.49992057122581,29,14,Library
2374,88.00422114007682,22.50301466196456,15,20,Cafeteria
2225,88.00444727031882,22.503034375107184,1,13,Cafeteria
4264,87.99522429714837,22.496524997291406,9,7,Sports Complex
1170,88.00018973214745,22.499825807045394,8,14,Library
132,87.99973442407156,22.49983911254192,22,10,Library
471,87.99942451970881,22.499264902841333,12,10,Library
3225,88.00430844268361,22.502534641849007,15,19,Cafeteria
1405,87.99981080122785,22.50018764479188,0,11,Library
2876,88.004259159096,22.502577460550725,5,12,Cafeteria
4504,87.99612360941954,22.501429397008224,25,10,other
4692,87.99587113900873,22.501040748940976,25,9,other
2826,88.00416146171649,22.503203486061214,23,19,Cafeteria
287,88.00014707930163,22.4998119608986,20,15,Library
1869,88.00413807902478,22.50331476445601,28,19,Cafeteria
3114,88.00451216753045,22.50290517439752,20,19,Cafeteria
3625,87.99523013524501,22.496483726196608,18,6,Sports Complex
2312,88.00478949386513,22.50294133964591,15,19,Cafeteria
4923,88.00127433583474,22.504196888737745,13,3,other
1618,88.00429628704522,22.503279391904996,20,19,Cafeteria
994,87.99974959499752,22.49968587327643,25,15,Library
1803,88.00451195726247,22.50222253762279,10,13,Cafeteria
2642,88.00425740154881,22.503005724399323,2,19,Cafeteria
4802,88.00682802216242,22.497212523557703,5,3,other
3535,87.99560146891092,22.496671224138634,27,18,Sports Complex
4831,88.00099411716565,22.50137198971902,20,20,other
3911,87.99501280584963,22.496563163849643,16,17,Sports Complex
2107,88.00422300816943,22.502340431778194,24,20,Cafeteria
3044,88.00438095068984,22.50370340096859,4,19,Cafeteria
416,88.00038778799389,22.499803054062024,15,14,Library
977,87.99939403016835,22.50036331516583,1,10,Library
2417,88.00483299318165,22.502809812042393,22,20,Cafeteria
505,87.99987821865406,22.500053323426844,20,14,Library
4152,87.99534782185732,22.496827733047116,5,7,Sports Complex
4255,87.99510967397022,22.49650675180813,5,6,Sports Complex
3941,87.99570967946487,22.495481968739433,29,7,Sports Complex
414,88.000083078503,22.49954973556646,14,16,Library
4148,87.99589568431685,22.496324946561575,14,17,Sports Complex
1183,87.99960737484909,22.50018296767607,22,11,Library
485,87.9996444365726,22.500128271355024,20,16,Library
893,88.00029232389761,22.499837494016397,15,16,Library
805,87.99992270696913,22.500777479639,6,16,Library
555,87.99989703075848,22.49979518553507,19,10,Library
3825,87.9959188194923,22.49669988592001,19,6,Sports Complex
1197,88.00013812248861,22.49967194520164,20,10,Library
4253,87.99496499304631,22.49593869468374,18,6,Sports Complex
4058,87.99606578257908,22.496426626002304,0,7,Sports Complex
1293,88.00020962269362,22.49976832542279,25,10,Library
2221,88.00454706434432,22.502949702305212,17,12,Cafeteria
3504,87.99569056095434,22.49696316932287,24,18,Sports Complex
3654,87.99480811245087,22.496467004548972,3,6,Sports Complex
4758,87.99431024784901,22.496134031229925,4,20,other
3006,88.00440134760748,22.503016328182564,29,19,Cafeteria
2093,88.0048781418887,22.502590206087916,0,13,Cafeteria
2187,88.00426475091851,22.503235757666324,11,12,Cafeteria
3036,88.00463059444289,22.502599182591037,9,19,Cafeteria
3918,87.99588026804302,22.49641562787214,20,7,Sports Complex
1272,87.99972692180883,22.49995580645922,3,15,Library
290,87.99994796943741,22.49953120688259,11,11,Library
4827,87.99957480432899,22.494776450362078,13,17,other
252,88.00053053904925,22.499836481079218,6,15,Library
3245,88.00431979418155,22.50276651664568,12,12,Cafeteria
350,88.0000777268914,22.49983844317254,11,11,Library
1187,87.99994384171251,22.4996161069692,6,11,Library
1961,88.00428447060021,22.503336867636992,2,12,Cafeteria
422,87.99993775896289,22.499731814243564,16,14,Library
90,88.00002426938734,22.499731965247005,9,15,Library
3729,87.99595971560647,22.49610415441403,1,18,Sports Complex
2236,88.00463409386683,22.502706369231266,12,20,Cafeteria
670,88.00031152129813,22.50024683362915,27,11,Library
3040,88.00436947593239,22.50252820874557,20,20,Cafeteria
26,87.99971225160564,22.500471146576484,1,16,Library
429,87.99956031512839,22.500489586863555,14,14,Library
683,88.00012234364031,22.50034321211867,0,15,Library
4463,87.99570704985646,22.496783451694707,21,7,Sports Complex
3945,87.99504003016465,22.496617692032917,2,17,Sports Complex
3523,87.99548547811341,22.49658285099236,7,7,Sports Complex
1541,88.0045504627044,22.50279499096176,18,20,Cafeteria
2031,88.00473644306318,22.502785580344646,26,20,Cafeteria
2232,88.00462266370019,22.502942280124074,1,12,Cafeteria
4120,87.99603946240069,22.496711306555667,29,7,Sports Complex
3235,88.00421229280994,22.50281622193532,6,12,Cafeteria
254,87.99962015750852,22.50012780064988,27,14,Library
1029,87.9997443018587,22.49971727789117,25,16,Library
4392,87.99580752919756,22.496161910176387,3,6,Sports Complex
3800,87.99500321547548,22.496667596650628,19,7,Sports Complex
4310,87.99532126062164,22.496374031117252,14,17,Sports Complex
2509,88.00444403075198,22.502822206891835,0,13,Cafeteria
2292,88.00454410061478,22.503016528947796,7,13,Cafeteria
1323,88.00012162541096,22.4996487025383,4,15,Library
1550,88.00441368310781,22.503329341683497,21,19,Cafeteria
4647,88.0042422713522,22.494927842936065,13,9,other
315,88.00000525096041,22.499777201943647,25,11,Library
1242,87.99985457977151,22.50001087866716,23,11,Library
2450,88.00458977559798,22.502758410364322,6,19,Cafeteria
1578,88.00433410017014,22.50342275351808,14,20,Cafeteria
4625,87.99591593902075,22.501569042035776,1,22,other
3116,88.00399343051036,22.502988570125197,4,12,Cafeteria
69,87.99983872006135,22.499867736830662,20,11,Library
859,88.00015823295443,22.50010216320287,19,15,Library
2753,88.00443727602457,22.502412497725263,10,13,Cafeteria
1632,88.00460149755664,22.5028393753589,28,13,Cafeteria
1650,88.00451897894644,22.503068645373293,17,19,Cafeteria
3860,87.99608999561391,22.496493164363688,19,7,Sports Complex
3106,88.00416354713191,22.503569502112814,22,20,Cafeteria
1074,88.00024906670487,22.500655198272757,20,11,Library
4001,87.99583246117389,22.496661465749565,6,17,Sports Complex
787,88.00011479501981,22.499937115278488,14,16,Library
2605,88.0045136328197,22.503049558602285,28,13,Cafeteria
3630,87.9958226777323,22.496848434342088,22,17,Sports Complex
2121,88.0051186637572,22.502721594402594,20,12,Cafeteria
1874,88.0050288970946,22.502561660508437,3,19,Cafeteria
811,87.99989006723543,22.500448802838978,6,14,Library
387,88.00046904270981,22.500106015261117,26,16,Library
2882,88.00494214370009,22.50323454636329,1,20,Cafeteria
1175,87.99992983123079,22.49950934357708,25,14,Library
3197,88.00446284076754,22.50315363854601,7,20,Cafeteria
2623,88.00440802169155,22.503291500030244,28,20,Cafeteria
1351,87.99954950489061,22.500208333477946,28,11,Library
410,88.00017790371952,22.500433128749872,7,10,Library
4212,87.99547158238556,22.497051502157632,26,18,Sports Complex
109,87.99998138852106,22.49993691162447,29,15,Library
4995,88.00471432597924,22.495496057462017,28,3,other
3429,87.99542827363402,22.49647249322141,3,17,Sports Complex
2809,88.00450591058099,22.503027084401324,17,13,Cafeteria
2594,88.00473572238691,22.50273632788568,18,12,Cafeteria
2836,88.00468124227811,22.50250151929951,11,20,Cafeteria
2372,88.00473395023421,22.50292819250698,19,13,Cafeteria
1235,88.00040977920136,22.499867257275547,29,15,Library
2146,88.00516995815399,22.502815575613685,18,20,Cafeteria
4975,87.99987304423144,22.4994081150521,7,16,other
599,88.00009432512326,22.500204472414506,16,15,Library
1434,87.99995821957155,22.50021901169813,2,14,Library
4996,88.00317380117859,22.494941623340928,17,2,other
538,88.0002515732023,22.499993606421953,16,11,Library
721,87.99957245790183,22.49983811454859,17,16,Library
4410,87.99540943245586,22.496317117674707,23,6,Sports Complex
1872,88.00486941428085,22.502635287831357,16,19,Cafeteria
2845,88.00478402997037,22.502897241888515,10,20,Cafeteria
2053,88.00448944677504,22.50333743036737,21,13,Cafeteria
2907,88.00480895227376,22.502878966022784,11,12,Cafeteria
2254,88.00477524696873,22.503259203832652,19,12,Cafeteria
3912,87.99519209892352,22.496579289962828,15,18,Sports Complex
177,88.00036338351929,22.50038032901298,7,10,Library
2890,88.00478372795601,22.50225326165856,11,12,Cafeteria
3673,87.99511645629296,22.496737780609703,26,6,Sports Complex
80,87.99994508202803,22.500050142299308,8,16,Library
2561,88.00453920218172,22.502795709042175,21,19,Cafeteria
1723,88.00478872492248,22.50286489366284,26,20,Cafeteria
1617,88.00446973438733,22.502556946751593,25,12,Cafeteria
1654,88.00423510143294,22.503014673774718,3,20,Cafeteria
2328,88.00411625157538,22.502859631849148,6,13,Cafeteria
4613,87.99476473652533,22.494632077874464,9,10,other
221,87.99953318370186,22.499935113330604,4,15,Library
93,87.99991808446335,22.500225983710273,25,16,Library
2609,88.00483894085548,22.50246094244372,4,20,Cafeteria
3382,87.99556937606471,22.496238168156005,7,6,Sports Complex
4415,87.99540265804748,22.4960865822612,18,18,Sports Complex
1397,87.99975709649037,22.50043117416244,9,10,Library
4686,88.00356102956098,22.503643343315474,2,3,other
1292,87.99999848227212,22.499896750544465,16,10,Library
2164,88.00414355548568,22.503262271038924,16,13,Cafeteria
2939,88.00459522875914,22.503450445744672,5,20,Cafeteria
3668,87.99566013967691,22.49693307942775,23,18,Sports Complex
812,88.00036174447109,22.500057517689797,23,16,Library
1258,87.99982374703606,22.499717346166264,26,10,Library
889,88.00027717589515,22.50025881233368,0,14,Library
1451,88.00042555373616,22.500194351838193,3,10,Library
3316,87.99554336738579,22.49597130888237,12,17,Sports Complex
2559,88.00480162083244,22.503495784518293,3,20,Cafeteria
3574,87.99558894469048,22.496136510700037,11,7,Sports Complex
2680,88.00405260393659,22.50282262513219,15,19,Cafeteria
4651,87.99828258884023,22.498774533353707,11,3,other
4811,87.99777868441164,22.497996896155502,8,23,other
4679,87.99511418364398,22.501578934086254,19,22,other
2964,88.00419354485923,22.503136346654276,14,12,Cafeteria
2672,88.00427317272135,22.50290351727374,26,19,Cafeteria
561,88.00051885019967,22.4999656570529,4,14,Library
2778,88.00484132008977,22.503347012955818,2,12,Cafeteria
2948,88.00427345543868,22.503472792357684,4,19,Cafeteria
2817,88.00465728012902,22.50314186494055,13,13,Cafeteria
2758,88.00482576951485,22.502856520489303,21,12,Cafeteria
1756,88.0038836679334,22.50340811711841,11,19,Cafeteria
724,88.00004271635953,22.499837656740418,27,11,Library
219,88.00002046853484,22.49989112840736,17,16,Library
4139,87.99624106345054,22.497110436114564,3,17,Sports Complex
3957,87.99606823522382,22.496565452702516,10,18,Sports Complex
1588,88.00461935560233,22.50285038210998,25,20,Cafeteria
3347,87.9950187201684,22.49632398162249,17,17,Sports Complex
3970,87.99554939007385,22.496938570373587,16,17,Sports Complex
4707,88.00142148471683,22.49953175744032,7,2,other
43,87.99992472407611,22.499885725935854,18,11,Library
3001,88.00431927426979,22.503002652531706,6,13,Cafeteria
210,88.00014272262767,22.50027677016732,7,16,Library
677,88.00043806761086,22.500046185144726,11,11,Library
354,87.99999524594803,22.50025014557951,2,15,Library
1433,87.99985423064035,22.500238825139558,13,11,Library
949,88.00006083486232,22.49982736473692,0,14,Library
2843,88.00453348900636,22.50290540545092,20,19,Cafeteria
577,88.00019271629847,22.500300971109294,8,11,Library
3928,87.99544585838412,22.496914752444255,18,17,Sports Complex
544,87.99938208887497,22.499794395016906,24,15,Library
367,88.00000314810019,22.500281676284207,3,15,Library
1612,88.00464841755412,22.50272981412203,16,12,Cafeteria
3550,87.99525306171846,22.495948291851132,22,18,Sports Complex
3716,87.99573559679229,22.49621869671869,23,7,Sports Complex
3779,87.99592423175177,22.496602292909657,4,6,Sports Complex
135,88.00038748360126,22.499899087884188,19,16,Library
4480,87.99544762741952,22.496298048446096,2,17,Sports Complex
1437,88.000401836394,22.49994261283616,29,10,Library
47,88.00026428055655,22.500075447974954,8,11,Library
1360,87.9999961725377,22.499867196426347,13,11,Library
734,88.00025728890932,22.49969720701768,13,11,Library
1534,88.00469043479198,22.502932551401,7,13,Cafeteria
2004,88.00472131386401,22.503277259032334,7,20,Cafeteria
3795,87.99542980008678,22.4959115180879,6,6,Sports Complex
2519,88.00450885847229,22.503424064821402,23,19,Cafeteria
1972,88.00466582732349,22.50276056779849,23,13,Cafeteria
996,88.00044942163171,22.499930259267416,26,15,Library
61,87.99995358525584,22.49981319708021,28,15,Library
1108,87.99984405775983,22.50022426654922,10,16,Library
2405,88.00447535173424,22.50303652758309,3,19,Cafeteria
95,87.99963412126297,22.499747567323823,16,14,Library
478,88.00076972020211,22.499806780583043,19,16,Library
4359,87.99499078774215,22.49708060439306,12,6,Sports Complex
4112,87.99511923744576,22.49701936155382,7,7,Sports Complex
3707,87.99501638078401,22.496021971425183,14,17,Sports Complex
1101,87.99927593615546,22.50015492786149,2,10,Library
2746,88.00446848178206,22.502883119630564,4,12,Cafeteria
2170,88.00436708398007,22.503253922138352,1,12,Cafeteria
322,87.99979544482919,22.499943786004547,0,15,Library
4254,87.99560868887328,22.495994624877127,10,7,Sports Complex
3142,88.00439448785308,22.50269160909692,4,12,Cafeteria
3537,87.99531142530677,22.496473740549863,0,7,Sports Complex
4925,87.9930825571605,22.49619255688276,9,17,other
2924,88.00419924511912,22.502981411097828,23,12,Cafeteria
1149,87.99978825966292,22.50022556929345,15,14,Library
3617,87.99525313914664,22.497122053168813,0,18,Sports Complex
291,87.99987674976633,22.500028756519786,11,15,Library
3749,87.99509759049063,22.496339560572878,15,17,Sports Complex
3586,87.99532967908414,22.496055329114046,28,18,Sports Complex
533,87.99969724595006,22.500126367539792,23,10,Library
3607,87.99487840621357,22.49669196214574,2,7,Sports Complex
2648,88.00452276731156,22.503221666910733,12,12,Cafeteria
4810,88.00657733284848,22.502656398764415,16,9,other
1983,88.00426682906965,22.502803750783457,29,12,Cafeteria
2932,88.00454870636824,22.503346048063303,20,19,Cafeteria
1536,88.00431121816275,22.502863959467806,21,19,Cafeteria
4534,88.00109332870444,22.49832803597171,27,18,other
4172,87.99504579506852,22.496175816310593,7,17,Sports Complex
3360,87.9952150463602,22.496109070690565,11,18,Sports Complex
3665,87.99554206949557,22.496472218350995,22,7,Sports Complex
4005,87.99545263301813,22.496879141621704,16,17,Sports Complex
3626,87.99585028717422,22.496657519134917,7,17,Sports Complex
586,87.99988515977512,22.499872964950587,19,15,Library
3256,88.0043134232466,22.50239707339163,11,20,Cafeteria
2298,88.00450853978175,22.503082173938694,6,20,Cafeteria
3988,87.99502068767887,22.496699456731594,11,7,Sports Complex
584,88.00004546656376,22.499862365787628,22,15,Library
2423,88.00416847980523,22.5026295169714,7,20,Cafeteria
1391,87.99983057115756,22.49946735838005,11,16,Library
4525,87.99881063691535,22.497040272749377,8,21,other
4920,87.99597749379214,22.50023099085102,9,22,other
4800,88.0023587959823,22.49802617215295,19,10,other
3240,88.0049920441678,22.50299877615855,2,13,Cafeteria
4281,87.99558583254677,22.496144647669013,11,18,Sports Complex
3338,87.9957081990307,22.496141719088854,27,18,Sports Complex
3220,88.0042311912357,22.503469831213504,7,12,Cafeteria
2111,88.00435617948588,22.502905493115513,24,20,Cafeteria
1174,87.99981150885279,22.49974786132898,12,15,Library
4862,88.00661938006058,22.50209001648668,8,2,other
3811,87.99540696007203,22.496644224897974,8,18,Sports Complex
1867,88.00444791341641,22.503164268103987,6,13,Cafeteria
2614,88.00426589218571,22.502619630324453,11,13,Cafeteria
3866,87.99503364257666,22.49636402252651,27,6,Sports Complex
4885,87.99612798243449,22.495618009817427,18,18,other
3778,87.99567589118627,22.496261728551787,13,17,Sports Complex
3846,87.99526805798078,22.495337609905544,27,17,Sports Complex
2416,88.00441858984135,22.503580574220912,26,19,Cafeteria
70,88.00009034890138,22.500198566169907,21,10,Library
4880,87.99410917153033,22.497575030331745,0,0,other
1126,88.00007565886631,22.50035084249253,6,16,Library
4024,87.995352446191,22.496309503948478,8,18,Sports Complex
3250,88.00454372488585,22.502825861338266,29,13,Cafeteria
3901,87.99547826895564,22.496617713039264,4,17,Sports Complex
1095,87.99997982085497,22.499438277666503,14,16,Library
4545,87.99789732248162,22.49601397825638,24,9,other
1212,87.9998203981836,22.500124966030935,20,11,Library
3921,87.99515792255889,22.49664710843612,4,6,Sports Complex
1425,87.99950841085266,22.500063060099105,17,11,Library
3066,88.00420003657773,22.5029565334793,6,20,Cafeteria
4519,88.00287029763295,22.499998972654403,26,23,other
2100,88.00470003560339,22.502801430685142,23,13,Cafeteria
807,87.99988031284458,22.49995420084532,23,16,Library
4743,88.0040419333194,22.50149736120821,12,18,other
3750,87.99561352099893,22.49662227724372,3,18,Sports Complex
1362,88.0000298950921,22.49972442696254,4,15,Library
2317,88.0047641399083,22.50247135030487,1,19,Cafeteria
4581,87.99342443246069,22.494835779239114,12,14,other
4741,87.99873973847099,22.49574051926003,20,7,other
1025,88.00010908091741,22.500120671971803,19,11,Library
3109,88.0049423110216,22.502615512965047,3,12,Cafeteria
2110,88.004177056957,22.502599901783196,26,12,Cafeteria
1041,87.99988527893429,22.49968537377233,14,15,Library
1876,88.0041668331253,22.50351283555125,12,19,Cafeteria
881,87.99986728280678,22.499760712271275,8,16,Library
4299,87.99578169957837,22.496281741091884,23,17,Sports Complex
1192,87.99984965808902,22.499990173178094,25,14,Library
4587,88.0016569473057,22.496069449037382,5,10,other
4510,88.00175556070434,22.503860522743505,14,23,other
3670,87.99487983616122,22.496949174102053,28,7,Sports Complex
624,88.00039829665666,22.500005616473203,6,11,Library
2796,88.00436276601933,22.503108557059694,15,20,Cafeteria
4291,87.99547894592521,22.496432101822602,15,18,Sports Complex
4968,87.99427475390434,22.494841315671273,3,22,other
233,87.9998370999131,22.499924205054292,7,14,Library
4566,88.00134670158977,22.495742540240578,16,9,other
1662,88.00458694729495,22.50272054218536,6,12,Cafeteria
415,87.99981287836586,22.499864331550068,7,16,Library
4246,87.99595495493524,22.497088267999686,12,17,Sports Complex
2173,88.00479474830173,22.50359104139474,8,20,Cafeteria
1456,88.00018833540527,22.500233047891065,19,15,Library
746,88.00004669169113,22.49977530398792,0,10,Library
17,88.00007856183315,22.50015770292114,2,10,Library
1200,88.00003130612566,22.500096702130172,22,10,Library
1699,88.00464882770142,22.50370712754923,28,19,Cafeteria
3253,88.00430473738818,22.503447101436446,3,20,Cafeteria
596,87.99993253126618,22.50016762015431,18,14,Library
3226,88.00454831263941,22.503139524554744,13,20,Cafeteria
4405,87.99582079866482,22.496752223730976,26,7,Sports Complex
4719,87.99407473432002,22.503783253097673,25,4,other
1505,88.00391970797276,22.50281782348476,22,20,Cafeteria
1412,88.00011397194302,22.49981726093107,28,10,Library
1965,88.00433725733501,22.50292555967902,14,20,Cafeteria
371,88.0001244995728,22.499946269742427,17,10,Library
1340,88.00004014349527,22.500073906122186,15,16,Library
598,87.99988892668497,22.499611560308495,12,14,Library
238,87.9998345533838,22.500237576897995,4,15,Library
3400,87.99533981305247,22.495680132581818,6,17,Sports Complex
2067,88.0044171346012,22.502996701185477,22,13,Cafeteria
810,87.99995328208895,22.49991983309361,9,11,Library
1094,88.0001831600193,22.50021210772055,29,16,Library
4324,87.99570585504256,22.4964150667385,26,7,Sports Complex
4760,87.99733863118271,22.49421057075387,10,19,other
3676,87.99542209877548,22.495544708465278,6,17,Sports Complex
3464,87.99534915132993,22.496498507971825,5,17,Sports Complex
3103,88.00424804863876,22.502535954100402,18,13,Cafeteria
2749,88.00454145581432,22.503030475607453,27,19,Cafeteria
2295,88.00466584718441,22.503025314264494,21,13,Cafeteria
4192,87.99507703122852,22.496702671550445,17,7,Sports Complex
3708,87.99576951753812,22.496225138727908,10,7,Sports Complex
3018,88.00464431380003,22.502872613532386,9,19,Cafeteria
4252,87.99538387742989,22.496651614423545,11,18,Sports Complex
803,87.99988443117782,22.500062550051563,15,14,Library
4190,87.99485316146067,22.495826158225597,12,18,Sports Complex
3705,87.99556148579939,22.496244697032903,11,6,Sports Complex
751,87.9996620788486,22.50037778873256,4,11,Library
4644,88.0017709038457,22.50409471469489,0,4,other
2531,88.004487112566,22.50274553016895,25,20,Cafeteria
621,88.00011786708929,22.500196151071975,18,15,Library
2297,88.00473103106997,22.502675029807833,17,20,Cafeteria
3828,87.99550350740311,22.496389889493397,8,18,Sports Complex
566,87.9994904688662,22.49939029571043,5,11,Library
1135,88.00024102179208,22.50026788578806,7,11,Library
1204,88.00001221501758,22.50006232714891,24,14,Library
1047,87.99960590196075,22.499858806498956,27,10,Library
51,87.9999037294299,22.499949081562455,10,16,Library
3651,87.99583097169966,22.496293793864204,2,7,Sports Complex
1044,87.99995684317501,22.500606679121585,0,14,Library
2181,88.00522186717684,22.502395531978518,25,19,Cafeteria
2688,88.00494804226403,22.503328107131654,2,20,Cafeteria
534,87.99983704097305,22.500265052476873,0,15,Library
3184,88.00468818736037,22.5031286637328,14,20,Cafeteria
3857,87.99543529313532,22.496946692395756,19,7,Sports Complex
443,87.99997771999013,22.499914201931126,17,14,Library
3604,87.99508245932014,22.4963368204129,26,6,Sports Complex
195,88.00009632934493,22.500484732249763,20,16,Library
1115,88.00009124025061,22.50016708512218,25,11,Library
765,87.99982420589372,22.50029812687812,25,14,Library
1945,88.00491360142519,22.503227636806432,20,12,Cafeteria
3247,88.00434554462028,22.502904134807313,0,12,Cafeteria
3002,88.00472385209142,22.50283003109491,23,13,Cafeteria
1432,88.0002151183721,22.499777689792943,10,16,Library
4200,87.99511897780494,22.496472052796282,14,17,Sports Complex
3095,88.00435309144895,22.503006344818672,29,13,Cafeteria
2922,88.00489643763275,22.502680487698804,29,19,Cafeteria
644,87.99993856423397,22.499944199436342,8,14,Library
1049,88.00034502283853,22.50052211069322,0,15,Library
3745,87.99545548021561,22.49681976252615,27,6,Sports Complex
4093,87.99516639487334,22.497236780323767,16,7,Sports Complex
4403,87.9957827088446,22.49639467264746,18,6,Sports Complex
120,88.00019775798675,22.500028317602634,15,14,Library
2052,88.00467144842094,22.503200842901254,6,20,Cafeteria
4258,87.99533886268358,22.49715632888597,22,18,Sports Complex
4888,87.99613866978375,22.505535575689596,21,18,other
4334,87.99541418965237,22.49611368450309,7,7,Sports Complex
4691,87.99816321238863,22.496358123465694,2,20,other
134,87.99977014394145,22.499916306166973,24,14,Library
2460,88.00455308385546,22.503282605747113,13,20,Cafeteria
1954,88.00461285326537,22.503132540338324,25,19,Cafeteria
2463,88.00409800267911,22.502510753577837,29,12,Cafeteria
184,87.99994413430368,22.49970524005221,29,11,Library
1392,88.00050334681188,22.50019205180416,2,14,Library
2276,88.00438905127344,22.50329842658558,17,12,Cafeteria
511,87.99998744047264,22.499809318805358,13,11,Library
4729,87.99543671555911,22.49823032552014,24,9,other
4054,87.9955878512401,22.49684204217961,23,6,Sports Complex
3137,88.00493457873236,22.503091649066093,11,20,Cafeteria
2669,88.00434716540299,22.502982471437022,6,19,Cafeteria
4773,87.9993604261263,22.500488519458994,6,10,other
4861,87.99494816768325,22.499839405107625,4,19,other
2117,88.00456080350901,22.503005560220945,15,20,Cafeteria
251,88.00022946548677,22.50016946882988,23,15,Library
3526,87.9957227936224,22.49668270722229,18,6,Sports Complex
3559,87.99483109423616,22.496435984451402,15,6,Sports Complex
4011,87.99592585322237,22.49609338704494,20,7,Sports Complex
1507,88.00431272397383,22.50341079867066,2,19,Cafeteria
122,88.00035069857773,22.500229807233644,26,14,Library
4259,87.99549021070494,22.49653657991263,14,18,Sports Complex
3333,87.99538414148303,22.49669254496843,14,7,Sports Complex
1871,88.00450079834744,22.503063474237624,4,20,Cafeteria
3692,87.99584575155384,22.496248530605193,29,17,Sports Complex
567,87.99974797842228,22.499966430209454,24,10,Library
1371,88.00042792712003,22.50011459667589,25,11,Library
3185,88.00483350956068,22.50336109916582,24,19,Cafeteria
3955,87.9954765464854,22.49698828566728,25,7,Sports Complex
1056,87.99999361148225,22.499341063065245,1,11,Library
856,87.99979191110673,22.49990768071519,1,16,Library
3838,87.99591559950309,22.496394177651784,21,6,Sports Complex
2860,88.00402737859424,22.50278889073614,17,19,Cafeteria
4769,88.00538659674368,22.500815046039282,17,23,other
776,87.99981821570604,22.50016984332074,22,16,Library
720,88.00007695044222,22.499910414961995,2,15,Library
2710,88.00468686364715,22.50247519388069,23,19,Cafeteria
2654,88.00482831993912,22.502801197109704,25,12,Cafeteria
4877,88.00496289658754,22.505240472520587,12,3,other
602,88.00021740148003,22.49978258422968,16,14,Library
3822,87.99567119569484,22.49627635523108,22,18,Sports Complex
1244,87.99983768061374,22.499367609980577,11,10,Library
4845,88.00556499828362,22.50276881882887,11,8,other
4841,88.001686551625,22.50173494675057,1,19,other
318,88.00008104158812,22.499947217440294,9,14,Library
828,87.99989495329572,22.50017388443939,26,16,Library
3263,88.00457724385853,22.502694885164114,2,20,Cafeteria
274,87.99975462283724,22.499814382353577,16,10,Library
2664,88.0043400975251,22.502688583928666,28,13,Cafeteria
549,87.99984900370332,22.500038797670964,20,16,Library
3641,87.99571143409923,22.496405677185503,12,6,Sports Complex
4053,87.99548324937533,22.496628923201346,20,18,Sports Complex
4892,87.99385094579478,22.495233772634773,14,14,other
2934,88.00445978213385,22.503174652271696,20,13,Cafeteria
605,88.00046919895314,22.500410668238313,18,10,Library
896,87.99995822047993,22.49976953504672,2,10,Library
527,88.00001202123667,22.500309736588235,18,16,Library
4607,88.00024185563743,22.497672182894576,15,11,other
2347,88.00446019173353,22.50319731510779,18,13,Cafeteria
3439,87.99588795561061,22.496957787467394,19,17,Sports Complex
4998,88.00449756229845,22.495171170478184,1,19,other
4826,87.99668410363444,22.499980295211532,4,2,other
3922,87.99616066879223,22.4967071304169,25,17,Sports Complex
298,88.00020321552971,22.50026900178465,11,15,Library
2119,88.00389679182712,22.503296561523292,28,19,Cafeteria
2536,88.00459575003293,22.50308168012964,11,12,Cafeteria
4203,87.99472383682195,22.496345588158224,16,6,Sports Complex
3254,88.0045824230419,22.50253482531114,22,13,Cafeteria
3725,87.9953088075968,22.496307766471343,9,7,Sports Complex
1260,88.00013958172813,22.500157382396054,18,15,Library
1558,88.00473827700344,22.503459901185217,26,19,Cafeteria
3269,88.00484340380368,22.50357376640683,0,19,Cafeteria
4046,87.99548592834292,22.496241441446145,8,17,Sports Complex
756,88.00012332947522,22.500221721847524,27,14,Library
1010,88.0003293485164,22.50012046651543,25,10,Library
2794,88.00447699054077,22.502756850677404,25,12,Cafeteria
2905,88.00433635355365,22.50243935480614,2,13,Cafeteria
1870,88.00440074556143,22.502795694703543,22,13,Cafeteria
2229,88.00466777910682,22.503168204112043,16,12,Cafeteria
1173,87.99998435171803,22.49986528953595,23,11,Library
1832,88.00420708610544,22.502700321896608,13,13,Cafeteria
376,88.00021808015919,22.499859457993356,11,15,Library
3853,87.99511359102829,22.49648010710173,3,17,Sports Complex
3616,87.99480057926151,22.49583050202633,16,6,Sports Complex
798,88.00000707959403,22.500162612523134,18,15,Library
378,88.00054745073331,22.499579140451946,4,16,Library
1158,88.00024544137175,22.50004295983495,8,11,Library
3819,87.99560745107101,22.49642631277088,7,6,Sports Complex
2792,88.00422622644211,22.503394943643176,29,12,Cafeteria
2240,88.00432579287552,22.503057608620036,1,12,Cafeteria
4035,87.99543186770674,22.496511056152155,20,18,Sports Complex
2662,88.00423409144919,22.502653788036202,26,19,Cafeteria
4012,87.99588137033302,22.49731655574639,25,6,Sports Complex
2957,88.00485250707459,22.50254546000577,27,20,Cafeteria
3927,87.99563515827431,22.49637691893566,24,7,Sports Complex
1038,88.00005611295464,22.499688570655888,26,16,Library
3259,88.00442606146241,22.502832084252013,16,13,Cafeteria
1344,88.00023738853386,22.50005419389094,1,15,Library
2505,88.0045605796603,22.502882788315826,29,19,Cafeteria
1721,88.00521370270401,22.503052968299958,21,20,Cafeteria
4663,87.99576277985467,22.495855290440844,14,3,other
175,88.00020679581226,22.499919419882698,14,11,Library
4893,87.99451371650214,22.497750836802275,10,12,other
1909,88.00477415504301,22.503205439073703,23,20,Cafeteria
45,87.9998200389479,22.50011719356402,24,14,Library
3409,87.99528968948846,22.496781729900775,14,18,Sports Complex
4674,88.00342896715274,22.498021837711466,9,22,other
1075,87.9998765608542,22.499722008243555,16,11,Library
2829,88.00479739815778,22.503004072097816,14,20,Cafeteria
1504,88.00444957975682,22.503221803811467,18,12,Cafeteria
2309,88.00479460987486,22.50276803813869,6,12,Cafeteria
1436,87.99993782721846,22.499849004843508,17,15,Library
2418,88.00506021697052,22.50297931806114,6,13,Cafeteria
3986,87.99514451786919,22.496564669027588,22,6,Sports Complex
3098,88.0047687508877,22.50331455307201,8,19,Cafeteria
4588,87.99852400377848,22.500837941763272,6,21,other
283,87.9996905461253,22.500190013990924,28,14,Library
4918,88.00640842486365,22.5010440523271,14,11,other
842,87.99971931949462,22.500123004711998,12,15,Library
1513,88.00460876277103,22.50311260420906,2,20,Cafeteria
1168,88.00014868858541,22.50013807498442,0,10,Library
1592,88.00459310388244,22.50311190636412,5,13,Cafeteria
3460,87.99511259539797,22.496322868748084,1,18,Sports Complex
3165,88.00437624473999,22.503023378235632,29,12,Cafeteria
2284,88.00457564665169,22.503332411462846,27,20,Cafeteria
3575,87.9957439678426,22.496889479368466,9,7,Sports Complex
4870,88.0064797128654,22.499032039888785,22,15,other
2305,88.00467349068462,22.50330985743866,3,20,Cafeteria
952,87.99968711514396,22.499983205427487,14,16,Library
4942,88.00219801241285,22.502396237039218,4,11,other
3053,88.00440836301647,22.503432458994517,7,20,Cafeteria
4559,88.00437297061741,22.497515862447152,10,23,other
2685,88.00486670472011,22.503008728402023,2,20,Cafeteria
1489,88.00031564602585,22.500602919168895,12,10,Library
927,88.00009430296876,22.49998445224575,16,11,Library
1209,88.0004373941858,22.50039085333971,28,11,Library
3973,87.99519884653618,22.496897169015206,0,18,Sports Complex
3545,87.99531768748363,22.49681484648186,24,18,Sports Complex
4361,87.99555020012797,22.496776735311542,19,18,Sports Complex
1921,88.00471776346616,22.503008996878645,19,20,Cafeteria
351,88.00036883905423,22.500443827723153,1,11,Library
4898,87.99992612897344,22.497735127945795,29,7,other
3393,87.99542564190406,22.496672618490972,22,6,Sports Complex
2721,88.00423220577296,22.50290362089922,10,13,Cafeteria
4981,87.99349273002996,22.500333830294693,25,20,other
718,87.99990909694695,22.50052493044729,7,14,Library
2702,88.00421173310933,22.50296306704094,0,12,Cafeteria
2722,88.00437192184718,22.502616286124677,16,12,Cafeteria
4561,88.00301667980163,22.503960200044496,2,16,other
308,88.0001367743453,22.499604702324493,13,16,Library
1675,88.00419681347093,22.502515611912866,12,13,Cafeteria
833,87.99980805060872,22.499910742699797,4,10,Library
366,88.00005602312045,22.500258136551086,13,14,Library
4506,87.99435394702763,22.502119000445038,17,3,other
2078,88.0042552866668,22.502866263049846,22,13,Cafeteria
4038,87.99579921637293,22.496576115719055,1,17,Sports Complex
4846,88.00010990101805,22.497809991451135,3,18,other
4479,87.99531315437467,22.496599374760663,21,6,Sports Complex
1746,88.00456509183701,22.50303162638381,6,12,Cafeteria
19,87.99964692407467,22.500463523141583,18,16,Library
1322,87.99998237530548,22.49998777570413,0,11,Library
3567,87.99528508664346,22.496619857807712,5,6,Sports Complex
2521,88.004706830086,22.50302721964032,28,20,Cafeteria
218,87.99987865911304,22.500177362954286,27,11,Library
1487,87.999559797797,22.50002334309357,24,16,Library
438,87.99957415439016,22.500271446581234,21,14,Library
4174,87.99585335508877,22.496290225503234,14,17,Sports Complex
2750,88.00414667630571,22.502786688968865,3,20,Cafeteria
3288,88.00446203213205,22.50305581990083,0,19,Cafeteria
3433,87.99589223999726,22.49622815708146,20,17,Sports Complex
2525,88.00434570697175,22.502633588724777,25,12,Cafeteria
4650,88.00007757609683,22.504837830134427,3,5,other
3688,87.99557548406983,22.496883096859115,14,17,Sports Complex
2763,88.00445093567586,22.503532935339244,23,13,Cafeteria
802,88.00002403019424,22.49990400718201,28,15,Library
2997,88.00425934459905,22.502696273400346,20,19,Cafeteria
2228,88.00424116268927,22.502771480386954,2,19,Cafeteria
4785,87.99849919799941,22.49567732359126,14,1,other
2077,88.00424490975519,22.503241312739174,15,13,Cafeteria
582,88.00015819546653,22.499639036295967,5,15,Library
203,88.000263450513,22.50027742496049,29,15,Library
4346,87.99534773158993,22.497353956063446,24,18,Sports Complex
3478,87.99569450976232,22.496299825008833,1,6,Sports Complex
2929,88.00452652371331,22.503133450119897,18,20,Cafeteria
3085,88.00455447963073,22.502760404782215,21,12,Cafeteria
1018,87.99991991317295,22.499942550092356,18,11,Library
1583,88.00421608660379,22.50297245653282,13,19,Cafeteria
1032,88.00009980578065,22.500138878161586,0,16,Library
1718,88.00480039487356,22.50256777912461,1,13,Cafeteria
1281,87.9999618825409,22.499837558693287,6,16,Library
2498,88.00455832306248,22.50257912800513,12,19,Cafeteria
3350,87.99505289718866,22.496357544437867,24,7,Sports Complex
517,87.9997556111888,22.4994990344089,16,14,Library
1747,88.0042157456579,22.502945244279115,8,19,Cafeteria
4652,88.00275437400293,22.503728064681148,29,6,other
3732,87.99526504234302,22.49620288337027,21,7,Sports Complex
668,87.99933725754791,22.499941495035223,27,15,Library
4059,87.99526923655283,22.496712972077038,14,18,Sports Complex
3026,88.00531253847541,22.50367636083063,29,20,Cafeteria
4932,87.99895687978832,22.504827378845288,12,14,other
3286,88.0047182841051,22.503082227248452,23,20,Cafeteria
2650,88.00458669092664,22.502762725782002,26,19,Cafeteria
4453,87.99541220821487,22.496472436489814,4,17,Sports Complex
3192,88.00464378860686,22.50338177730242,16,19,Cafeteria
2124,88.00455147963191,22.502865121259276,16,12,Cafeteria
3375,87.99586634944983,22.496447010877823,15,18,Sports Complex
3392,87.9950013320212,22.49714076033869,4,6,Sports Complex
3485,87.99548958172909,22.4963855242992,27,18,Sports Complex
759,88.00017507746985,22.5000497370367,17,15,Library
3379,87.99530710931599,22.496546724796673,22,6,Sports Complex
4440,87.99515324207844,22.49629128635882,22,7,Sports Complex
2526,88.00416865139196,22.503520180442095,19,13,Cafeteria
4858,87.9957234196486,22.503001995796517,26,20,other
907,88.00018656339151,22.50020743310447,19,10,Library
2683,88.0043392359687,22.503082010055834,15,19,Cafeteria
214,87.99992118268884,22.499866167953513,11,15,Library
3331,87.99573728948982,22.496620259137313,6,17,Sports Complex
4458,87.99530780573166,22.497107166977596,23,6,Sports Complex
693,88.00015398390174,22.49965920649885,15,14,Library
1503,88.00472928942428,22.503094373264222,1,13,Cafeteria
2414,88.00468332536903,22.503740822224202,19,13,Cafeteria
2118,88.00506998189998,22.502877843298734,1,19,Cafeteria
3858,87.99497298826981,22.496629922367216,5,6,Sports Complex
2462,88.00472745349249,22.502710466720316,6,20,Cafeteria
3635,87.9955145396442,22.496889183676302,3,7,Sports Complex
4105,87.99552508399387,22.49667744172104,15,6,Sports Complex
4478,87.99584820404283,22.496495703213274,7,7,Sports Complex
196,87.99977903564096,22.49974991716885,24,15,Library
4667,87.99912886835482,22.497054199398438,16,1,other
1543,88.00418052001325,22.50337246800922,26,19,Cafeteria
1330,88.00038268770808,22.499574032103293,4,14,Library
879,88.00029709831836,22.500065070126645,6,15,Library
4502,88.00460874090793,22.494789213238015,14,23,other
3501,87.9954150959373,22.49710568128314,3,18,Sports Complex
3894,87.99523378976745,22.49633745937651,4,6,Sports Complex
4990,87.99655850703941,22.502165059517107,14,6,other
887,87.99991017697731,22.49976894171393,23,10,Library
1345,87.99962877550789,22.499725674368094,20,10,Library
68,88.00009040900626,22.49960936353578,17,14,Library
4210,87.99540222741354,22.495957140836307,2,6,Sports Complex
1815,88.00444650696642,22.502578176392028,25,19,Cafeteria
568,87.99953230201974,22.500355687034023,28,11,Library
2167,88.00442961271078,22.50345484076897,7,13,Cafeteria
96,88.00007403006927,22.50015478856525,18,11,Library
4181,87.99571406054655,22.496786297234742,16,17,Sports Complex
3353,87.99506419729842,22.496535941680865,14,17,Sports Complex
139,87.9996922839209,22.499733116771438,28,10,Library
4954,88.00465712103154,22.501606838724577,8,12,other
2602,88.00461788003827,22.503490399965756,29,13,Cafeteria
4023,87.99550501774777,22.49653557951655,3,18,Sports Complex
4772,87.99706505277932,22.49617175493127,28,4,other
1606,88.00486298477756,22.503418966346924,19,13,Cafeteria
1629,88.00466027407985,22.50324378309117,11,13,Cafeteria
1539,88.00467835632263,22.503131253672688,10,13,Cafeteria
1694,88.00461481593791,22.5029880406578,1,19,Cafeteria
2059,88.00430180758512,22.502703806797353,24,19,Cafeteria
463,88.00005349497768,22.500161303896487,20,14,Library
2330,88.00456079924933,22.50296533755931,15,19,Cafeteria
3043,88.00490280103281,22.50272521147389,2,13,Cafeteria
4734,88.00359844876246,22.501813829407627,20,22,other
594,88.00025938498607,22.500259777946855,22,10,Library
3814,87.99538288865092,22.496207981634697,27,17,Sports Complex
625,87.99987219608089,22.500136779778792,17,11,Library
450,87.99998433022569,22.499556741882948,23,10,Library
1499,88.0001481317373,22.499961185237794,8,16,Library
2456,88.00474177450856,22.50297782102498,17,13,Cafeteria
4722,88.0011852414444,22.499726131309334,26,18,other
2984,88.0045190504394,22.503434455295963,12,13,Cafeteria
1569,88.00444862831306,22.50263820259694,25,12,Cafeteria
1034,87.99987920338442,22.499895658296598,6,14,Library
3518,87.99606450392976,22.496696550714702,5,18,Sports Complex
1557,88.00428851862573,22.502979095651135,18,12,Cafeteria
3624,87.99591901248601,22.496977946129654,26,17,Sports Complex
4664,87.99430169189517,22.496478575637227,24,12,other
150,88.00006262321259,22.500144908293304,19,16,Library
1420,88.00013457401977,22.4998202919031,9,10,Library
2011,88.00471577529491,22.502348226905657,16,19,Cafeteria
2686,88.00440089858512,22.503356787923487,20,12,Cafeteria
1786,88.00443336701142,22.50287847212528,9,19,Cafeteria
88,87.99986755994905,22.499793102444837,21,16,Library
457,87.9997411894194,22.500784437133415,19,15,Library
1305,87.99977538300455,22.499555938416634,3,15,Library
2925,88.00439212893458,22.503258771274215,1,13,Cafeteria
3270,88.00390243382041,22.502917792130777,0,13,Cafeteria
3227,88.00437603799874,22.5024519714018,15,13,Cafeteria
1988,88.00416596259753,22.50283919457757,27,13,Cafeteria
3754,87.99513168468565,22.496001260089866,8,7,Sports Complex
3646,87.99558592453863,22.49745018592882,15,6,Sports Complex
831,87.99977033701337,22.499982100187037,3,10,Library
239,88.0002131083337,22.500427653343145,12,11,Library
4681,87.99969225629323,22.49978513840679,15,6,other
3022,88.0043212177908,22.50313218217709,26,20,Cafeteria
3148,88.00398878412483,22.50360861405913,0,19,Cafeteria
1946,88.00444701347381,22.5026749454679,19,20,Cafeteria
2775,88.00411353140333,22.5030585221036,0,12,Cafeteria
192,88.00005352343604,22.500217824324363,11,11,Library
4849,87.99630332504871,22.50248592352777,27,3,other
4939,88.00346539647808,22.4947277998864,16,6,other
944,88.00046165924901,22.49987425630736,28,16,Library
1268,87.99981611751436,22.49987089258903,0,16,Library
4231,87.99589277116667,22.49606207022962,21,18,Sports Complex
2307,88.00442780126185,22.503184259565426,0,19,Cafeteria
4424,87.99582568666177,22.49650556803044,6,7,Sports Complex
4711,88.00019838765391,22.497580243567835,15,23,other
2313,88.00475875298713,22.503152672831288,17,13,Cafeteria
3214,88.00466032030039,22.50306346683069,13,13,Cafeteria
2732,88.00466953731019,22.503619365165473,27,13,Cafeteria
1926,88.0045615205128,22.50290728260919,18,13,Cafeteria
4227,87.99546178241692,22.49657526118003,12,7,Sports Complex
4676,87.99515357207413,22.50279288257203,16,20,other
800,88.00023457095149,22.50026298690443,28,10,Library
3671,87.99572290455545,22.496463744236873,25,17,Sports Complex
4193,87.99564422921272,22.4966634818304,4,18,Sports Complex
2968,88.0044983741684,22.50333271459078,29,13,Cafeteria
4793,88.00093540056216,22.50387259456579,22,23,other
4368,87.99483689659735,22.496211263759694,6,7,Sports Complex
2776,88.00461431390016,22.50312942269009,14,20,Cafeteria
2970,88.00426846760588,22.503123120979478,18,20,Cafeteria
3867,87.9957209965122,22.496788944976206,4,17,Sports Complex
1743,88.0045309837459,22.502684753572264,28,19,Cafeteria
3948,87.99568065705803,22.49670862852295,4,6,Sports Complex
3802,87.99575786717081,22.49599959651494,14,18,Sports Complex
2024,88.00448273382388,22.502986732731184,15,13,Cafeteria
2274,88.00416832458728,22.502821086049202,3,19,Cafeteria
99,87.99994135321666,22.499817999264693,23,16,Library
4921,88.0008676533504,22.503837517730048,1,5,other
3407,87.99608675923668,22.496437452590403,2,7,Sports Complex
4245,87.99540006043115,22.496787672518845,27,18,Sports Complex
4619,88.00522343591852,22.49431266663354,4,16,other
4916,88.00483900368542,22.498563454674034,15,20,other
191,88.00021409969858,22.499881274085844,0,14,Library
4696,88.00670247080463,22.494962742752612,4,21,other
1784,88.00408174769447,22.503115607366382,27,20,Cafeteria
1532,88.00480546287535,22.502751801959505,25,12,Cafeteria
2834,88.00447959315646,22.503057666804164,26,19,Cafeteria
4444,87.99510966371227,22.496838151454345,29,6,Sports Complex
4915,87.99423729544345,22.494114531510988,10,21,other
1598,88.00488252790656,22.502957172223553,11,12,Cafeteria
1779,88.00473567733904,22.502261558365927,2,13,Cafeteria
4900,87.9974639527886,22.49798854727853,6,18,other
2574,88.00453120546418,22.50259086255348,27,12,Cafeteria
3398,87.99579294690413,22.496881245286428,12,18,Sports Complex
3975,87.99640046333624,22.49667798736117,15,6,Sports Complex
3770,87.9955119716396,22.49603055909547,7,6,Sports Complex
166,88.00020551504,22.499750174441925,22,11,Library
1751,88.00457480967734,22.502538188404152,13,12,Cafeteria
1479,87.99989063542492,22.50004995260843,29,14,Library
1024,88.00043188579252,22.500230450375494,28,14,Library
1788,88.00451606218918,22.502757282441156,23,12,Cafeteria
2264,88.00443387492174,22.503271728525743,10,19,Cafeteria
2473,88.00459538432719,22.502768085843968,7,19,Cafeteria
1822,88.00416499777998,22.503311732930253,15,12,Cafeteria
1220,87.99970310039524,22.500488539358436,21,11,Library
1666,88.00483226959699,22.503267987993674,29,13,Cafeteria
2960,88.00450257280059,22.503045867644502,13,19,Cafeteria
152,87.9998299938196,22.500048596075395,18,15,Library
2534,88.00411171980352,22.503377874373335,24,12,Cafeteria
4688,88.00402880072124,22.494777717907848,5,21,other
1978,88.00428417518776,22.503229183003423,2,13,Cafeteria
1469,88.00011115066705,22.500067514339598,29,11,Library
2807,88.00471122263137,22.502957656495955,5,12,Cafeteria
2512,88.00411459188967,22.50318951111232,29,20,Cafeteria
2943,88.0047844065545,22.50243499137161,22,20,Cafeteria
2980,88.00441406994445,22.503442700831584,6,13,Cafeteria
4822,87.99814211526662,22.50571992764652,11,4,other
3017,88.00498407443938,22.502718155631563,24,12,Cafeteria
1566,88.00446944094696,22.502567255122322,14,13,Cafeteria
31,88.00046306954613,22.49955789015861,3,16,Library
937,88.00017708911183,22.50020651179286,1,11,Library
1215,88.00031193551817,22.499474993373088,25,10,Library
1937,88.00465655353288,22.50294920201945,19,20,Cafeteria
1129,88.00008219060257,22.49988012675815,7,11,Library
309,87.9999494518369,22.500223759578518,1,11,Library
4901,88.00505970054176,22.50296464898507,5,22,other
2168,88.00389898787533,22.502531831519217,24,19,Cafeteria
3113,88.00428994294506,22.503075770247115,18,13,Cafeteria
495,88.00013472751093,22.50026753755958,12,15,Library
205,87.99976554374003,22.499939685586344,12,14,Library
2673,88.00476018502302,22.503401153149905,12,20,Cafeteria
3357,87.99532617213177,22.496360585545492,29,17,Sports Complex
3830,87.99539115998674,22.49627525548916,4,7,Sports Complex
305,88.00002933184582,22.49960396601425,2,15,Library
3793,87.99562474440424,22.496410887204895,10,6,Sports Complex
2201,88.00441277883405,22.502904592250875,18,13,Cafeteria
1061,87.99928786434484,22.50002142179035,9,10,Library
843,88.00009560243655,22.499868491289334,3,14,Library
3872,87.9956848126016,22.495865545212226,24,7,Sports Complex
2251,88.0045456147993,22.502970082469087,2,12,Cafeteria
211,88.00028389141005,22.499969904709012,26,16,Library
3997,87.9957770241026,22.496663983260987,25,17,Sports Complex
679,88.00031788877375,22.50000169996114,0,10,Library
565,87.99989798115675,22.499854310335596,14,15,Library
3290,88.00376013496334,22.502724465353225,23,19,Cafeteria
4354,87.99515545543385,22.496368425114085,5,7,Sports Complex
680,88.00018041801601,22.49995249024125,20,16,Library
180,88.00015641683694,22.500100932522585,9,14,Library
4279,87.99508749952534,22.49650991209229,27,17,Sports Complex
2495,88.004504334383,22.502783334369315,19,13,Cafeteria
2316,88.00435117221289,22.50308274374043,5,19,Cafeteria
4273,87.99491711537662,22.496653080435966,18,6,Sports Complex
278,88.00001745052124,22.49989267444387,12,11,Library
3683,87.99612358967526,22.49602143573855,1,6,Sports Complex
4762,87.99334600131144,22.501414842786797,25,4,other
432,87.99993264829139,22.499883672385806,15,16,Library
289,87.99984432512005,22.500335112611506,24,11,Library
1027,88.00003000783168,22.500151712648304,0,14,Library
535,88.00001184966783,22.500689915009726,29,15,Library
3631,87.99579799347788,22.49647149040428,2,17,Sports Complex
188,87.99978830157048,22.500070821967885,26,11,Library
2174,88.00488882503471,22.50363537708021,29,12,Cafeteria
3915,87.9954050462029,22.496479873960922,21,18,Sports Complex
1862,88.00480304873605,22.502627306916636,19,20,Cafeteria
270,88.00036031832227,22.500010900611592,20,15,Library
1728,88.00420655219664,22.502899731366412,6,13,Cafeteria
4075,87.99532819448679,22.496258495590066,21,17,Sports Complex
2157,88.00421541942843,22.503467714573592,15,13,Cafeteria
3931,87.99531715484507,22.496532924444416,5,6,Sports Complex
111,87.99999337153113,22.499609202297826,23,16,Library
2384,88.00479456968691,22.50319449181281,6,13,Cafeteria
220,88.00057866464167,22.500128276449544,12,15,Library
627,87.99996855326998,22.500278580423668,21,16,Library
1181,88.00034800057159,22.499924488625126,27,10,Library
3381,87.99519989514967,22.49605702724422,4,18,Sports Complex
2422,88.00437937308236,22.50275539856705,19,19,Cafeteria
790,88.00010740455478,22.500434724915948,17,10,Library
4275,87.99600908846132,22.495686102946053,4,18,Sports Complex
461,88.000008815888,22.500071388518716,15,14,Library
4402,87.99524059306599,22.495616789923123,13,6,Sports Complex
551,87.99996108069115,22.499783217446073,15,10,Library
3129,88.00409896242424,22.502975909819337,6,13,Cafeteria
1444,88.00009992198794,22.500081014257056,19,15,Library
198,88.00001455217961,22.500128476962416,17,11,Library
2589,88.00453603608482,22.50261723731526,28,19,Cafeteria
402,88.00000131092493,22.500293281159397,26,15,Library
3959,87.9951054500667,22.49697945387818,10,6,Sports Complex
4189,87.99607026148111,22.496121005814896,10,7,Sports Complex
4763,88.00564364196022,22.50233262543014,1,6,other
2095,88.00498625205306,22.5026357764201,21,12,Cafeteria
2900,88.00435745563982,22.50264472881838,21,19,Cafeteria
4462,87.99520973786898,22.496465699661627,27,17,Sports Complex
650,88.00046223902373,22.499956036398892,17,14,Library
708,87.99947951764803,22.499921735492368,6,14,Library
1480,88.00018059533946,22.500066005020333,8,16,Library
4414,87.99579855531589,22.496657971641753,16,7,Sports Complex
3065,88.004340202293,22.502910568378436,1,19,Cafeteria
2395,88.0043120067036,22.502802521957182,3,20,Cafeteria
1769,88.00449622598094,22.502810607293945,22,20,Cafeteria
314,88.0003263697018,22.499932867338025,15,14,Library
3761,87.99576351187854,22.49631958575442,21,18,Sports Complex
4909,87.9959287183468,22.5037095267043,2,6,other
113,88.00061581052812,22.499980540700747,26,11,Library
960,88.00016068068997,22.50001898881698,29,15,Library
2910,88.00455750089104,22.50355369367078,29,13,Cafeteria
3405,87.99557138035014,22.4965683067165,13,6,Sports Complex
1623,88.00450554582119,22.50345566330665,24,19,Cafeteria
3322,87.99570547013711,22.495969955078163,5,18,Sports Complex
4999,88.0005568432834,22.50273482859735,21,7,other
1818,88.0043709052466,22.502658906163877,22,13,Cafeteria
3194,88.00469322312233,22.5034880143098,7,12,Cafeteria
3007,88.00504871824369,22.502945717686107,10,13,Cafeteria
3414,87.99529321357818,22.496040628958383,27,18,Sports Complex
4528,87.99595756623134,22.494465743772324,25,14,other
1897,88.00419941294298,22.50300382137199,7,20,Cafeteria
1918,88.00452755072747,22.503138545814615,14,20,Cafeteria
1270,88.00027282753015,22.49994853514228,25,11,Library
4176,87.99559591359423,22.496533259759847,7,6,Sports Complex
4962,87.99832481839749,22.501221682707587,22,1,other
4883,88.00117700673907,22.49831491681499,2,4,other
4094,87.9956270484962,22.49577846691076,29,7,Sports Complex
3159,88.00499050453624,22.502804752192503,8,20,Cafeteria
1813,88.00502644356267,22.503568042517426,19,12,Cafeteria
2426,88.00453118790368,22.502923794078296,12,20,Cafeteria
3950,87.99522881923765,22.496073638376618,1,7,Sports Complex
4428,87.99527594872322,22.49637117960125,6,18,Sports Complex
2142,88.0048882556049,22.503016737690377,18,20,Cafeteria
1626,88.00461395146071,22.502665312526254,1,20,Cafeteria
789,87.99958475976662,22.500355592465425,5,10,Library
3786,87.99603176772288,22.49634135916592,20,6,Sports Complex
1864,88.00422414326015,22.50299981809474,27,19,Cafeteria
2865,88.00422340220845,22.502777931183847,19,19,Cafeteria
871,87.99980042568886,22.499862928175876,2,11,Library
3271,88.0041150003008,22.503074830291265,9,12,Cafeteria
3833,87.99546075574474,22.496586990786792,5,17,Sports Complex
73,88.00039116091395,22.499660854548843,17,16,Library
1752,88.00479340015724,22.50267807656147,3,19,Cafeteria
1421,88.00026812683433,22.50018625132822,28,14,Library
4221,87.9952672339287,22.49651195036267,17,6,Sports Complex
4693,88.00294587721737,22.504115287678527,0,18,other
4369,87.99544398646425,22.49607971335006,11,18,Sports Complex
4575,88.00147539851218,22.50257811514614,13,14,other
3809,87.99624088106924,22.496401901050422,19,7,Sports Complex
2244,88.00437378663082,22.503197408333676,4,13,Cafeteria
3047,88.00468132394876,22.502905703426634,16,19,Cafeteria
2445,88.00410411450747,22.50254672168104,14,12,Cafeteria
494,88.00038078101932,22.500087862051885,8,16,Library
3130,88.00495849862652,22.503259615540223,24,20,Cafeteria
4321,87.99571448886259,22.496064994944877,9,6,Sports Complex
4397,87.995392388685,22.49600621920022,12,6,Sports Complex
1164,88.000255642608,22.500115801573024,15,16,Library
3734,87.99540157874162,22.49644627475655,25,6,Sports Complex
1730,88.0040250438013,22.50315378198086,16,19,Cafeteria
4812,88.00415175072342,22.50099743993867,27,15,other
2402,88.00429974549239,22.502768085232496,13,12,Cafeteria
3403,87.99561313651564,22.496688012935092,5,6,Sports Complex
618,88.00012025230794,22.4993594165853,1,15,Library
1697,88.00457047457425,22.503475429870218,7,13,Cafeteria
3593,87.99571132351436,22.496386340322722,29,18,Sports Complex
1957,88.0045907076079,22.50328454000408,3,19,Cafeteria
1221,88.00007745517756,22.499873563323934,4,14,Library
2073,88.00450485153968,22.502917543296835,15,19,Cafeteria
3410,87.9957879388493,22.49646592891089,20,6,Sports Complex
869,88.00050255113469,22.500308952905,22,16,Library
2718,88.00430329374227,22.502290163845927,24,13,Cafeteria
1042,88.00026967020835,22.499945745737392,17,14,Library
1361,88.0001448228749,22.500120969162797,16,11,Library
356,87.999995371716,22.500348116325018,28,15,Library
1162,87.9996526068833,22.500149307054564,5,16,Library
2765,88.00512869446523,22.50348513805238,17,20,Cafeteria
3252,88.00448119987256,22.503184063773944,13,13,Cafeteria
1438,88.0001227437379,22.49959012895937,9,15,Library
3603,87.99558536182957,22.49636336193651,26,17,Sports Complex
4940,88.00518373051491,22.495664870245317,23,8,other
4593,88.0028324032574,22.505555762976783,11,21,other
3639,87.99612808369695,22.496365916777595,29,7,Sports Complex
1253,88.00009351414246,22.499962290572107,27,14,Library
3365,87.99572783798757,22.49692355813338,27,17,Sports Complex
332,88.00001895113955,22.500238284158478,14,15,Library
3694,87.99582121886924,22.49674789317688,24,18,Sports Complex
3568,87.99543067422945,22.49605292010326,24,6,Sports Complex
2728,88.00466607048152,22.502928623901468,19,20,Cafeteria
3667,87.99557339012226,22.49646626537729,16,17,Sports Complex
1630,88.00466044207184,22.50309335482233,9,12,Cafeteria
1116,88.00060085389632,22.499816456550306,29,15,Library
1849,88.00489089564961,22.503296408675382,25,13,Cafeteria
3554,87.99552096842093,22.496563118541733,27,6,Sports Complex
3153,88.0044914525417,22.502551071387764,20,12,Cafeteria
3265,88.00469952695147,22.503045172956195,19,13,Cafeteria
1665,88.00435337248678,22.50330631462208,9,12,Cafeteria
445,88.00016741813721,22.49990759741599,27,16,Library
2245,88.00437301232749,22.503234809061674,3,13,Cafeteria
452,87.99975356848842,22.499773566924784,11,16,Library
1551,88.00453907998565,22.502999598216814,4,12,Cafeteria
4434,87.99533909051173,22.496506649678793,29,7,Sports Complex
2954,88.00484000043643,22.503037033303738,25,20,Cafeteria
14,87.99956877054187,22.49997932982854,25,11,Library
3628,87.99520333047563,22.49667039472414,3,6,Sports Complex
945,87.99973247880841,22.500065871803834,7,10,Library
247,87.99983666769185,22.500125273542483,13,14,Library
4697,87.99482311662341,22.498339978830433,17,16,other
360,88.00012983662856,22.499966422814634,2,10,Library
4656,87.99621160877375,22.49419296103687,2,16,other
1614,88.00458215718412,22.502885853275146,17,12,Cafeteria
2303,88.00419981928566,22.50314182564254,11,13,Cafeteria
4141,87.9955509659489,22.49614884435916,10,6,Sports Complex
3168,88.00415673547114,22.50311266647661,18,19,Cafeteria
2478,88.00441627829939,22.50316314891192,14,12,Cafeteria
4214,87.99561762639438,22.49696302415612,10,17,Sports Complex
4180,87.99534655042149,22.496523872373913,23,18,Sports Complex
4884,87.99927976798465,22.495671710199186,25,23,other
3163,88.00495620587368,22.50275393144521,16,13,Cafeteria
490,87.99999800683968,22.500200102381307,4,11,Library
862,88.00038687630033,22.499619410203447,27,10,Library
1740,88.00442200720339,22.502188563060642,14,12,Cafeteria
4099,87.99563765329836,22.49616472525618,10,7,Sports Complex
4385,87.99582651337433,22.496516261445606,25,18,Sports Complex
2447,88.00496618767266,22.503270623107017,7,20,Cafeteria
4230,87.9954288386001,22.496216592586414,9,6,Sports Complex
506,87.99985190151894,22.50000030136884,7,11,Library
2677,88.00427376687671,22.503130238827517,20,13,Cafeteria
2995,88.00453446721234,22.503084596025513,10,20,Cafeteria
1942,88.0050656146948,22.503376390904332,14,13,Cafeteria
1222,88.00015844422023,22.499735273103237,19,11,Library
1113,88.00012392047199,22.499998369671193,5,10,Library
1905,88.00463838038301,22.502937437153857,11,20,Cafeteria
3423,87.99514454651712,22.496764314740833,6,17,Sports Complex
1877,88.00411250958516,22.502452638729643,15,19,Cafeteria
4672,87.99647645876234,22.499410280191412,19,16,other
433,88.00017938556395,22.499973512911424,29,10,Library
2364,88.0047302500117,22.50251033317778,19,12,Cafeteria
3154,88.00416511040946,22.50352993507799,7,19,Cafeteria
2835,88.00497069096068,22.503294356648347,11,12,Cafeteria
2092,88.00411495145929,22.502420250682487,16,13,Cafeteria
3010,88.00446620610492,22.502661075654597,20,12,Cafeteria
3162,88.00440971857927,22.50258766503242,19,19,Cafeteria
2945,88.0046549438441,22.503143081690563,17,13,Cafeteria
3916,87.99467550377847,22.496333580340586,2,6,Sports Complex
2916,88.00435804812335,22.50296161471498,21,19,Cafeteria
1102,88.0005220936762,22.499841159402795,19,16,Library
1448,88.00030957076785,22.49995327596046,24,15,Library
1720,88.00418013498368,22.50305240829066,19,12,Cafeteria
4518,88.00682439263744,22.501741268119037,6,3,other
3842,87.9947785081016,22.49641884602268,1,18,Sports Complex
156,88.00046644362779,22.500042115244067,17,16,Library
2978,88.00486060076153,22.50302772113273,6,19,Cafeteria
1773,88.0047576931078,22.50314422374827,15,20,Cafeteria
615,88.00003230529549,22.49987169660838,16,10,Library
643,87.99962421426171,22.500060988299477,28,15,Library
1935,88.00490872058063,22.503006624458834,8,12,Cafeteria
4277,87.99518967629079,22.49685978565079,7,18,Sports Complex
1068,87.99988307469967,22.500214612779164,28,16,Library
4454,87.9960758742333,22.496956953950534,14,18,Sports Complex
4154,87.9949319587633,22.49622950819419,28,7,Sports Complex
4239,87.99483860378074,22.496731807413827,9,17,Sports Complex
4868,88.00448089767362,22.502234349356225,20,20,other
330,87.9999969383068,22.500177053605814,10,15,Library
2057,88.00477110569253,22.50319212377055,7,12,Cafeteria
2646,88.00489100105986,22.50279960919858,23,19,Cafeteria
2191,88.00466903557971,22.50340058589921,15,19,Cafeteria
622,88.00047050612412,22.499995184905067,16,15,Library
1595,88.00422448345337,22.50344865224064,4,19,Cafeteria
2915,88.00449005340008,22.502460170419326,7,20,Cafeteria
4821,87.99538114118575,22.501140947226045,11,9,other
3898,87.99554806946361,22.496052442450814,21,6,Sports Complex
1919,88.0047689170262,22.502995652180804,11,12,Cafeteria
4173,87.9949882613407,22.49640837674718,10,7,Sports Complex
4477,87.99503959660694,22.49705822207283,10,18,Sports Complex
755,88.00065809551621,22.500090907970655,5,15,Library
518,88.00002483307635,22.500158854507553,4,16,Library
3803,87.99571660111556,22.49600268710517,25,6,Sports Complex
32,87.99999662569381,22.500080791928546,17,10,Library
2937,88.00427062990504,22.503119874322422,8,12,Cafeteria
1157,88.00056310895134,22.50022256187521,22,11,Library
744,88.00012941475512,22.500404303143743,23,16,Library
1497,88.00030209155764,22.49968955985613,28,14,Library
3459,87.99507217238477,22.496240069291982,6,7,Sports Complex
3755,87.99533356294366,22.49615894160834,11,7,Sports Complex
2591,88.0042789023008,22.5027868805929,9,13,Cafeteria
783,88.00015264643632,22.499754708617214,18,14,Library
3493,87.99598679174187,22.49652562680761,5,6,Sports Complex
2949,88.00464591197628,22.502562847040785,24,13,Cafeteria
229,88.00016989943724,22.5004595459192,23,16,Library
857,88.0001178538891,22.500035847116834,24,15,Library
2266,88.0051489302828,22.502814691373565,6,19,Cafeteria
4274,87.99520230211368,22.49630265308385,27,7,Sports Complex
408,88.00003007390792,22.4997015187484,16,16,Library
170,87.9997776213926,22.49994026697521,1,14,Library
540,88.00020892302801,22.49982632171723,25,15,Library
2210,88.00464270880966,22.502448873408856,16,20,Cafeteria
2304,88.00444550892009,22.502582904967852,12,12,Cafeteria
2567,88.00459644937077,22.502151869567783,14,13,Cafeteria
613,87.99971862773818,22.499749453136054,19,15,Library
2101,88.00444182443742,22.5030012598132,9,19,Cafeteria
1808,88.00435233234359,22.503182605422502,19,20,Cafeteria
3438,87.99511873007681,22.496033830411363,9,7,Sports Complex
1161,88.00057273564315,22.499776232539432,15,11,Library
4225,87.99485119371558,22.496303243180325,12,7,Sports Complex
3119,88.00411501318042,22.50306684679016,18,19,Cafeteria
3652,87.99567652777301,22.496567416701655,19,18,Sports Complex
1610,88.00433501493416,22.50318073362387,1,20,Cafeteria
1932,88.00468352727277,22.50326599796059,23,19,Cafeteria
3027,88.00474236127434,22.503117600775035,27,13,Cafeteria
564,88.00030030348054,22.50006634058735,17,16,Library
3571,87.99557959177766,22.496356737924895,9,6,Sports Complex
4247,87.99525008538969,22.496499213829384,14,18,Sports Complex
2388,88.00412941200283,22.50278792406423,11,20,Cafeteria
1471,87.99984755427393,22.499982841488478,29,15,Library
2630,88.00431031273204,22.502876725417263,29,12,Cafeteria
1835,88.00422807617133,22.50354012033507,0,19,Cafeteria
4928,88.00032561267417,22.500335328044972,25,17,other
3475,87.9957070838174,22.49623925743138,4,6,Sports Complex
1533,88.00371421031514,22.50349444944737,9,20,Cafeteria
4327,87.99518715837279,22.495867343622788,3,6,Sports Complex
2484,88.004400933062,22.5029884786993,19,20,Cafeteria
4207,87.99561257843087,22.49688907101595,3,18,Sports Complex
1172,88.00002605027599,22.500065110565835,26,11,Library
1427,87.99972419790856,22.500053678295792,24,16,Library
325,87.9996964528468,22.50011048516239,8,14,Library
1051,88.00009895088336,22.499530018903716,10,14,Library
3319,87.99497875050746,22.49636896348838,21,7,Sports Complex
4721,88.0000934804795,22.498416465589404,5,0,other
3864,87.99606765581173,22.496015123818545,3,17,Sports Complex
2603,88.00464827662685,22.503299105913474,13,20,Cafeteria
1738,88.00407199723142,22.503274300679294,23,12,Cafeteria
1196,87.99999509055027,22.50027044168192,8,10,Library
620,87.99980238138613,22.500603153855405,3,11,Library
1374,88.00036779258187,22.49999223526678,14,14,Library
2879,88.00435727925633,22.50260987260026,21,12,Cafeteria
1189,87.99975791388628,22.500153117198504,3,14,Library
328,88.00015602995427,22.499975352966928,18,10,Library
648,87.99994226636744,22.499974186309963,13,16,Library
897,88.00003667842161,22.49974901065698,23,14,Library
3882,87.99570688168598,22.496297930294503,14,18,Sports Complex
1123,87.99971424877182,22.5003526147863,7,15,Library
1891,88.00461503087877,22.50293967955607,16,12,Cafeteria
4643,87.99625674224413,22.49633467393427,0,23,other
4791,87.99398226710694,22.49698336942826,13,23,other
4529,87.99563027154517,22.494418390875804,8,22,other
4234,87.99556362343141,22.496725959327637,21,7,Sports Complex
1593,88.00431767795794,22.503019218201057,9,13,Cafeteria
3312,87.99638562938404,22.496489568676353,15,18,Sports Complex
2547,88.00458148567584,22.50242347318538,11,19,Cafeteria
1545,88.00446915276085,22.50265539701038,11,19,Cafeteria
4336,87.9955161740613,22.496770857010706,25,17,Sports Complex
1023,88.00053556758965,22.499921617578458,23,11,Library
1971,88.00469582502468,22.50270094271141,16,13,Cafeteria
4988,88.00646507046677,22.49448806422044,21,3,other
1714,88.00456730666731,22.50244100568051,24,20,Cafeteria
1717,88.00401899622709,22.502814988661267,14,19,Cafeteria
1477,88.00010488311098,22.499788421005633,24,14,Library
809,87.99977634817445,22.500221913856468,3,14,Library
2850,88.00442723014538,22.502985121091644,10,19,Cafeteria
978,87.99960402429413,22.49966534855007,29,16,Library
4687,87.99752397688763,22.501657673861892,1,3,other
4895,88.00037953755495,22.500262223333944,0,19,other
1684,88.00482496384657,22.503232693947837,20,12,Cafeteria
4660,88.00410645439868,22.500684081848274,24,0,other
1514,88.00415945145129,22.502379805533984,0,19,Cafeteria
2404,88.00479983735652,22.503011090256166,28,19,Cafeteria
2021,88.00491890244794,22.502869372014732,5,12,Cafeteria
4553,87.99805766420698,22.49473415857102,11,4,other
1767,88.0042641804701,22.503040515647836,16,13,Cafeteria
174,88.00006917269984,22.500403843922367,0,10,Library
1554,88.00362965836545,22.5027797060587,16,20,Cafeteria
4215,87.99567503949038,22.496306913701684,0,6,Sports Complex
1482,88.00043174096281,22.500183123025696,1,16,Library
4461,87.99510652996608,22.4964645072596,29,18,Sports Complex
217,87.99994079534831,22.500047624919944,11,16,Library
3914,87.99553609115387,22.496941902092438,25,18,Sports Complex
3720,87.99599197665914,22.4965767581196,19,17,Sports Complex
690,87.99990975845854,22.49960046891203,27,16,Library
2577,88.00420976334433,22.5027630676978,3,20,Cafeteria
2233,88.00433421162697,22.503183515872106,15,19,Cafeteria
2238,88.00444846874481,22.503294189754534,24,20,Cafeteria
1106,88.00015319347627,22.499848813833864,15,16,Library
1789,88.00479148286897,22.502448464102788,12,20,Cafeteria
3188,88.00456914862151,22.502824041365344,0,12,Cafeteria
2436,88.00489855120264,22.502954381015503,5,13,Cafeteria
611,87.99998610383227,22.499959301773483,9,14,Library
3660,87.99554323522065,22.496424459235598,12,17,Sports Complex
3711,87.99510132847234,22.496824066461855,4,7,Sports Complex
576,88.00005890363953,22.500153942787442,2,16,Library
2063,88.00427484111455,22.502592202857997,6,12,Cafeteria
4435,87.99538131909692,22.4963175608176,19,7,Sports Complex
1180,88.00004497353778,22.50016978569386,27,15,Library
888,88.00014766370768,22.500222549602782,9,15,Library
3128,88.00433801838766,22.503153303083632,4,13,Cafeteria
1732,88.00497202364426,22.502847799543055,23,20,Cafeteria
2663,88.0040645809893,22.50234358709868,0,19,Cafeteria
817,88.0002224076989,22.499845686703363,4,16,Library
3277,88.0045518347867,22.50341193717055,21,20,Cafeteria
1859,88.00452186445989,22.502868159519004,22,12,Cafeteria
208,88.00012876192157,22.499966841563403,2,10,Library
293,88.00021240052426,22.500167835019113,4,16,Library
1119,88.000262663599,22.500363955580536,13,10,Library
2213,88.00401596217755,22.50272868838542,9,19,Cafeteria
1609,88.00430866152846,22.50286042588421,1,19,Cafeteria
1264,88.00004234020601,22.50006329130951,14,16,Library
990,88.00005209570199,22.499996540563476,23,14,Library
4197,87.99533222612008,22.496475489578117,26,17,Sports Complex
1616,88.0046144083844,22.50299646559136,18,19,Cafeteria
353,87.9999600153675,22.500229788543404,4,11,Library
4557,88.00404418153745,22.50236729215651,22,7,other
2022,88.00415145667708,22.50263145603085,22,20,Cafeteria
3690,87.995345684234,22.49715454854249,5,7,Sports Complex
2555,88.00487215482387,22.502720678827114,22,20,Cafeteria
3048,88.00477108382748,22.502973151977795,7,12,Cafeteria
1228,88.0002409697792,22.499814378941867,0,16,Library
259,88.00019365851335,22.500328728613397,20,10,Library
1519,88.00452434275567,22.503357373889216,28,19,Cafeteria
1777,88.00407805779878,22.503129688003234,25,13,Cafeteria
4739,88.00010200057407,22.495761839827697,14,11,other
1770,88.0040764444875,22.503125965117817,12,19,Cafeteria
4353,87.99531161700448,22.496817404687114,10,17,Sports Complex
52,87.99983076949992,22.49978050435331,27,15,Library
3473,87.99527536250862,22.49650019599732,2,7,Sports Complex
4683,88.00225558537602,22.499988999612775,20,11,other
4411,87.99532603162962,22.49599211360474,2,6,Sports Complex
2409,88.00406217332245,22.50313464602732,26,13,Cafeteria
2787,88.00439562861817,22.50338079248649,18,12,Cafeteria
2344,88.00410023626786,22.503150231388236,13,20,Cafeteria
1033,88.00016179898492,22.49977032837213,20,14,Library
1097,87.99950044982887,22.50005282092307,15,14,Library
543,88.00036039215516,22.500038088718007,5,11,Library
1046,88.0001630807196,22.499655595624812,2,14,Library
1894,88.00424265369153,22.503192244923536,9,13,Cafeteria
4376,87.99544923820797,22.49698470488283,6,18,Sports Complex
30,87.99984957334695,22.500035221561728,24,14,Library
725,87.99995400416591,22.50033032600807,29,10,Library
4961,88.00197459245575,22.49695635782349,17,11,other
4718,87.99702172163389,22.494441467000627,21,10,other
3903,87.99558164976439,22.49633194064553,7,18,Sports Complex
1426,88.00051405178249,22.49997094273922,17,10,Library
2497,88.00432385092006,22.503080955010653,17,13,Cafeteria
436,88.0004071538864,22.500063434915372,3,16,Library
2470,88.00480908976408,22.503784439680608,17,12,Cafeteria
912,88.00006234592092,22.499719363798437,12,10,Library
4222,87.99520049009702,22.496320459014612,8,17,Sports Complex
4352,87.99531865308018,22.49636026017392,17,7,Sports Complex
4512,88.00632530642505,22.50547398820666,4,16,other
4443,87.99563022851754,22.496905131862036,8,6,Sports Complex
2287,88.00437427662821,22.502545378609522,0,12,Cafeteria
4597,87.9999616013218,22.503713743009467,25,20,other
1238,88.0001422457698,22.500388540105178,2,11,Library
903,88.00031961296565,22.49993208622242,20,11,Library
3620,87.99526252684434,22.496817391951232,29,17,Sports Complex
3231,88.00466642522632,22.502642635614997,28,13,Cafeteria
2859,88.00493209653183,22.50335844869839,7,12,Cafeteria
507,87.99978400230758,22.499795727842233,0,14,Library
3221,88.0048220672074,22.502373828776875,3,20,Cafeteria
183,88.00012061810381,22.50008108982043,4,14,Library
1564,88.00455475479897,22.5028793986151,26,13,Cafeteria
2704,88.00479640650205,22.502444087901075,26,20,Cafeteria
321,88.00014878925636,22.500019212970738,20,14,Library
3563,87.99614091199746,22.496971136198354,4,7,Sports Complex
1538,88.00439108776797,22.50353557705982,11,13,Cafeteria
1837,88.00480784261332,22.503282678082062,10,19,Cafeteria
2380,88.00454056212432,22.503076858873857,16,13,Cafeteria
1912,88.0046764619221,22.502955413682418,25,20,Cafeteria
1840,88.00477451499479,22.502696879984015,14,12,Cafeteria
2115,88.00438646360392,22.50329728779454,12,12,Cafeteria
4437,87.99557072607716,22.496245391126347,28,18,Sports Complex
1146,87.99972593122827,22.499907372975354,9,11,Library
2486,88.00434927406594,22.50358038758902,2,13,Cafeteria
44,87.99963036950241,22.49984944698491,10,15,Library
2154,88.00449838255007,22.503576262325762,0,13,Cafeteria
1526,88.00468423878382,22.50268014343622,1,19,Cafeteria
4855,87.99968533650289,22.505832862444066,29,16,other
1378,87.99984859611507,22.50007304818208,18,14,Library
1765,88.00451803005816,22.503480037105945,27,19,Cafeteria
3012,88.00475109276181,22.50268119809252,23,13,Cafeteria
413,88.00031941920547,22.500125211118736,14,11,Library
4284,87.99573717298568,22.496439515326838,10,7,Sports Complex
1407,88.00037533341299,22.49971748266524,3,15,Library
1658,88.00446988846831,22.502789323365317,4,12,Cafeteria
801,87.99987098881795,22.499750484843172,11,14,Library
1288,87.99972415834846,22.49988596979313,6,14,Library
2182,88.00467230739768,22.503248566568608,11,20,Cafeteria
2588,88.00454497559603,22.50321192168733,12,13,Cafeteria
2615,88.00478774550295,22.502675609752547,26,12,Cafeteria
2318,88.00373872063729,22.502734843802084,8,12,Cafeteria
256,88.0003167277873,22.499965637871345,14,15,Library
4541,87.9965674494515,22.49544015546631,5,11,other
1729,88.00422456544827,22.503213827933685,2,12,Cafeteria
1151,87.9994616524716,22.50037982098091,19,15,Library
4144,87.99557996876221,22.49700185956387,8,6,Sports Complex
647,87.99998642628337,22.499792875743804,23,15,Library
2908,88.00463071969666,22.502617462873353,19,20,Cafeteria
1702,88.00472038985642,22.502626533084154,3,13,Cafeteria
1881,88.00442502908173,22.50305312251253,0,19,Cafeteria
3768,87.99489362689177,22.496984576736928,2,17,Sports Complex
1315,87.99967204094192,22.50020353794053,3,10,Library
2269,88.00403900832971,22.502867836362576,20,13,Cafeteria
1966,88.0043866229919,22.503014026105813,14,19,Cafeteria
2465,88.00445816658807,22.502383984684936,6,20,Cafeteria
3855,87.99555124500215,22.49607709376952,5,6,Sports Complex
1350,87.99970747174349,22.499862932801268,6,11,Library
3296,88.00460191120939,22.502475329385504,18,19,Cafeteria
112,88.00001505755249,22.500220777444287,0,11,Library
3133,88.00422692564311,22.503527192891944,16,19,Cafeteria
263,87.99974390308967,22.499599508547025,10,16,Library
1393,88.00003413383277,22.500053849126363,4,11,Library
1878,88.00458194479509,22.502935004491377,15,12,Cafeteria
1186,87.99975437815162,22.50011731689745,9,16,Library
3071,88.00405775846936,22.503127747340756,9,20,Cafeteria
56,87.9997901956192,22.500228396156558,20,14,Library
1309,88.00011867455822,22.499862614931352,27,10,Library
695,87.99992261339017,22.49983450445555,26,14,Library
2952,88.00435356865883,22.502787316108783,16,12,Cafeteria
1726,88.00410794504276,22.502362471529583,4,12,Cafeteria
2091,88.0045208546871,22.503201652187677,25,20,Cafeteria
3869,87.99550214600765,22.495914420595625,9,7,Sports Complex
319,87.9999674642364,22.49975320511821,5,14,Library
4320,87.99530461940817,22.496721403979876,19,17,Sports Complex
682,87.99986886993344,22.49995490207956,12,15,Library
3841,87.9954305007846,22.496713482985566,13,7,Sports Complex
3213,88.00472998200837,22.502580161820912,3,13,Cafeteria
2002,88.00453795433637,22.502769874173822,26,20,Cafeteria
4782,87.99841330379523,22.502927900632557,11,3,other
4150,87.99603926333178,22.496139469880784,21,18,Sports Complex
286,87.99996205372624,22.49992269773074,15,14,Library
1888,88.00413128426571,22.502861342785245,23,20,Cafeteria
2337,88.00436056173882,22.50338337638697,27,13,Cafeteria
2520,88.00423410415289,22.502795766876474,22,20,Cafeteria
2277,88.00440161904328,22.50294358202478,19,19,Cafeteria
2127,88.0045425335112,22.50343060995486,20,19,Cafeteria
3499,87.99609944899396,22.497046824078282,8,6,Sports Complex
4211,87.99537017411375,22.497026818599608,0,17,Sports Complex
2083,88.00397487767935,22.503262941886664,29,13,Cafeteria
736,88.00006400743358,22.50000356826696,22,10,Library
4801,88.00613768444254,22.495684103672616,19,21,other
336,87.9997936257008,22.49971406844817,28,15,Library
2596,88.00442656604262,22.503120144640263,11,19,Cafeteria
2771,88.00455989138821,22.503299285928843,19,20,Cafeteria
3704,87.99570968141575,22.496274286449477,17,18,Sports Complex
4404,87.99605311891979,22.496724951003422,15,6,Sports Complex
1071,88.0001192602068,22.499637852146343,11,15,Library
2290,88.00451599650052,22.502830273901107,19,20,Cafeteria
1672,88.00437640903925,22.502754866159258,8,19,Cafeteria
4083,87.995204008741,22.496280045058796,29,17,Sports Complex
4250,87.99592523043741,22.49630731311113,5,17,Sports Complex
4113,87.99526051523682,22.496335804249355,18,7,Sports Complex
4408,87.99489027113981,22.49739111908758,4,7,Sports Complex
3366,87.9954587066169,22.49627427503889,1,7,Sports Complex
1488,87.99961858592135,22.499717449068832,18,16,Library
498,87.99978109543666,22.499959233259013,25,14,Library
4382,87.99538805870756,22.49607906497228,7,18,Sports Complex
3479,87.99621893235451,22.496785363458383,14,17,Sports Complex
2581,88.00393348826039,22.503019078884762,6,13,Cafeteria
3123,88.0048507464484,22.503231150305517,0,19,Cafeteria
2921,88.00436529922636,22.503182181484622,22,13,Cafeteria
4377,87.99545740896002,22.496638819778727,5,7,Sports Complex
2644,88.00437683137751,22.503463151492074,16,20,Cafeteria
4286,87.99579817517478,22.496476689640545,4,18,Sports Complex
4040,87.99586970096932,22.496389944673396,24,7,Sports Complex
2034,88.00443779836823,22.50330934799545,26,20,Cafeteria
1022,87.99999391135194,22.50009187041637,2,14,Library
2282,88.00493874571254,22.503069000835893,29,19,Cafeteria
4886,87.99733538280125,22.502538069928537,20,8,other
4219,87.99562559682545,22.495978122026738,4,6,Sports Complex
3063,88.00430771572013,22.502936235025974,27,19,Cafeteria
4365,87.99547446069884,22.49651536790566,0,7,Sports Complex
665,88.00002660755692,22.499746226452043,27,14,Library
3932,87.99530161533878,22.496266074642605,1,17,Sports Complex
2638,88.00485014920524,22.502965835769984,7,19,Cafeteria
3176,88.00448120886863,22.502839262012678,25,19,Cafeteria
4265,87.99557920229354,22.496461902981228,16,7,Sports Complex
3121,88.00464836150782,22.50274396772398,28,19,Cafeteria
1017,87.99987902854149,22.499445174906814,25,10,Library
557,87.99989186045305,22.500218597295177,5,15,Library
2399,88.0045036933472,22.503070188045896,29,20,Cafeteria
1207,87.9998342747706,22.50000597576082,2,14,Library
2005,88.0041778248374,22.502773944947478,28,19,Cafeteria
2656,88.00458768299247,22.502328513497666,12,12,Cafeteria
2135,88.00392366977405,22.503083011327156,25,20,Cafeteria
1510,88.00456743607081,22.503150468327707,13,20,Cafeteria
1736,88.00358566680627,22.503419553706635,6,20,Cafeteria
245,87.99991637469104,22.500059592245684,8,11,Library
1163,87.99958865031326,22.499762912998943,27,10,Library
3362,87.99498889414768,22.49674076572901,11,7,Sports Complex
266,88.00040810282599,22.500542735679375,28,16,Library
2366,88.00409995785184,22.502767540954128,11,13,Cafeteria
1114,88.00003760472629,22.50014969859739,25,11,Library
63,87.99970094834399,22.50022101134909,11,11,Library
2592,88.00398770518505,22.50298078894147,6,13,Cafeteria
2788,88.00453618120218,22.502753827033324,12,19,Cafeteria
2757,88.00383677795008,22.50290624463626,12,12,Cafeteria
3011,88.00463524759436,22.503011231120638,23,19,Cafeteria
3076,88.005037835191,22.502809843608517,2,13,Cafeteria
2998,88.00461204920852,22.503147653221028,29,20,Cafeteria
2815,88.00456348812881,22.502784678988785,5,12,Cafeteria
2259,88.00394662713066,22.503465800533327,26,13,Cafeteria
4958,88.00060119368116,22.502328341858096,11,23,other
3204,88.00444704627007,22.50332283231237,24,12,Cafeteria
1237,87.99986160293957,22.500085584458624,14,16,Library
103,87.9997994306827,22.499800201998337,7,11,Library
2643,88.00506689032765,22.50276999846024,24,20,Cafeteria
272,88.00029079093804,22.499844337659567,12,16,Library
508,88.00001213040699,22.500164811417108,27,14,Library
2226,88.00463383190875,22.503178910244724,1,12,Cafeteria
4933,87.99435377739765,22.501562237269454,0,2,other
2441,88.00466874527008,22.502999795577168,22,20,Cafeteria
865,87.99990307461002,22.500383431927478,25,10,Library
3326,87.99604526690132,22.49620780953131,21,18,Sports Complex
908,88.00016137104528,22.500202849138624,1,16,Library
2114,88.00377272490282,22.50313409168189,13,20,Cafeteria
3896,87.99554142252299,22.496909891672658,16,6,Sports Complex
1627,88.00446020127511,22.502995206167135,18,13,Cafeteria
2873,88.00405539232838,22.503020436132214,3,20,Cafeteria
1522,88.00389544490069,22.502908521144278,27,13,Cafeteria
835,88.00005855368313,22.500143801254026,15,16,Library
358,88.00008067964008,22.50007217340732,17,10,Library
138,88.00020337930434,22.50051563122981,22,14,Library
299,88.00015740721048,22.500005327912167,4,11,Library
1556,88.00438032369122,22.503540023985728,14,19,Cafeteria
1003,87.99983826580558,22.499846940816372,5,10,Library
382,87.99946902606892,22.49969141278203,6,11,Library
941,88.00021811433207,22.500345363519674,14,11,Library
4446,87.99536977748615,22.496105343167077,6,7,Sports Complex
4854,88.00340179452719,22.504350892248738,3,12,other
761,88.00003050245365,22.50010107368874,9,10,Library
1705,88.00443039264687,22.502652521980846,29,19,Cafeteria
1873,88.0039988748582,22.502987361517146,25,12,Cafeteria
2550,88.00481407682189,22.503298213331316,3,19,Cafeteria
2086,88.00405432717896,22.5030355207079,11,12,Cafeteria
2197,88.00490693011304,22.502699876165458,8,12,Cafeteria
898,88.00030162724163,22.50005181683235,4,10,Library
3999,87.99544867887909,22.496248237409617,24,7,Sports Complex
3615,87.99595538572207,22.49679737567395,22,17,Sports Complex
1402,88.00029642603866,22.49985754176794,9,14,Library
3873,87.99523104756909,22.496138613353327,28,18,Sports Complex
3785,87.99567538150326,22.496727201702377,0,17,Sports Complex
4386,87.9944435051303,22.496527260004445,12,7,Sports Complex
2955,88.00413581256451,22.50315508520657,20,20,Cafeteria
1512,88.00478932450167,22.502771737237147,5,20,Cafeteria
1188,88.00013751302475,22.50018919717,9,10,Library
2989,88.0044955116205,22.503290045950344,9,20,Cafeteria
2080,88.0039368328219,22.50356062342876,10,12,Cafeteria
4983,87.99911910261605,22.504314714391843,10,13,other
3437,87.99550063122723,22.496238399761364,21,7,Sports Complex
108,88.00006438759767,22.50008076981828,24,16,Library
4698,87.99445509452161,22.496184810138892,14,6,other
2827,88.00474933073234,22.502888722946654,0,13,Cafeteria
4747,87.99409487919675,22.50533684148341,6,9,other
58,88.00008281585785,22.50037317214224,15,14,Library
76,88.00002176176706,22.499596217046022,19,15,Library
796,87.99999011121153,22.500104599555222,21,15,Library
368,88.00002441902464,22.499727258392447,28,15,Library
4905,88.00175031566712,22.497974116969214,7,15,other
785,88.00027019518139,22.500115515223314,1,16,Library
2088,88.00419705097717,22.50312079038946,5,20,Cafeteria
2314,88.00387843614267,22.5029944095484,21,19,Cafeteria
3384,87.99555199176626,22.496601268616978,4,7,Sports Complex
3605,87.99536254581656,22.49613549146688,29,18,Sports Complex
4111,87.99552974053692,22.497116865607705,19,17,Sports Complex
1902,88.00483728561049,22.502939777803288,21,19,Cafeteria
1703,88.0046107370963,22.50300025471574,28,13,Cafeteria
121,87.9997726531363,22.49964043050542,9,11,Library
1844,88.00455124842382,22.50285870249615,21,13,Cafeteria
2369,88.00486432624103,22.502687455989598,23,19,Cafeteria
3728,87.99547309710755,22.49632821773673,10,7,Sports Complex
910,87.99992305544126,22.50020469441094,7,16,Library
124,88.00014671427346,22.500468324444054,13,10,Library
2572,88.00427093882,22.503078912135404,16,13,Cafeteria
1586,88.00455388857984,22.50309533866522,20,20,Cafeteria
1257,88.00010475475234,22.49981042948278,15,16,Library
3441,87.99563820852151,22.495931628755102,0,18,Sports Complex
3480,87.99571189157668,22.4960865795894,15,18,Sports Complex
4108,87.9951549934383,22.4963934396926,19,17,Sports Complex
1178,87.99975285222321,22.50002383604986,16,11,Library
3463,87.99506202533622,22.49687625742508,23,17,Sports Complex
3469,87.9957399797374,22.497259917501374,21,7,Sports Complex
3467,87.99558783285725,22.496294193518338,17,7,Sports Complex
2103,88.00451195269665,22.503208210921642,6,13,Cafeteria
442,87.99948313947499,22.500067281735312,24,15,Library
2227,88.00421924193336,22.503230682435028,3,20,Cafeteria
4416,87.99483368420803,22.496474512148595,9,7,Sports Complex
925,87.99961920327381,22.500128563689003,6,16,Library
4020,87.99547784387204,22.495850423349484,0,17,Sports Complex
2145,88.00452602926167,22.50265847477849,16,20,Cafeteria
4770,88.00042310781228,22.499919506113052,6,1,other
1411,88.00013905750235,22.50008961340455,24,16,Library
3466,87.9955939446458,22.497009390468204,2,18,Sports Complex
2072,88.00462223753198,22.50252939744347,15,13,Cafeteria
1509,88.00499543494908,22.50315274163794,13,13,Cafeteria
1227,87.99996324949959,22.50033536897888,0,16,Library
4072,87.9958204788315,22.496593441524094,0,7,Sports Complex
2585,88.00431052927523,22.502762258892492,10,13,Cafeteria
4450,87.99600254976244,22.496650949335912,9,6,Sports Complex
2951,88.0047151493583,22.50269852841,9,19,Cafeteria
3885,87.9956402580388,22.496450597614682,28,7,Sports Complex
324,87.99974849565463,22.50004216366799,23,11,Library
3977,87.99480310094788,22.4957951613353,8,7,Sports Complex
3576,87.9956371584418,22.496359008300036,26,7,Sports Complex
2211,88.00425952781858,22.50248484525426,6,13,Cafeteria
3298,88.00438009677153,22.503502786360432,14,20,Cafeteria
3035,88.00454270777287,22.502957136533162,9,20,Cafeteria
1498,88.00025601563145,22.50008354410431,21,11,Library
1502,88.00429489066441,22.502853046414362,1,13,Cafeteria
1006,88.000223798305,22.500737273606326,27,15,Library
4179,87.99597726255332,22.496584857563224,21,7,Sports Complex
3013,88.004393806452,22.50283769256858,29,19,Cafeteria
3516,87.99534479970363,22.49604251557946,13,18,Sports Complex
1467,88.00009866788245,22.499857412158395,9,16,Library
1225,87.99996754482507,22.500000923917963,15,15,Library
3167,88.00421568444928,22.50353355463088,2,20,Cafeteria
2267,88.00484336510371,22.503214883568486,19,20,Cafeteria
3808,87.99558175827845,22.496711796555516,2,6,Sports Complex
1216,87.99983162734394,22.500156377004206,17,14,Library
3976,87.9956749375726,22.49664792001602,10,7,Sports Complex
4584,88.00167190175509,22.505579976700115,9,21,other
420,88.00051518698122,22.499505175047407,22,10,Library
3422,87.99630697289308,22.496888763610347,4,6,Sports Complex
6,88.00039480320387,22.500174096861866,11,15,Library
932,87.9996379965249,22.49999411196228,22,15,Library
1691,88.00457632053148,22.50302400868728,26,13,Cafeteria
439,87.99998611307528,22.500024495788367,16,10,Library
1313,88.00013945257659,22.49991968930847,29,14,Library
678,88.00023391959829,22.500505901554806,19,10,Library
1943,88.00422159610969,22.503168743976996,4,13,Cafeteria
4610,87.99817104098857,22.497965372371425,11,17,other
3303,87.9952285377735,22.49658491098457,17,6,Sports Complex
2268,88.004295709665,22.503035736329377,20,20,Cafeteria
4633,88.00422034238954,22.49563880312044,15,1,other
4080,87.99505667880172,22.496191363525355,23,17,Sports Complex
2518,88.00464826782468,22.5025442970824,3,20,Cafeteria
2439,88.0038208814172,22.502580307473394,15,13,Cafeteria
4037,87.99557609204847,22.49681607035836,8,7,Sports Complex
1893,88.00428650212677,22.503286688781916,11,20,Cafeteria
4244,87.99591937888762,22.496108618821225,23,18,Sports Complex
4829,87.99412089127723,22.50459669275079,6,23,other
2640,88.00390360729995,22.502922232835463,23,12,Cafeteria
194,88.00004329523146,22.500031594894885,1,15,Library
1474,87.99980377542173,22.500227840680544,28,14,Library
4616,87.99573676768908,22.49541175473377,17,14,other
1211,87.99982677370055,22.50038309193117,5,10,Library
2438,88.00418447487097,22.503195005731836,3,19,Cafeteria
1657,88.00455423227162,22.503110259110635,25,12,Cafeteria
2700,88.00510286377285,22.50271806086664,26,19,Cafeteria
3082,88.00503533506287,22.502754583403824,12,12,Cafeteria
2705,88.00481184364423,22.503408856409738,20,12,Cafeteria
4226,87.99566175393363,22.496002279525992,23,17,Sports Complex
2842,88.00459744174755,22.50274484524243,1,19,Cafeteria
2302,88.00402771079543,22.503336078876167,3,13,Cafeteria
1130,88.00008033930386,22.500074143886284,18,10,Library
1461,87.99969392544092,22.49984785256919,11,11,Library
276,88.00004976492389,22.499847057727273,6,15,Library
2222,88.0044502841714,22.50269574781685,23,13,Cafeteria
2331,88.00457206072856,22.503380769872077,2,20,Cafeteria
4322,87.995352480951,22.495705822954466,25,17,Sports Complex
1302,87.99995626006083,22.50008745000614,19,11,Library
2517,88.00444642095903,22.50293769682001,26,20,Cafeteria
222,88.0001715650476,22.50018470262022,21,16,Library
2036,88.00452394923755,22.50255411548072,4,13,Cafeteria
1924,88.0042853038896,22.50377581737507,15,12,Cafeteria
573,87.9999452248678,22.500049328926853,2,11,Library
1236,88.00041942520352,22.499916215554705,8,14,Library
3544,87.9955163230783,22.496871280025132,8,6,Sports Complex
2133,88.00439584082211,22.502849443588758,27,13,Cafeteria
1334,88.0000371668643,22.499939154005155,3,14,Library
2457,88.00437177312753,22.50330560725513,29,19,Cafeteria
418,88.00029482429602,22.499957964045354,10,14,Library
4914,87.99345315947608,22.494055689905977,1,23,other
1104,88.00027704570418,22.499843913652573,12,16,Library
257,87.9998230826336,22.500238218636802,15,10,Library
295,87.99982677260118,22.499812007667064,0,10,Library
2361,88.00443873418965,22.503387503508407,12,20,Cafeteria
386,88.00008543899395,22.49979759912002,26,15,Library
3308,87.99549365301478,22.496960537644007,8,17,Sports Complex
4013,87.9953742501435,22.49695357475155,18,6,Sports Complex
2231,88.00479141793063,22.503240610006976,13,13,Cafeteria
2554,88.00459791896664,22.503343278949835,8,13,Cafeteria
4335,87.99496855450542,22.496590858476345,6,7,Sports Complex
3515,87.99522759200646,22.49671580277331,17,7,Sports Complex
1839,88.00452633383044,22.50275126708597,27,12,Cafeteria
4384,87.99604474561245,22.49621121594502,0,18,Sports Complex
1563,88.00359812667156,22.503078018191434,14,13,Cafeteria
2015,88.00469328745787,22.50297375774458,10,19,Cafeteria
1400,87.99973827225433,22.499988621938673,4,15,Library
712,87.9998637702283,22.50022058326558,5,15,Library
2420,88.00436094051074,22.50273990877505,11,20,Cafeteria
2619,88.00426186225478,22.503011173188742,11,12,Cafeteria
209,88.00096318287267,22.499756367673832,25,15,Library
4944,87.99566176256765,22.498014693513973,4,7,other
1289,87.99946177735177,22.50004535665503,2,16,Library
449,87.99973519661953,22.4999871515691,20,14,Library
4091,87.99553246007304,22.496502685617664,6,18,Sports Complex
2569,88.00478007513111,22.503282676324254,24,13,Cafeteria
1820,88.00394841616705,22.502832991717447,17,20,Cafeteria
958,88.00014244182006,22.500124921277575,20,16,Library
1793,88.00473822891249,22.50305264525866,5,13,Cafeteria
4786,88.0054098294293,22.494902505484223,0,10,other
654,88.00064333995081,22.499684958808707,11,16,Library
2407,88.0050381847994,22.50329348819069,28,20,Cafeteria
3852,87.9951871642493,22.495737073968513,6,6,Sports Complex
1995,88.00439814890755,22.50255264457765,2,19,Cafeteria
1760,88.00465571866708,22.502877537891553,19,19,Cafeteria
2354,88.00487784391369,22.50323133384204,15,12,Cafeteria
2741,88.00462293925392,22.503555014199016,28,13,Cafeteria
2617,88.0047537390569,22.50325499832434,4,20,Cafeteria
411,87.99971883947704,22.500557825036548,22,10,Library
1774,88.00438630747932,22.503076980443442,5,20,Cafeteria
3978,87.99537356943249,22.496541415576615,1,6,Sports Complex
2186,88.00401912773145,22.50228324579122,29,12,Cafeteria
2379,88.00441704205588,22.502932842230216,16,12,Cafeteria
3963,87.99516115499075,22.49681979907832,1,17,Sports Complex
4311,87.99580510354848,22.497210905549576,25,17,Sports Complex
4774,88.00271945747262,22.499403353794374,20,22,other
3702,87.99559578104173,22.496392124425146,17,7,Sports Complex
3972,87.99545317721963,22.496911603844822,9,17,Sports Complex
4765,87.99827086273483,22.502248516688734,15,19,other
3558,87.9950579629721,22.496311719611786,17,17,Sports Complex
4110,87.99514716272265,22.496299892462037,20,6,Sports Complex
3497,87.9950237077576,22.496129648749047,1,6,Sports Complex
3765,87.99589127683797,22.496340155299357,19,17,Sports Complex
430,87.99970418537184,22.499692612601386,26,16,Library
4484,87.99548247179041,22.496735700084464,15,18,Sports Complex
2321,88.00483552897987,22.502505776201847,22,13,Cafeteria
1366,87.99999317386512,22.499790353550388,13,10,Library
1992,88.004734633383,22.50281529362239,6,19,Cafeteria
2851,88.00456957395477,22.503329301631705,3,19,Cafeteria
1176,87.99957676079646,22.500087412511824,28,11,Library
3528,87.9958716358261,22.496432517869444,28,7,Sports Complex
1476,87.99996976296285,22.500315926669412,25,15,Library
3740,87.99637611012682,22.496633182106862,0,6,Sports Complex
2045,88.00410843757065,22.503125395390366,9,20,Cafeteria
102,87.99991432137087,22.499838508955218,23,15,Library
4331,87.99624060421989,22.49603983789889,26,6,Sports Complex
2992,88.00399051909827,22.503010684302325,26,13,Cafeteria
1263,87.99976983160172,22.49984210556771,15,10,Library
2881,88.0042255841484,22.50281961171509,2,12,Cafeteria
3138,88.00449165834485,22.503006598197842,3,20,Cafeteria
3622,87.99529091662865,22.496267354683198,13,18,Sports Complex
3203,88.0049761282477,22.50329201116075,28,12,Cafeteria
4278,87.99573546487552,22.49636278327607,4,7,Sports Complex
3299,88.00425627109266,22.502958611723226,2,12,Cafeteria
4993,87.99362843776207,22.494637849025246,11,3,other
3633,87.99533691715769,22.496702130934114,15,17,Sports Complex
1643,88.00470587439199,22.5030233385444,28,19,Cafeteria
4505,88.001473370606,22.50277480973917,2,11,other
0,88.00012417853826,22.500194590269043,2,15,Library
1580,88.00464047298941,22.50318964794581,14,20,Cafeteria
4422,87.99560153076487,22.496385271730443,18,18,Sports Complex
4116,87.99497941894377,22.496279642018848,29,18,Sports Complex
1356,87.99986343888794,22.499820520277314,15,16,Library
4201,87.99648048054638,22.49628593819883,5,18,Sports Complex
4574,88.000019207084,22.49854409592848,5,0,other
3733,87.99553121936881,22.496041960554155,25,17,Sports Complex
2025,88.00397395259277,22.50347870812005,14,13,Cafeteria
2218,88.00452343825104,22.50293754126973,12,12,Cafeteria
396,87.99957171636773,22.499935300984333,29,11,Library
4941,87.9984206176698,22.498720205118765,13,17,other
1064,87.99990938976465,22.49977616341941,1,14,Library
3080,88.0046388812214,22.50260436670005,28,20,Cafeteria
2153,88.0047479442611,22.502612685995246,26,13,Cafeteria
818,88.00002057099732,22.499860424561515,9,15,Library
1812,88.00338736101719,22.503085920112856,12,19,Cafeteria
2552,88.0042607966333,22.503238114728624,13,19,Cafeteria
1552,88.00457767382426,22.503112030955275,0,13,Cafeteria
4047,87.99532430281394,22.49628054025186,21,7,Sports Complex
816,88.00006676256646,22.500209735125118,18,15,Library
1572,88.00485037949888,22.502797428897335,17,19,Cafeteria
4552,87.99619634595875,22.498634243329434,24,19,other
1800,88.00454546296253,22.503340274271263,14,20,Cafeteria
4287,87.99582020372934,22.49572146556199,7,6,Sports Complex
381,87.99985015183864,22.500403895705887,0,16,Library
2874,88.00406592961275,22.503212236450665,25,19,Cafeteria
4347,87.99498269921065,22.496605434868034,7,6,Sports Complex
4626,88.0015199847301,22.505490510689366,1,17,other
3503,87.99565669369325,22.496349503006986,4,18,Sports Complex
2311,88.00498278475735,22.503041687576786,0,12,Cafeteria
1780,88.00451871621891,22.50294195815314,27,13,Cafeteria
2726,88.00450600539048,22.50301616622657,8,13,Cafeteria
2437,88.00418909911332,22.50314162650519,26,13,Cafeteria
2333,88.00431226279186,22.503056864356825,17,13,Cafeteria
864,87.99984680282738,22.499842684151577,26,11,Library
3638,87.99524981745935,22.496724657671518,28,7,Sports Complex
3164,88.00515386279199,22.50236642452534,6,12,Cafeteria
554,88.00008440066551,22.499663532269132,22,15,Library
1159,87.99991879215412,22.500138312804996,7,10,Library
1213,88.00022373109424,22.4996501734563,1,11,Library
3760,87.99543746168935,22.496472584202877,11,7,Sports Complex
4213,87.99579236670239,22.496506576678957,28,7,Sports Complex
48,88.00008590457239,22.500191520069595,1,15,Library
2367,88.00424547498154,22.503216475643306,24,20,Cafeteria
700,87.99986931924487,22.500451087027447,16,14,Library
652,87.99993277782737,22.500005221622075,24,11,Library
3933,87.99578381982042,22.496011915046747,25,6,Sports Complex
4409,87.9953406727967,22.497099306640603,8,6,Sports Complex
3311,87.99539437052732,22.496665667836446,27,17,Sports Complex
748,87.99984712054925,22.499952719902307,24,16,Library
1455,87.99955980931021,22.50043684079948,27,11,Library
4195,87.99565157238136,22.496267238838396,0,7,Sports Complex
2389,88.00451259353001,22.503381572634222,14,13,Cafeteria
3494,87.99561158291888,22.49627063536688,17,17,Sports Complex
866,88.00007146634768,22.499866049634235,21,14,Library
752,87.99975603168676,22.499637206077487,11,14,Library
1644,88.00402875639006,22.502707215200743,12,13,Cafeteria
92,87.99982448672652,22.50010913995104,29,11,Library
4824,87.99696658834056,22.502246084311313,27,3,other
3101,88.00439166726423,22.502990448163008,12,20,Cafeteria
2432,88.00434828219912,22.50306268633564,3,13,Cafeteria
2629,88.00454069692579,22.502884272900115,3,12,Cafeteria
1490,87.99986203546352,22.500379098513815,6,14,Library
2895,88.00433438514352,22.503557019481256,6,19,Cafeteria
2177,88.00410143659656,22.503562312949153,28,20,Cafeteria
729,87.99980542381864,22.50025187842246,24,10,Library
4759,87.99583193074555,22.49695065103768,24,15,other
2471,88.00470412331917,22.503120689656708,12,19,Cafeteria
2242,88.00527085184572,22.503307091060545,20,13,Cafeteria
1936,88.00459299059828,22.50282075269529,12,12,Cafeteria
1745,88.00470592525012,22.503362474002063,22,19,Cafeteria
4746,87.99900202646187,22.50439159144201,14,7,other
4373,87.99510621628555,22.49545220268907,17,7,Sports Complex
3491,87.99507026000188,22.495933412099806,6,7,Sports Complex
1110,87.9999523293998,22.500162880497836,1,11,Library
3337,87.99512696905103,22.496315526858616,0,7,Sports Complex
4032,87.99512526607,22.496667156086843,3,17,Sports Complex
4471,87.9957424715194,22.496888674952977,14,7,Sports Complex
4157,87.99508982312477,22.4971835305939,21,6,Sports Complex
346,87.99963797891462,22.500316426960214,7,11,Library
1185,88.00023519279699,22.500079038989295,4,16,Library
4006,87.99506967669481,22.49628790348387,15,18,Sports Complex
1515,88.00401812866976,22.50293661071489,29,12,Cafeteria
4669,88.00524679907505,22.49989814184486,10,15,other
578,87.99963035343856,22.49996513843108,7,14,Library
1964,88.0043285890722,22.50265701950315,22,20,Cafeteria
75,88.00020547562609,22.499991089629425,6,16,Library
1429,87.99993079667503,22.500246362421404,11,14,Library
3712,87.99463964069932,22.4969120230756,5,7,Sports Complex
4430,87.99525038269348,22.496285969469287,24,6,Sports Complex
2751,88.0055798400342,22.50284852554731,6,20,Cafeteria
4952,88.00468907807937,22.502547920232495,24,4,other
1846,88.00432839926852,22.50273565345653,13,13,Cafeteria
131,88.00001714074371,22.499788410836253,10,14,Library
178,87.9999338357917,22.50024957772454,24,11,Library
2899,88.00447514027924,22.5028406637185,12,20,Cafeteria
4466,87.99594453080884,22.496729277306173,12,17,Sports Complex
4194,87.9951104275646,22.496956024947682,5,18,Sports Complex
2522,88.00459437369513,22.50310314129706,1,12,Cafeteria
1842,88.00471647426853,22.50297766157797,14,12,Cafeteria
2098,88.0045628587719,22.503235569294127,10,20,Cafeteria
3949,87.99587289865326,22.4961674634008,5,6,Sports Complex
2373,88.00484626906741,22.50298734332515,27,13,Cafeteria
604,88.00010335872581,22.499702647026783,1,14,Library
2627,88.00429428646684,22.503367574701493,24,19,Cafeteria
25,88.00002773064743,22.500272187154927,12,10,Library
658,88.00004952119019,22.500320410948753,23,14,Library
4977,88.0009324188573,22.50324630335169,26,12,other
3317,87.99571523643122,22.49625927549681,2,18,Sports Complex
3868,87.99577967382561,22.496836382710033,18,7,Sports Complex
173,88.0000852879937,22.499769397453875,3,16,Library
1611,88.00468295546314,22.503173482739474,26,20,Cafeteria
437,87.99965497463545,22.500116923292943,2,15,Library
331,87.99977568640713,22.500058304032816,24,15,Library
3100,88.00464619494495,22.502880167015437,26,20,Cafeteria
1454,88.00014137741141,22.499762770869793,0,15,Library
342,88.00006124164278,22.499862818773064,21,16,Library
3209,88.00411674175481,22.50280516608017,24,19,Cafeteria
4576,88.00162830709786,22.498398206442655,26,1,other
1088,87.99993523946354,22.499799990358902,25,11,Library
479,88.00027989372786,22.500101763071783,18,16,Library
727,88.00008689542634,22.499849894108564,6,16,Library
3783,87.99546428026329,22.496534121128658,1,18,Sports Complex
976,87.99988692342019,22.49994228340654,27,11,Library
3784,87.9946331227766,22.496420668228698,18,18,Sports Complex
2977,88.00456707320724,22.50376086939286,3,20,Cafeteria
1928,88.00462873507874,22.503480969358986,5,19,Cafeteria
1468,87.99970102923449,22.499544849174864,0,15,Library
1224,87.99995367808528,22.500490646797633,23,10,Library
2856,88.00470615018355,22.50357701156392,9,20,Cafeteria
1952,88.0050195774047,22.503200827279002,18,19,Cafeteria
4830,88.00448963202932,22.4989219717805,22,11,other
4500,88.00033927653037,22.49765172331776,0,1,other
1892,88.004062712654,22.503030912469733,16,19,Cafeteria
1299,88.00008042445155,22.5000752768348,8,10,Library
2990,88.00441861732004,22.502596624272897,13,19,Cafeteria
4599,88.00353740448061,22.502383322664652,15,6,other
660,87.99985658449827,22.499722135510765,2,15,Library
4577,87.9953842658692,22.49673312483712,9,21,other
4073,87.99591524545669,22.497087500887524,1,7,Sports Complex
2784,88.00464083649064,22.503058796172617,1,13,Cafeteria
4937,88.00239116061086,22.498883219695628,11,20,other
3827,87.99497235646939,22.497032224033607,29,7,Sports Complex
2714,88.00420822555931,22.502795613945946,16,12,Cafeteria
4657,87.99556773249064,22.496022716064676,7,22,other
267,87.99964246465551,22.49995602854689,4,11,Library
4442,87.99494922984226,22.496691306403992,17,18,Sports Complex
4959,88.00304664318027,22.505425218428524,15,23,other
3372,87.99512352233076,22.49679532650906,15,6,Sports Complex
3595,87.9953103793674,22.49667858827784,21,7,Sports Complex
4316,87.99598229101689,22.496384066241895,5,17,Sports Complex
3722,87.99476408975784,22.49624700782169,11,6,Sports Complex
3406,87.99556754637463,22.49708283828188,15,18,Sports Complex
1278,88.00004801227912,22.499984558950036,10,14,Library
4640,88.00268905128672,22.496866318555597,24,23,other
3917,87.99605110522522,22.496267658414013,29,18,Sports Complex
2678,88.00439113053116,22.503379397072106,21,12,Cafeteria
1621,88.00460708796886,22.502973850011873,28,13,Cafeteria
4103,87.99571426006652,22.496527278053797,10,6,Sports Complex
2857,88.00438585226932,22.503207694372094,20,13,Cafeteria
1896,88.004431283933,22.50330345314743,5,13,Cafeteria
3924,87.99558355827386,22.49715200419249,5,17,Sports Complex
3014,88.00471293202793,22.50352083478497,1,19,Cafeteria
4438,87.99549852932962,22.496723364414255,9,7,Sports Complex
67,88.00025088322447,22.500128984804427,21,10,Library
2042,88.00464581160449,22.503191399588722,2,12,Cafeteria
2580,88.0036405870323,22.503188901051317,27,19,Cafeteria
3782,87.99559909578782,22.49619849479969,3,6,Sports Complex
3790,87.99611946957369,22.496232302770093,0,17,Sports Complex
820,87.99987067788747,22.500109875307654,26,11,Library
1226,88.000010952868,22.500252865758853,19,16,Library
2991,88.00430840570822,22.503107549214246,13,20,Cafeteria
3132,88.0045084601829,22.502949433096084,5,13,Cafeteria
2743,88.00456635279362,22.502647787262113,22,12,Cafeteria
4457,87.99526025134746,22.495682375638243,7,18,Sports Complex
4269,87.99496538852537,22.49642529855602,9,7,Sports Complex
3349,87.99563568795767,22.49642687871492,27,6,Sports Complex
1143,88.00003139411336,22.49983697777785,14,15,Library
397,88.00033846809355,22.500399661792628,5,14,Library
2906,88.0042978714403,22.503005521387028,22,12,Cafeteria
4301,87.99553337259603,22.496383316980538,25,17,Sports Complex
2759,88.00416165853878,22.503263234556623,15,13,Cafeteria
1398,88.00030010347699,22.49992813812015,10,15,Library
1659,88.00425856450653,22.50294070551492,6,19,Cafeteria
979,88.00019010366404,22.500173229655758,12,11,Library
1298,88.00006684807852,22.499910092581885,1,10,Library
3555,87.99554331412489,22.496029876713298,14,18,Sports Complex
82,88.00036947351118,22.499746044545255,25,15,Library
4507,87.99952837102325,22.50201299981425,8,8,other
2458,88.00426297721391,22.502580246725632,9,20,Cafeteria
3739,87.9951069798629,22.49622088007593,7,7,Sports Complex
3781,87.99544092534191,22.496293701805982,8,18,Sports Complex
2288,88.00451180173803,22.50296365535246,5,12,Cafeteria
423,88.00024289273775,22.500059811716028,27,10,Library
4339,87.99557048809555,22.496325920663402,24,17,Sports Complex
1904,88.00464719864698,22.503137770033295,3,12,Cafeteria
4538,88.0010053399245,22.495885003771548,4,2,other
3352,87.99594436464191,22.496091909035012,12,18,Sports Complex
3102,88.00459622795742,22.50295848522642,11,19,Cafeteria
1565,88.00467370483233,22.503216367963123,6,12,Cafeteria
3355,87.99544974644395,22.49612538780797,9,18,Sports Complex
839,87.99994650278894,22.49983491971513,11,14,Library
500,88.00023154438688,22.499831205431256,9,15,Library
141,88.00032678568857,22.500353055138852,7,15,Library
1377,88.00025997617185,22.499833055110884,1,16,Library
3697,87.99512258972669,22.49650397946808,1,18,Sports Complex
2144,88.00472679881582,22.502809821533244,19,13,Cafeteria
1138,88.00014935001747,22.499741869024117,17,10,Library
2927,88.0044326856961,22.503036099176313,28,19,Cafeteria
1787,88.00438760380965,22.503210208095844,19,19,Cafeteria
3484,87.99554045885854,22.496944860534803,3,18,Sports Complex
550,88.00002164744687,22.500206274566168,27,14,Library
4906,88.0043530319788,22.50595525881364,21,17,other
2019,88.00457855169591,22.50266402554329,29,13,Cafeteria
948,87.99998860349591,22.499804058583603,19,16,Library
2600,88.00436309128595,22.502865871064614,4,20,Cafeteria
532,87.99998348005033,22.50011908944234,13,16,Library
1829,88.00436612125398,22.50294380874606,18,20,Cafeteria
2917,88.00454376146953,22.503152600929994,9,19,Cafeteria
4418,87.99551529863895,22.496464756444514,11,6,Sports Complex
3871,87.99584803255586,22.496200565309223,14,6,Sports Complex
1602,88.0042113403152,22.503374122039865,13,13,Cafeteria
639,87.99967623030699,22.499633118683562,29,11,Library
4832,87.99344522857147,22.50033879879258,16,15,other
967,88.00045023510823,22.50000948445886,11,11,Library
4237,87.99540809851925,22.496647268296883,6,7,Sports Complex
2697,88.00422318559407,22.502542103168572,26,20,Cafeteria
1683,88.00461396761104,22.50315035098036,11,12,Cafeteria
4470,87.99519744939022,22.496876386694048,26,6,Sports Complex
2342,88.00413721364745,22.50223642513511,14,13,Cafeteria
155,87.9998214121455,22.499926149647465,21,11,Library
2487,88.00398602893523,22.50324178622392,5,19,Cafeteria
4641,88.00484304499923,22.497153479668263,5,14,other
1089,87.99995091253773,22.499984118856347,5,15,Library
2655,88.0050346013761,22.50321033273744,9,20,Cafeteria
4240,87.99535260441783,22.496308841863524,9,7,Sports Complex
288,88.00007024796693,22.500079793627606,9,11,Library
930,87.99986120011833,22.500141151481472,5,14,Library
2535,88.00447476062783,22.50361126368745,22,13,Cafeteria
4028,87.9959042491462,22.496051478159497,22,17,Sports Complex
3371,87.99555019617074,22.49685913060434,1,18,Sports Complex
4621,87.99706448845507,22.504632228216522,15,2,other
3291,88.00476768610291,22.502815919170793,8,12,Cafeteria
942,88.00016255029449,22.499676934326224,27,16,Library
3859,87.99579398058891,22.496506380849,8,6,Sports Complex
4662,88.00693068212772,22.497034407603937,17,17,other
1698,88.00432389345448,22.502421849263076,0,20,Cafeteria
4708,87.995278540407,22.49920089860846,27,7,other
3200,88.00463912683831,22.50305196604889,29,19,Cafeteria
4601,88.00461418259908,22.49975396203774,5,12,other
4608,88.00474619044424,22.49635958450959,17,7,other
985,87.9997104088277,22.500214896971745,27,11,Library
3318,87.99592125231909,22.496263046088124,9,17,Sports Complex
2867,88.00450057222368,22.502963468061992,13,19,Cafeteria
4056,87.99496916810881,22.496482686700038,21,6,Sports Complex
4777,88.00549405553659,22.50457766356587,23,20,other
981,88.00010636439045,22.500429844476553,15,11,Library
2492,88.00454238730822,22.502630984091777,14,19,Cafeteria
3792,87.99572400931645,22.496583256304724,26,7,Sports Complex
3548,87.99574089089877,22.49625456265946,1,7,Sports Complex
2942,88.00455046252186,22.50323481454065,9,19,Cafeteria
3527,87.99631291322885,22.496309879474868,20,17,Sports Complex
3845,87.99582365263194,22.4963704871856,25,7,Sports Complex
1457,88.00009528959622,22.499940861178196,4,15,Library
1395,88.00004617007647,22.50098155942661,25,11,Library
264,87.99993685796215,22.499938484377967,11,15,Library
4095,87.99508922936262,22.496219938645467,11,7,Sports Complex
929,87.99998356243474,22.499916480692256,10,10,Library
4871,88.00177704563302,22.49487107571803,23,20,other
2692,88.00435881935351,22.503143058775464,9,19,Cafeteria
246,87.99988126367221,22.500243799407446,20,16,Library
3589,87.99524506339037,22.496460456606915,17,6,Sports Complex
1758,88.00459641289572,22.502759672047333,12,19,Cafeteria
4865,87.99488522497273,22.499777174433746,9,0,other
2810,88.00438223149199,22.50355434930866,15,12,Cafeteria
923,87.99982496979626,22.499989130762547,24,15,Library
2880,88.00478410418924,22.50281002675212,4,20,Cafeteria
268,87.99988998887832,22.500030801201696,22,15,Library
669,88.00027287671298,22.500116589593613,23,14,Library
4475,87.99523061675686,22.496583813446072,17,17,Sports Complex
1910,88.00441371857974,22.502999832080107,23,20,Cafeteria
2985,88.00435287566177,22.503181477007594,9,19,Cafeteria
1152,87.99984025956307,22.500127698022133,12,11,Library
4817,88.00118228466036,22.495696309570633,16,5,other
3455,87.99586911721998,22.49615526885621,13,7,Sports Complex
4241,87.99565677575647,22.496004937946022,25,17,Sports Complex
4549,88.00508295194756,22.49796886972279,17,2,other
2172,88.00430655471354,22.50303950870657,25,13,Cafeteria
4515,88.00030802030213,22.500381856339704,19,21,other
1915,88.00465768385632,22.502984802403024,6,20,Cafeteria
612,88.00006999215658,22.500010229793848,26,14,Library
2406,88.00417100874759,22.503009985748356,5,12,Cafeteria
4205,87.99505645315908,22.496581076825066,17,17,Sports Complex
1898,88.00460476504236,22.502612854190165,12,20,Cafeteria
1649,88.00424994938808,22.503025556102433,7,20,Cafeteria
2607,88.0038084161356,22.50279269574381,10,20,Cafeteria
258,88.00011095485704,22.5004030695645,3,15,Library
847,88.00061382503497,22.499784306058988,26,16,Library
4251,87.99553701963424,22.496284144461516,19,18,Sports Complex
1233,88.00064492733442,22.499780046411626,19,16,Library
1127,87.9998114310375,22.500174475818135,5,10,Library
1967,88.00427540658924,22.50341940045936,20,13,Cafeteria
558,88.00009861303559,22.50006564033225,21,16,Library
3905,87.99560990791088,22.496491812113916,8,18,Sports Complex
484,87.99981091231368,22.500238281261343,11,16,Library
1320,88.00001416248122,22.499930279151464,25,11,Library
3404,87.99495835057206,22.496830475194088,28,17,Sports Complex
7,88.00019185868229,22.50023882630214,5,10,Library
3279,88.00421584688557,22.502500074243077,25,13,Cafeteria
3189,88.00434938803694,22.502998761227467,29,13,Cafeteria
1450,88.00007720825315,22.50030149862914,12,11,Library
3980,87.99553057509885,22.496559915500313,18,6,Sports Complex
1814,88.00450012538913,22.503474744188797,28,20,Cafeteria
773,88.0002431386124,22.50000853810437,26,11,Library
1011,88.00004939990117,22.500136816199344,15,16,Library
2818,88.00423870850705,22.502807441143183,27,20,Cafeteria
3275,88.00439043117588,22.5025062851146,16,19,Cafeteria
1991,88.00480091169362,22.503098296437596,25,19,Cafeteria
1277,88.00009832945985,22.499939625638532,9,16,Library
1783,88.00449931571957,22.5029920792436,14,12,Cafeteria
3105,88.00434981909859,22.502931858665928,22,12,Cafeteria
446,88.00009164956153,22.500094275098476,16,11,Library
880,88.00063173310647,22.49975906026845,12,16,Library
4459,87.99529192579716,22.496125336114943,8,17,Sports Complex
781,87.99966616391032,22.499830608836916,12,10,Library
1749,88.00467965440222,22.50280412212683,19,13,Cafeteria
3388,87.99574613883983,22.496713582251996,21,17,Sports Complex
4881,87.99996291852378,22.50170908768288,16,4,other
883,88.00026104021927,22.49998783691211,20,10,Library
2944,88.00465297116958,22.50319620715817,2,12,Cafeteria
1091,87.99999069444087,22.499885674586228,25,16,Library
4783,88.0053230187428,22.499833976261442,0,7,other
531,87.99958461998443,22.499756613450074,12,10,Library
4022,87.99591942899929,22.496112779545022,3,17,Sports Complex
4421,87.99567939026994,22.495842356669336,17,6,Sports Complex
4098,87.99616522716461,22.49611354909017,13,17,Sports Complex
1727,88.00441035388377,22.503095235884075,1,19,Cafeteria
610,88.0001635914141,22.499863971499472,9,14,Library
570,88.00000460459479,22.500241349371148,0,11,Library
2671,88.00415131795496,22.502389531354964,7,12,Cafeteria
3718,87.99535995811856,22.496394800713297,13,18,Sports Complex
343,87.99987326420616,22.500023211225287,3,16,Library
3000,88.0044624122453,22.503068045726778,18,13,Cafeteria
3139,88.00470398153904,22.50357394351694,29,19,Cafeteria
434,88.00037558926303,22.500661085836754,11,11,Library
1903,88.00492841823313,22.503894538048126,9,13,Cafeteria
3804,87.99527976818283,22.496428891014855,7,6,Sports Complex
4776,87.99889899922844,22.499632584606992,5,6,other
2069,88.00452521176271,22.503240507971476,0,12,Cafeteria
1537,88.00463123232329,22.502971482118355,15,20,Cafeteria
2252,88.00451271849602,22.503065746404463,19,13,Cafeteria
2346,88.00506564301638,22.502942386259814,15,19,Cafeteria
1517,88.0047508905402,22.503333151842593,28,12,Cafeteria
965,88.00036002930386,22.500221822709317,26,16,Library
4406,87.9958700995505,22.4965270773056,25,17,Sports Complex
528,88.00006493062543,22.50005241485382,3,16,Library
176,88.00000325047297,22.500304289630208,12,15,Library
3482,87.9956857805543,22.495873845663326,15,7,Sports Complex
2543,88.00419813224565,22.503155854359473,16,19,Cafeteria
4935,88.00016710300804,22.497351604670563,29,13,other
572,88.00008173184344,22.50002216439774,12,10,Library
2299,88.00428646264976,22.50219344241006,15,13,Cafeteria
3508,87.99558959200125,22.49546858352325,26,18,Sports Complex
2459,88.00498389901517,22.50280248803591,17,20,Cafeteria
3609,87.9952302152293,22.495895825113315,6,18,Sports Complex
4554,87.99330758799123,22.498493030122827,24,2,other
2208,88.00406500732048,22.50328162729275,11,20,Cafeteria
4720,87.99734333006016,22.495539061345443,6,11,other
2755,88.00424561408302,22.50306379382286,14,12,Cafeteria
383,87.99986856124458,22.49985188393521,25,11,Library
852,87.99984065321817,22.5001708923308,16,16,Library
1880,88.00433196293646,22.50366640667451,17,12,Cafeteria
370,88.00000612754357,22.499723573832878,12,11,Library
2378,88.00458869722024,22.502598367793734,12,20,Cafeteria
4323,87.995945269494,22.49615802474885,15,17,Sports Complex
1105,87.99974002351821,22.499953868660587,23,16,Library
3413,87.99516535250397,22.496352101053343,29,6,Sports Complex
3946,87.99554852226,22.49660151323107,20,18,Sports Complex
1336,87.99984664933412,22.500476034147393,19,10,Library
2189,88.00469368888135,22.5028400097001,24,13,Cafeteria
4594,88.00399302225176,22.498688748674518,29,20,other
2319,88.00455789031082,22.502890826000378,3,12,Cafeteria
4705,87.99808652877003,22.497116533248796,16,8,other
3710,87.99534640250334,22.496757479300275,18,7,Sports Complex
4848,88.00670641103196,22.49562893021342,15,1,other
1171,88.000070297856,22.500145506641772,24,11,Library
4325,87.99525273357474,22.497403102164544,17,17,Sports Complex
2694,88.00419093541119,22.503236368807247,28,19,Cafeteria
1422,87.99990876181761,22.49995132567597,14,11,Library
2341,88.00486844127978,22.50293173760325,15,13,Cafeteria
2651,88.00447015986849,22.50314225489433,15,13,Cafeteria
4155,87.99507528782395,22.49646010120651,20,7,Sports Complex
1464,87.99985486913755,22.500305770766772,4,11,Library
874,87.99999171825678,22.500279349703977,11,14,Library
3339,87.99528537583764,22.496400009708168,24,18,Sports Complex
4340,87.99543239567132,22.496750092416512,16,18,Sports Complex
1251,88.0002083822404,22.500393254931303,2,16,Library
2348,88.0045200286376,22.50309953544036,7,13,Cafeteria
840,87.99998763407258,22.50017470710505,24,11,Library
4568,87.99601967915162,22.497651295802072,12,8,other
581,87.99989617802153,22.50015030168723,12,10,Library
204,87.99965558265801,22.500102454664233,21,16,Library
1641,88.00455844147454,22.50302942337614,22,13,Cafeteria
2014,88.00511585248391,22.50307693853536,3,12,Cafeteria
905,88.00001160913703,22.50033511526295,9,11,Library
631,88.00038238757986,22.500004904164424,6,11,Library
3364,87.99570036499414,22.496821220252695,0,7,Sports Complex
1974,88.00438206887489,22.502716252240777,6,13,Cafeteria
162,88.00028964889475,22.49946953627525,29,10,Library
3172,88.00426924013817,22.503068283787965,9,13,Cafeteria
3612,87.99573175906389,22.496401799902692,14,6,Sports Complex
4675,87.9998509437557,22.500082565328388,12,19,other
617,88.00018144165597,22.499751412656348,14,10,Library
4068,87.995380880831,22.496572772023587,19,18,Sports Complex
1431,88.00020393430313,22.499886115118493,15,15,Library
547,87.99994923865349,22.499997674919715,25,11,Library
3334,87.99565914653876,22.496219897351438,11,7,Sports Complex
4546,88.00136841724839,22.503465260586786,7,5,other
4223,87.99508492744029,22.496344767440057,12,18,Sports Complex
2387,88.00477044963284,22.502827888719033,0,12,Cafeteria
4243,87.99597346566073,22.496933208337012,20,17,Sports Complex
3995,87.9957013748536,22.496615038822323,6,17,Sports Complex
4065,87.9955690596943,22.49675120854733,6,6,Sports Complex
1861,88.00424334423862,22.503449188850155,28,19,Cafeteria
640,87.99991605382517,22.500041190210307,11,10,Library
3902,87.99586476670196,22.496368882013236,7,18,Sports Complex
637,88.0000183294918,22.500387255037875,24,16,Library
4262,87.99587424929724,22.496768778182233,14,7,Sports Complex
3910,87.99515050036474,22.496215165225326,19,17,Sports Complex
2986,88.00479422116955,22.503041730650953,23,12,Cafeteria
2096,88.00412277483382,22.50309525852834,7,13,Cafeteria
4611,88.00214805762504,22.49969455711738,1,10,other
3075,88.00431050247968,22.502698892171065,6,20,Cafeteria
3674,87.99511344186025,22.496393366258186,10,18,Sports Complex
2841,88.00421809047413,22.50285079893799,6,19,Cafeteria
921,87.99974337117514,22.500292397498107,17,16,Library
546,88.00014426803179,22.50000005176623,6,10,Library
3666,87.99565778431773,22.496575062143616,18,6,Sports Complex
1900,88.00428135307027,22.503383606312283,28,20,Cafeteria
2028,88.00441730837018,22.50347778491673,10,12,Cafeteria
2301,88.00436390834531,22.503163164904308,16,20,Cafeteria
1885,88.00443619504892,22.50312951106957,7,20,Cafeteria
1642,88.00487780413842,22.503376099676146,19,19,Cafeteria
3509,87.99510826241523,22.497061657254303,18,18,Sports Complex
4809,88.0052056980696,22.49627858383471,10,20,other
2097,88.00444562960983,22.502911143540114,23,12,Cafeteria
4357,87.99514990531704,22.496299834002567,13,18,Sports Complex
3788,87.99513911288135,22.496048613365716,11,7,Sports Complex
4494,87.99599667254468,22.49613436671428,10,18,Sports Complex
4967,87.9955369626432,22.50144497249656,21,4,other
836,88.00038762512321,22.500125166430344,21,15,Library
601,87.99976945866895,22.49977448711141,8,15,Library
2184,88.00535226591789,22.503057699409485,8,12,Cafeteria
3865,87.99531805804901,22.4967075689176,25,17,Sports Complex
2481,88.00479644054296,22.502583163947076,15,13,Cafeteria
4307,87.99540914114738,22.496377540127806,21,17,Sports Complex
1582,88.00450650761665,22.50331862993436,0,19,Cafeteria
4266,87.99618724349175,22.49686154098222,1,18,Sports Complex
2533,88.00454734529158,22.50305283149281,11,13,Cafeteria
2725,88.0041651901711,22.50319457330178,5,13,Cafeteria
1070,87.99998826985528,22.50000955949874,17,10,Library
1775,88.0039392502717,22.50360398862208,15,19,Cafeteria
4808,88.00216089084627,22.503575718952057,13,22,other
1283,88.0002391755792,22.49973948889694,9,11,Library
3050,88.0041985308422,22.503160315891662,8,20,Cafeteria
4753,88.00558430656811,22.49818107177347,13,13,other
1836,88.00447828071279,22.50279938878057,16,12,Cafeteria
4242,87.99566002868418,22.49675304892712,24,7,Sports Complex
1019,88.0001060414866,22.499787148391434,6,16,Library
4133,87.9950057735378,22.496602553082543,4,18,Sports Complex
1326,87.99976516615155,22.500311722928885,23,10,Library
475,87.9999377409901,22.499902870386727,3,14,Library
4271,87.99558222484379,22.496553294281533,29,18,Sports Complex
1651,88.00483305218228,22.502701156108767,8,19,Cafeteria
3998,87.99543986633768,22.49692560228862,4,7,Sports Complex
4467,87.99595325250249,22.496615112037855,10,18,Sports Complex
2610,88.00393258196404,22.503381680075975,15,13,Cafeteria
2476,88.00440734051186,22.503538820498775,16,20,Cafeteria
2583,88.00446541473974,22.50285045167879,10,20,Cafeteria
1373,87.99959660965052,22.499853845567337,25,15,Library
739,88.00025359251626,22.50017157961424,28,11,Library
3618,87.99567351795056,22.49666934439376,28,18,Sports Complex
2440,88.00476312462136,22.50308871768788,22,20,Cafeteria
867,88.0000836141975,22.4995731605106,14,10,Library
1140,87.99992560912416,22.500452326587432,28,10,Library
997,88.00016021071532,22.499930059957876,25,14,Library
1337,87.99992438257839,22.500406489728842,20,16,Library
541,87.99971757328633,22.49989767939047,11,10,Library
1099,88.00008662211897,22.499877024388123,15,10,Library
1132,88.00040342781726,22.500049323066406,20,10,Library
4064,87.99567035952576,22.496678460536774,16,6,Sports Complex
2715,88.00451085518318,22.50375787925404,16,19,Cafeteria
2258,88.00452949231251,22.503038924461567,20,19,Cafeteria
4750,87.99394860195889,22.49822737296847,2,21,other
59,88.00024388628178,22.49993221909974,7,14,Library
2883,88.00476161911207,22.50319802863816,2,12,Cafeteria
1938,88.00457665532699,22.502950636468327,13,12,Cafeteria
2576,88.00382415488228,22.50298037566256,2,12,Cafeteria
4936,88.00181269919547,22.501322337979783,21,0,other
1078,88.00037518994766,22.500070159101124,15,15,Library
3249,88.00476331308505,22.503363584980647,21,12,Cafeteria
3127,88.00441045785752,22.502882069148768,22,19,Cafeteria
2488,88.0042651032477,22.502848591593075,29,20,Cafeteria
940,87.99967992390033,22.50043739597605,24,15,Library
1080,87.9999128369664,22.500093026368152,2,16,Library
187,87.99998179277183,22.50005028991397,22,14,Library
2634,88.00430200708449,22.502763652875675,16,19,Cafeteria
2085,88.00478632872297,22.50294513734965,28,13,Cafeteria
2249,88.00430544165602,22.503106946366632,28,13,Cafeteria
4890,88.00125632657578,22.505802284660977,7,14,other
2023,88.00398114928011,22.50298234557521,20,13,Cafeteria
3539,87.99553341171448,22.49683966192292,9,6,Sports Complex
4048,87.99588726161979,22.49737790719557,3,17,Sports Complex
3606,87.99536998829262,22.496851178062457,19,18,Sports Complex
226,88.00001607000478,22.49986600913872,6,15,Library
4847,88.00263519259049,22.50005493603477,9,7,other
1929,88.00412813347035,22.502728444527854,25,12,Cafeteria
3055,88.00450101279246,22.50252770122373,6,12,Cafeteria
4489,87.99570829591508,22.497018991503236,5,6,Sports Complex
1404,88.00024901192145,22.499620706575833,16,10,Library
2179,88.0048666683125,22.503072941872293,24,12,Cafeteria
697,87.99968722160591,22.500004786944356,17,16,Library
1124,88.00040835788307,22.50010244069899,0,14,Library
3361,87.99509217930002,22.496133278768852,4,17,Sports Complex
4135,87.9958381488813,22.49591503370633,23,17,Sports Complex
1778,88.00394649759806,22.502931692035247,19,19,Cafeteria
2858,88.00436948448028,22.50258878952511,14,19,Cafeteria
1037,87.99963390627995,22.500229613610987,1,10,Library
4456,87.9952587531819,22.496408319247752,9,18,Sports Complex
2256,88.00406138994497,22.503025478748672,20,20,Cafeteria
313,88.000203377409,22.500224209828968,12,15,Library
2281,88.0049109055487,22.503050189670162,12,13,Cafeteria
1416,88.00001425328122,22.499956109013624,24,11,Library
1036,87.99969355858426,22.500243954179837,13,14,Library
2159,88.00440745920002,22.50284223532268,1,12,Cafeteria
4163,87.99451628008919,22.49645937521646,22,7,Sports Complex
1754,88.0049191106155,22.503162406629293,27,13,Cafeteria
3112,88.00401289457638,22.502509919497744,21,20,Cafeteria
2813,88.00475205009552,22.502880671432596,11,20,Cafeteria
2698,88.00482893036856,22.502897172452073,4,12,Cafeteria
3207,88.00435621352882,22.503443133324865,20,19,Cafeteria
4350,87.99495038596501,22.49632788168557,6,17,Sports Complex
3431,87.9952543149456,22.496454745890038,13,17,Sports Complex
1506,88.00454764958191,22.502822173941386,26,19,Cafeteria
1923,88.00485599424266,22.503240722095796,24,20,Cafeteria
448,87.99987153327066,22.500281512562694,22,15,Library
4128,87.99567220141894,22.496894237707405,17,7,Sports Complex
2528,88.00458101758628,22.50292607382395,2,20,Cafeteria
4969,87.9965154031319,22.496483437823382,16,23,other
2789,88.00447190267157,22.50339549896638,10,13,Cafeteria
361,88.00038318472825,22.50020270206829,29,11,Library
2183,88.00439041862421,22.502673470392978,24,19,Cafeteria
1134,87.99993896084118,22.500424989343642,19,15,Library
3880,87.99551410769477,22.496705952663085,21,6,Sports Complex
2155,88.0042319156495,22.503159842485935,24,20,Cafeteria
1830,88.00478678124273,22.50240818354154,0,19,Cafeteria
1053,88.00006516844145,22.50009740354434,19,11,Library
22,88.00001688205117,22.49994337897529,6,11,Library
2066,88.00454053242014,22.50265010471202,9,13,Cafeteria
1653,88.0046644134922,22.503196439039595,26,12,Cafeteria
2587,88.00473884009946,22.503178402677552,4,13,Cafeteria
3210,88.00462361324864,22.503238320889192,28,19,Cafeteria
4302,87.99543712936955,22.496383975214098,18,17,Sports Complex
4036,87.99594534993399,22.496377701267278,21,6,Sports Complex
2325,88.00456914898636,22.503344295425247,10,19,Cafeteria
460,88.00049118128322,22.499986276499847,27,10,Library
1067,88.00029020669685,22.500162784060457,5,15,Library
87,88.00008218777741,22.499908243040228,11,10,Library
1430,88.00007685167445,22.500217288648123,6,15,Library
2647,88.00453309640892,22.503592440239895,6,19,Cafeteria
282,88.00039650420403,22.499623819906493,29,16,Library
462,87.999825068623,22.500130280607095,4,15,Library
212,88.00023850044087,22.499456832613497,25,11,Library
2499,88.00480716239863,22.50326353052285,23,20,Cafeteria
1368,87.9998891794372,22.500133704334086,26,10,Library
234,88.00053598602233,22.500199985475486,29,15,Library
2770,88.0050167242882,22.503143750463096,21,13,Cafeteria
597,87.99975530907105,22.49973203569174,20,16,Library
4420,87.99530126725524,22.496911184920155,6,6,Sports Complex
2250,88.00430491090215,22.50288506473886,27,12,Cafeteria
4031,87.995562267937,22.49741086795621,10,6,Sports Complex
2283,88.00455387473784,22.50250882554421,26,19,Cafeteria
662,87.99999181168245,22.500124555437125,16,11,Library
4963,87.99558478089432,22.495569589337297,2,18,other
2285,88.00487830419297,22.503351625848676,18,19,Cafeteria
4716,88.00139246346102,22.500698306823598,5,19,other
3193,88.00493790016998,22.50313182115347,15,19,Cafeteria
2503,88.00525088877268,22.502674419618064,10,12,Cafeteria
4043,87.99549535091887,22.496160083545803,3,18,Sports Complex
779,88.00015516802439,22.500115647823215,17,16,Library
4019,87.99484559391833,22.496457825905136,25,7,Sports Complex
3426,87.9955550712987,22.49633668336114,16,18,Sports Complex
4306,87.99492661401932,22.496457774938055,16,6,Sports Complex
3196,88.00444193935401,22.502757911683794,16,20,Cafeteria
4835,88.0002130491478,22.500665580070905,21,15,other
685,88.00017824960754,22.500383358425324,14,10,Library
3169,88.00416023459762,22.502833187379924,18,12,Cafeteria
3926,87.99550514293345,22.49688481231999,23,7,Sports Complex
3434,87.99545335244967,22.496829566654743,1,6,Sports Complex
2171,88.00486613485664,22.503152742228682,1,12,Cafeteria
3689,87.99537660881505,22.496932771329266,7,18,Sports Complex
1850,88.0048213071839,22.502841348274615,8,13,Cafeteria
487,87.99972961299909,22.50012904457178,26,14,Library
1688,88.00514146271426,22.503437376307236,9,13,Cafeteria
2230,88.00445642819777,22.502834089282345,27,13,Cafeteria
3264,88.00485826950833,22.502848186227844,22,12,Cafeteria
2320,88.00443566686485,22.502870038977843,12,13,Cafeteria
782,88.00009504946276,22.50029852735076,25,14,Library
521,88.00013584004809,22.50006934423449,29,15,Library
522,87.99983434406026,22.50034016464896,19,11,Library
2837,88.00390302310998,22.502625098155423,2,12,Cafeteria
4539,88.00276342586197,22.49733664267156,21,9,other
2398,88.00445145705883,22.50297209187666,27,19,Cafeteria
2207,88.00386092992126,22.502437532820814,20,20,Cafeteria
3477,87.99536532279174,22.496263375249647,21,7,Sports Complex
3552,87.99572991454721,22.496626890081885,21,18,Sports Complex
4087,87.99590546519877,22.49631144580188,9,17,Sports Complex
2822,88.00455143984,22.502931351808243,2,13,Cafeteria
1511,88.00419479954463,22.502640603718177,13,12,Cafeteria
1882,88.00484310272182,22.50307026603782,17,20,Cafeteria
651,88.00028164125739,22.500415367541432,9,16,Library
4930,87.99720573802301,22.495070045726237,13,7,other
3089,88.00442521424281,22.502943398305526,5,20,Cafeteria
369,87.99980674755403,22.49989729642801,8,14,Library
4997,87.99793843017524,22.49937932574997,13,7,other
118,88.00028570570363,22.499893410600947,19,15,Library
3320,87.99541390163158,22.496175720360828,17,7,Sports Complex
3034,88.00494179322159,22.503010473740648,4,13,Cafeteria
2216,88.00459256377079,22.503051014221498,29,12,Cafeteria
3542,87.99489837435547,22.496730062383293,17,17,Sports Complex
1613,88.00451332216383,22.503197457652195,9,19,Cafeteria
3151,88.00472842578772,22.5035377206196,4,13,Cafeteria
962,88.00004913029242,22.50012056223817,9,15,Library
2510,88.00477325914427,22.503076261768328,24,19,Cafeteria
3831,87.99564088067342,22.49579069777819,20,7,Sports Complex
2823,88.0037293597361,22.50301328989842,17,20,Cafeteria
4343,87.9955249505412,22.496285907407405,27,7,Sports Complex
3032,88.0047055256116,22.502862947310994,2,13,Cafeteria
2415,88.00458706036737,22.502670968116963,5,12,Cafeteria
4654,87.99748352422517,22.502435391494146,9,6,other
4236,87.99563077869198,22.496811449933126,19,7,Sports Complex
2185,88.0049901103052,22.503343303455267,6,12,Cafeteria
3669,87.99565181166328,22.496409796403444,12,6,Sports Complex
2037,88.00415056089547,22.503260735171096,18,13,Cafeteria
4362,87.99521077215016,22.496775546702594,19,7,Sports Complex
772,88.00015810193476,22.49983107298021,27,11,Library
1284,87.99980350263488,22.499878199269702,17,10,Library
4603,88.00678245341165,22.502162957888384,8,22,other
4794,88.00430029272991,22.495375889958297,27,0,other
1414,87.9998391204424,22.5001713769347,17,10,Library
1234,87.999799081358,22.500496765277926,12,16,Library
2699,88.00470819025456,22.50327043024954,4,20,Cafeteria
435,88.0000185236951,22.499624257417903,29,16,Library
1674,88.00446300770439,22.50331758571579,16,12,Cafeteria
365,87.99989969488203,22.499584377002993,8,10,Library
2649,88.00468679895818,22.50273096776586,29,19,Cafeteria
231,88.0000541146474,22.49991267080097,15,16,Library
4267,87.9956173061983,22.49604150820597,19,6,Sports Complex
4041,87.9956391347148,22.496963925076905,25,7,Sports Complex
4399,87.99552621065453,22.49728293987697,11,18,Sports Complex
407,87.99996440512875,22.499718308132774,1,16,Library
2090,88.00447492107149,22.502375384099473,12,19,Cafeteria
86,88.00022885052942,22.50004411038882,28,14,Library
844,88.00004161305205,22.499461664270033,13,14,Library
1031,87.99958285398154,22.499768404717504,26,11,Library
2855,88.00461369420715,22.502623702632285,24,20,Cafeteria
4109,87.9952291767974,22.496957497398103,0,7,Sports Complex
4396,87.99494971930957,22.49657121870121,26,18,Sports Complex
3893,87.99582890741861,22.496443424671934,16,18,Sports Complex
2658,88.00458091921215,22.502814846256197,13,19,Cafeteria
855,87.99985731342656,22.50006531263281,8,16,Library
78,88.00002294019413,22.4998163521058,22,15,Library
2247,88.00475537373451,22.502874699393683,25,19,Cafeteria
4570,87.996547300328,22.49443527881628,16,23,other
3656,87.99539347929513,22.496040265270576,19,6,Sports Complex
4151,87.99531573117582,22.49735601934919,20,17,Sports Complex
3378,87.99545566759043,22.496622365365862,11,17,Sports Complex
2279,88.00423651575629,22.503485974586198,24,13,Cafeteria
2598,88.00364320322713,22.50286123574237,21,12,Cafeteria
4159,87.99615398451583,22.49654718049815,19,18,Sports Complex
3870,87.99530465335913,22.49629644673287,17,17,Sports Complex
3428,87.99477475270938,22.496480436236688,22,6,Sports Complex
2176,88.00476413505822,22.503183661436168,20,12,Cafeteria
424,88.0001613439874,22.500518520667438,25,15,Library
392,87.99966994169824,22.49989090352737,21,10,Library
4726,88.0005167121108,22.49754445419249,7,2,other
3693,87.99566072146357,22.496774212976916,8,17,Sports Complex
104,87.99995967857208,22.499879314119454,20,14,Library
3994,87.99555019208638,22.496293098609527,15,17,Sports Complex
4412,87.99551914320288,22.4963578470042,21,17,Sports Complex
1948,88.00484665887677,22.50303005784003,14,12,Cafeteria
1459,88.00016829533782,22.499723426621898,11,14,Library
3257,88.00474956645809,22.502796477240498,24,13,Cafeteria
2803,88.00476029651895,22.502837340953445,12,20,Cafeteria
2706,88.00426694735563,22.503155157159114,23,19,Cafeteria
4789,87.99363519991184,22.494361725537573,14,6,other
1587,88.00404812758431,22.502800941098606,16,12,Cafeteria
3659,87.99619498674386,22.496545097367477,0,18,Sports Complex
1731,88.00453434278793,22.502791107106685,29,12,Cafeteria
4764,87.99399124919198,22.49657193314344,27,16,other
4224,87.99556402009728,22.496525287196985,27,17,Sports Complex
3681,87.995583474624,22.496299203899497,2,6,Sports Complex
1791,88.00426919962477,22.50332125462427,6,20,Cafeteria
2355,88.00447410509636,22.502798072268245,20,12,Cafeteria
1940,88.00472265849402,22.502373974463303,22,13,Cafeteria
702,87.99982391407737,22.500179939485538,17,15,Library
2442,88.00471718995587,22.50276314434827,20,20,Cafeteria
4375,87.995498781703,22.496328167867595,2,7,Sports Complex
496,87.99974068846142,22.49999336968519,6,10,Library
464,87.99997191798758,22.5001389011165,14,16,Library
4071,87.99522237258098,22.49639481240519,9,17,Sports Complex
4333,87.99482687429983,22.496248826301837,20,6,Sports Complex
172,87.99998072457265,22.499902060462738,25,16,Library
4943,88.00359973353568,22.494576304651197,18,7,other
4796,88.00610668157562,22.501674484206603,23,11,other
2540,88.0047014192114,22.502818264042137,14,19,Cafeteria
3262,88.00465444036897,22.503075710651036,9,13,Cafeteria
4680,88.0031651305935,22.49858949340145,15,14,other
2260,88.00487485921708,22.50284255564733,26,19,Cafeteria
2112,88.0047727891679,22.50344779794495,9,19,Cafeteria
900,88.00009216832721,22.499819565611666,10,11,Library
1446,87.99986784582956,22.50002130236241,15,16,Library
3573,87.99516372715462,22.49563287285848,8,6,Sports Complex
741,87.99968010575832,22.500146103245118,22,15,Library
2293,88.00469686694126,22.503213751151854,16,13,Cafeteria
2452,88.00460928392823,22.50350021556538,6,19,Cafeteria
2622,88.00451923842814,22.503379495399496,29,19,Cafeteria
4078,87.99534953496318,22.496682855823824,16,6,Sports Complex
1206,87.99982450207804,22.500036221958275,28,16,Library
509,87.99979226247089,22.500234392534406,16,15,Library
2620,88.00465055775712,22.50254466027204,22,13,Cafeteria
2802,88.0046549039139,22.50297576541748,10,19,Cafeteria
3313,87.99542023760443,22.496683604639067,2,7,Sports Complex
1549,88.00451807730319,22.502818928664258,28,12,Cafeteria
4563,87.99534075981255,22.49534735527007,24,15,other
2202,88.00430533810018,22.5031105156474,19,20,Cafeteria
2566,88.00421423316459,22.50304107222762,23,12,Cafeteria
3892,87.9961890650583,22.496093051346236,9,18,Sports Complex
2044,88.00423181338276,22.50277554125548,27,20,Cafeteria
767,88.00044270015891,22.50007991295648,3,16,Library
4872,88.00398445775483,22.49407801376194,5,23,other
3738,87.99523640893429,22.496475551846135,20,6,Sports Complex
421,88.00043883521062,22.50018697756403,23,16,Library
123,87.9996495372343,22.499832963978616,9,14,Library
4162,87.99552417981747,22.49646198417077,3,17,Sports Complex
2628,88.00411930255305,22.503228109628346,29,13,Cafeteria
819,88.00026637009377,22.499724961441757,8,16,Library
1403,88.00017973832766,22.500082377183894,8,14,Library
1382,88.00053932705332,22.499848283705536,4,11,Library
2148,88.00432801521322,22.503419347722637,28,20,Cafeteria
1575,88.00421899195605,22.503447824113334,10,13,Cafeteria
1638,88.0043924642182,22.50238224014707,14,20,Cafeteria
1795,88.0043016529946,22.50332460517175,27,13,Cafeteria
4815,87.99786628635121,22.495784254736424,13,19,other
399,88.00030945407799,22.499926129920492,21,14,Library
2310,88.00501519933418,22.50271309525922,8,13,Cafeteria
882,87.99987764013937,22.500085946970387,24,14,Library
4973,88.00602429678182,22.500348256086713,4,16,other
2897,88.00485043340326,22.502992579312593,5,19,Cafeteria
1352,88.00013536568206,22.499723784301736,21,14,Library
2742,88.00442116511141,22.50297905255287,27,19,Cafeteria
4550,87.99710396714362,22.500762618971606,17,9,other
2130,88.00478903536668,22.502818463158018,27,12,Cafeteria
982,87.99975825596422,22.50049812883829,26,14,Library
456,87.99997324241001,22.499466081446506,20,16,Library
4119,87.99554742198032,22.495990383727328,4,17,Sports Complex
1079,88.00021255543552,22.50043965512105,16,14,Library
1950,88.00474399482178,22.50324064937475,24,19,Cafeteria
4314,87.99573965019893,22.496364378967858,11,6,Sports Complex
689,88.00011106582787,22.50014713831744,6,16,Library
2429,88.0048970465469,22.50261495717881,20,13,Cafeteria
641,88.00041725538132,22.500012721925465,3,11,Library
2392,88.00452770705103,22.502436382812096,1,13,Cafeteria
1953,88.00386489758434,22.5031406536625,28,13,Cafeteria
2748,88.00529710114628,22.503456295572075,6,13,Cafeteria
4313,87.99546900012646,22.496402470283144,25,7,Sports Complex
3435,87.99557192024966,22.496526781321787,14,7,Sports Complex
3336,87.9955906106305,22.496487602950758,26,6,Sports Complex
4766,87.99413525479659,22.50115651941232,24,21,other
3370,87.9953303800024,22.496257465048416,21,6,Sports Complex
1884,88.00430710228295,22.503317170321406,29,12,Cafeteria
389,87.99985577408609,22.49999638693228,2,16,Library
2494,88.00440300106276,22.50304037669278,25,13,Cafeteria
3878,87.99534750120867,22.496240354893647,21,6,Sports Complex
3856,87.99590652606697,22.49643449205825,6,7,Sports Complex
845,88.000123112816,22.500274288177938,13,10,Library
542,88.00013245104448,22.499868977900515,9,16,Library
91,88.00024216124763,22.499269662379128,22,14,Library
3889,87.99567684147011,22.496542955117697,26,7,Sports Complex
1979,88.00494049724,22.502989763172764,25,13,Cafeteria
2812,88.00420844884317,22.502748170280594,28,19,Cafeteria
4082,87.99525968841387,22.497041802877288,11,6,Sports Complex
2902,88.00472931880398,22.503223611687602,6,19,Cafeteria
2529,88.00438518072102,22.50292943100182,16,13,Cafeteria
1676,88.00457637412978,22.502643179212793,23,12,Cafeteria
1048,88.00036913508742,22.500255345823856,6,14,Library
1960,88.00399844301606,22.503452419093847,9,20,Cafeteria
2530,88.0049505112057,22.50233495354883,4,20,Cafeteria
3992,87.99561571464139,22.49635305355146,21,18,Sports Complex
237,88.00004661357869,22.499733049269604,14,10,Library
3097,88.00461941246783,22.503505540050284,15,13,Cafeteria
3488,87.99563289488711,22.49701606870258,1,18,Sports Complex
1133,88.00011338357538,22.50007782716836,23,14,Library
1805,88.00486846852765,22.502605374627358,3,20,Cafeteria
4317,87.99625204720289,22.49659773403543,10,18,Sports Complex
163,87.99979482942041,22.499848044503228,11,10,Library
3492,87.99538803245271,22.49610970580807,17,6,Sports Complex
4709,88.00068181757848,22.499951729600312,12,17,other
4630,88.0000322266723,22.49939944542937,27,9,other
3453,87.99537614936303,22.496846698389607,8,17,Sports Complex
3199,88.00397028694391,22.50309681067595,24,20,Cafeteria
3634,87.9957880460072,22.496677305685097,23,6,Sports Complex
3939,87.99622114794447,22.496400709822677,13,17,Sports Complex
1811,88.00432224943185,22.502704794685123,29,20,Cafeteria
3649,87.99547090326601,22.496503299226198,16,17,Sports Complex
4049,87.99506242439094,22.497132400609452,15,17,Sports Complex
1428,87.9999446865941,22.50039452951439,16,15,Library
3613,87.994975477576,22.4962843903597,29,6,Sports Complex
3131,88.00434384603436,22.503400299548055,25,19,Cafeteria
3396,87.99563999879354,22.496763369181977,16,6,Sports Complex
4460,87.99505212325309,22.496614418802483,10,7,Sports Complex
4649,88.00419317505548,22.501239766853352,5,10,other
2820,88.00452628657703,22.502678584360844,10,12,Cafeteria
1452,88.00006018829487,22.50011666774549,22,16,Library
593,88.00008341552632,22.499715291720555,15,11,Library
41,88.0000428420703,22.50044306289917,7,11,Library
560,88.00007244371423,22.50021272449054,27,10,Library
3273,88.00466917522093,22.502463934189457,14,20,Cafeteria
3244,88.00454536953646,22.503287512711395,20,19,Cafeteria
243,88.00021643879855,22.500290469575653,19,16,Library
1339,88.0000426040556,22.4999602386974,17,10,Library
2780,88.00453211808608,22.503079625799554,24,19,Cafeteria
3187,88.00435572180798,22.503276476726192,17,13,Cafeteria
3799,87.99589141834788,22.496519847327093,21,6,Sports Complex
1442,88.00004525538968,22.5001601199488,17,16,Library
261,87.99998511866099,22.500185531872766,0,11,Library
2764,88.00419637676717,22.50258375331068,6,13,Cafeteria
1689,88.00489543160815,22.503270632255624,0,20,Cafeteria
1725,88.004364255832,22.50333759639179,18,12,Cafeteria
4792,87.99676065139931,22.498424885123185,28,13,other
834,87.99999132877815,22.50022259579088,7,14,Library
1866,88.00451428630598,22.50321005078885,6,19,Cafeteria
2496,88.0046932607832,22.502850482073676,14,13,Cafeteria
2010,88.00423272322237,22.502515114678772,14,20,Cafeteria
340,87.99979444490111,22.49996786562214,9,10,Library
2988,88.0043938988247,22.502683325306364,26,19,Cafeteria
1601,88.0045789242405,22.50293407553629,13,19,Cafeteria
3875,87.9950269023638,22.496713328463674,4,7,Sports Complex
4694,87.99427888918038,22.50103870272897,10,18,other
480,87.99996802060213,22.499757085816366,12,15,Library
2825,88.00470511873365,22.5026318231974,29,20,Cafeteria
4329,87.99530589236585,22.496481375647306,11,18,Sports Complex
3540,87.99513963616013,22.496644680210196,25,7,Sports Complex
4638,87.99672229879539,22.50446918829042,6,0,other
3046,88.00455552034913,22.5022267964931,25,12,Cafeteria
3990,87.99522900552716,22.496847809092007,2,6,Sports Complex
1766,88.00469494691562,22.503132394306817,25,13,Cafeteria
4473,87.9953647267884,22.496268948246435,0,6,Sports Complex
2453,88.00415857127867,22.50323113685743,22,20,Cafeteria
2877,88.00403512568074,22.502751378597168,21,20,Cafeteria
3815,87.99569797151567,22.496258130967913,24,7,Sports Complex
4016,87.99533541049931,22.495927119347492,18,18,Sports Complex
4677,87.99639917570339,22.496376925440703,20,1,other
3679,87.99499613715423,22.496127859459715,0,7,Sports Complex
1271,88.00015228453023,22.499813355413366,18,16,Library
3077,88.00487469191411,22.502942421578876,13,13,Cafeteria
4501,87.9967689388676,22.499247321229372,29,2,other
3094,88.00406443489734,22.50284268104084,23,12,Cafeteria
4653,88.00560878212433,22.50424385375339,17,18,other
347,87.9996481340564,22.499783456287947,3,14,Library
3881,87.99581322552156,22.496653127171218,19,18,Sports Complex
4623,87.99965556320609,22.49595446673797,12,8,other
2562,88.00449959890143,22.5033308276126,9,19,Cafeteria
4590,87.9995557930237,22.503291200930253,15,20,other
1423,87.99979019758317,22.499983952955724,28,11,Library
656,88.00000348232298,22.49990620090492,16,11,Library
2102,88.00513660781388,22.503012818439153,14,20,Cafeteria
632,87.99996049802536,22.500168215308992,3,16,Library
2892,88.00447044751674,22.50293886524358,17,20,Cafeteria
2493,88.00447426704544,22.503378032859718,12,20,Cafeteria
2665,88.00456349858298,22.503306730779578,20,19,Cafeteria
4015,87.99519921027623,22.49680358807255,17,7,Sports Complex
3662,87.99540927236545,22.496376221605793,1,7,Sports Complex
3307,87.99496674076627,22.496204353950453,24,18,Sports Complex
3096,88.00430880140381,22.502723528980436,23,13,Cafeteria
3919,87.99565601594793,22.496348088325988,18,17,Sports Complex
2500,88.00420141339997,22.503070419090722,7,20,Cafeteria
1465,88.0001471446011,22.499935286399907,12,15,Library
2833,88.0044977414875,22.50333773118484,15,12,Cafeteria
115,88.00007538683559,22.50079827689196,23,10,Library
1821,88.00409368632101,22.502748398989233,20,12,Cafeteria
1494,88.00038552748815,22.499762020384996,22,16,Library
2401,88.00438110451084,22.5026753747225,22,13,Cafeteria
1232,87.99997792948791,22.500140720215043,20,14,Library
2661,88.00485679985029,22.50334155109188,11,19,Cafeteria
4100,87.99588726000331,22.496153271072878,1,6,Sports Complex
4573,88.00097482145978,22.497679779857144,21,17,other
1153,87.99966922755165,22.500257645146405,21,10,Library
3848,87.99531350730594,22.496471344037985,1,6,Sports Complex
57,87.99992269690604,22.49979920526233,19,10,Library
4104,87.99569925126315,22.496914015171285,1,7,Sports Complex
4288,87.99552302464133,22.496617916142394,11,17,Sports Complex
4945,87.99765634518154,22.502340863423214,14,5,other
1735,88.00448782843814,22.50307193214602,12,19,Cafeteria
2196,88.00423845167002,22.50302598680766,19,12,Cafeteria
3553,87.99524717840839,22.49690692682054,18,18,Sports Complex
2475,88.00444000345496,22.502967765278175,9,13,Cafeteria
2564,88.00511458945924,22.50287001575757,26,12,Cafeteria
3158,88.00435695435266,22.50292823879478,12,12,Cafeteria
4034,87.99550125391065,22.496371510040476,13,7,Sports Complex
3655,87.9953266747157,22.49656351137222,7,17,Sports Complex
707,88.0004386985455,22.500088903337197,1,16,Library
4280,87.9959915106987,22.49664747608901,29,6,Sports Complex
1093,88.00001298647145,22.5000145056837,4,11,Library
4839,88.00372155765747,22.505821514684115,15,21,other
1376,87.99983273181533,22.499765873406304,19,10,Library
4913,87.9944544789618,22.49567167040007,26,7,other
72,87.99999104349023,22.500073389483042,11,15,Library
1922,88.0046563643735,22.50388826090714,17,20,Cafeteria
3173,88.00457324876636,22.503173485775765,28,19,Cafeteria
1764,88.00510610786064,22.503060606470953,8,19,Cafeteria
743,88.00000652276255,22.49960893959707,14,14,Library
4318,87.99568242552692,22.495901438714515,19,18,Sports Complex
1005,88.00009837134635,22.499793647367504,22,11,Library
2668,88.00375342704321,22.503251873212445,19,13,Cafeteria
1190,88.00002634387654,22.499745829217854,8,15,Library
4631,87.99573767757698,22.495468149013888,27,7,other
2601,88.00494735049426,22.502830592365274,23,20,Cafeteria
1125,87.99971341365175,22.49978472802246,20,10,Library
1241,87.99994910490997,22.50011582213253,10,15,Library
4606,87.99852944598655,22.50520514543768,22,19,other
4130,87.99516325057014,22.49720067286074,24,18,Sports Complex
3442,87.99521772162984,22.49676709980525,18,6,Sports Complex
998,87.99985720525255,22.50019759297401,6,10,Library
3386,87.99582657331202,22.49672233593781,21,6,Sports Complex
2684,88.00474402213536,22.502624447112172,13,13,Cafeteria
1577,88.00407064113323,22.50354053961738,2,12,Cafeteria
4790,88.00080236760778,22.50279170690931,8,3,other
1826,88.00370090375786,22.50315181041674,11,12,Cafeteria
3292,88.00437192821298,22.502365346558673,10,20,Cafeteria
4989,87.99632646295775,22.503688046048637,24,0,other
3536,87.99596060259691,22.496654173073658,16,6,Sports Complex
440,88.00009601636224,22.500077012634875,21,10,Library
4951,88.00064915887437,22.503472512928532,3,3,other
1100,88.00024950252747,22.49953086182349,4,16,Library
4010,87.99462809350716,22.496697574371417,23,17,Sports Complex
3058,88.00453521290896,22.50335480401652,6,12,Cafeteria
649,88.0001740515912,22.49958920279721,4,10,Library
1546,88.00505117151782,22.50302615356706,29,12,Cafeteria
4756,87.99599655568478,22.497168805628085,3,13,other
3560,87.99530139345158,22.496092095465823,1,17,Sports Complex
3886,87.99535069012731,22.49638599138739,12,6,Sports Complex
3741,87.99533060548114,22.496741745311272,5,18,Sports Complex
630,87.99957688384256,22.5001096189347,16,11,Library
672,87.99991432810148,22.499920038119186,2,10,Library
1249,87.99961102608844,22.499948882194754,23,15,Library
482,87.99959838841994,22.499843320693852,6,15,Library
1584,88.00447944182653,22.50276339104724,15,20,Cafeteria
3074,88.00385665374887,22.502668473071292,0,20,Cafeteria
4627,88.00312199943431,22.498528181479678,11,22,other
3038,88.00438405625863,22.502943459288975,17,20,Cafeteria
1462,87.99994774418568,22.499867755572986,4,15,Library
3929,87.99574985710544,22.496871528205013,12,6,Sports Complex
3621,87.99539307518793,22.495991857839194,7,6,Sports Complex
2578,88.00437877019533,22.502760961076916,3,13,Cafeteria
3801,87.99557839823912,22.49649047505367,24,17,Sports Complex
49,87.99955923996116,22.500306733305973,7,10,Library
4289,87.99528970962632,22.496658296032177,14,7,Sports Complex
3344,87.99523728061232,22.49651237999598,7,6,Sports Complex
858,87.99986194423893,22.499555941191776,12,10,Library
1072,88.00001920547277,22.499925080837997,3,15,Library
719,87.99998576359407,22.499938243574814,18,10,Library
3717,87.99560677989166,22.496335594571228,24,18,Sports Complex
2631,88.00393660115272,22.502855491485377,29,12,Cafeteria
4873,88.00528614481547,22.500346727598384,24,15,other
1660,88.00463108832261,22.50316705482058,29,19,Cafeteria
1656,88.00453436310232,22.503283811324,4,13,Cafeteria
2425,88.00439254647875,22.503476963067072,1,19,Cafeteria
3524,87.99583967096088,22.49673749237912,0,7,Sports Complex
4229,87.99526482894134,22.49680435038153,9,6,Sports Complex
4974,88.00076106360879,22.498585301643665,15,16,other
3309,87.99560264955016,22.496726360377398,1,6,Sports Complex
4476,87.99561202036703,22.49602020528431,23,18,Sports Complex
3305,87.99584717420846,22.49687846093522,20,18,Sports Complex
4751,88.00570956602901,22.499891101127837,29,8,other
4126,87.99536291528668,22.496234467179463,1,18,Sports Complex
2606,88.00495970959925,22.503283262593975,20,19,Cafeteria
1385,88.0000748231451,22.499875067455964,3,10,Library
3835,87.9951622340468,22.496275218632547,16,17,Sports Complex
1399,87.99983577643026,22.5000718322261,16,10,Library
1195,88.00011011868449,22.500357841695457,24,14,Library
1408,87.99991933004029,22.4998874967855,17,15,Library
3824,87.99549978703119,22.4966330236042,15,18,Sports Complex
1798,88.00418020326593,22.503087138066793,3,13,Cafeteria
1475,88.00016207010846,22.50002643844782,2,14,Library
4965,87.99589494183053,22.495066217820856,0,23,other
35,87.99969478908751,22.499601324233183,1,15,Library
3541,87.99557942618034,22.49651911412402,9,17,Sports Complex
2345,88.00447281653193,22.50274711854214,1,19,Cafeteria
4678,88.00661625351452,22.496617105540878,0,2,other
2359,88.00492267646807,22.502761013736055,22,20,Cafeteria
2206,88.00449283947879,22.50340080794441,29,12,Cafeteria
3767,87.9954474482588,22.496970499601332,20,17,Sports Complex
1286,87.99954094865673,22.49980750098345,6,11,Library
349,87.99994663821207,22.50010679859047,22,10,Library
2137,88.00469266293169,22.502537813163784,13,13,Cafeteria
2691,88.00415253569587,22.503184257646872,4,19,Cafeteria
4560,88.00504206235347,22.49460259157905,12,21,other
3967,87.99598946939759,22.495980607329187,27,6,Sports Complex
1681,88.00384499532447,22.50338051338617,2,19,Cafeteria
4834,87.99354875569638,22.49865379851133,8,20,other
1443,87.99967579201301,22.4999523742235,25,11,Library
3243,88.0046586123764,22.503044712959376,6,20,Cafeteria
1671,88.0044704147069,22.503390196825862,13,20,Cafeteria
3836,87.99581377488458,22.49648789972108,24,7,Sports Complex
1179,87.9997241026707,22.499934137945978,10,10,Library
2798,88.00453888211169,22.50249218014769,0,13,Cafeteria
1692,88.00469047114346,22.502953334010858,19,20,Cafeteria
3956,87.9952124117108,22.497045006311396,1,18,Sports Complex
372,88.00036278590194,22.499922991428953,14,11,Library
3610,87.99600176875694,22.496443842484858,11,17,Sports Complex
1916,88.0046431373043,22.503156583189398,9,19,Cafeteria
1357,88.00009795100135,22.499942368843705,27,11,Library
1825,88.00423546026866,22.503294517402264,8,12,Cafeteria
786,88.00020848053863,22.50019584762732,11,11,Library
469,87.99985604543984,22.500283442524218,18,16,Library
140,88.00005686498365,22.50000605486417,6,15,Library
788,87.99998245857213,22.499850622451326,13,15,Library
323,88.00052309681892,22.499837499354793,6,14,Library
50,88.00008102099235,22.49997496148088,25,10,Library
714,87.99999059132439,22.49988248946306,8,16,Library
4889,88.00170417261432,22.497907781838077,11,17,other
2840,88.00485547338616,22.503125188719274,1,19,Cafeteria
2446,88.00422322831828,22.50302005447489,25,13,Cafeteria
4813,88.00492143127403,22.494463941771862,21,22,other
4419,87.99592798277276,22.496168790162038,22,6,Sports Complex
4596,88.00438292328958,22.50198926905273,19,4,other
3015,88.00532699184309,22.503084433516715,21,12,Cafeteria
2666,88.00476096148527,22.502506502599353,29,19,Cafeteria
406,87.99973309489265,22.499607280961982,22,10,Library
3724,87.99519962438889,22.49615249595312,25,6,Sports Complex
1004,88.00017455582841,22.49972871236836,4,14,Library
3787,87.99554083161291,22.49710145386546,0,18,Sports Complex
890,88.0002051205453,22.49953845303444,24,11,Library
2411,88.00452983556907,22.503481972157424,23,20,Cafeteria
2545,88.00435660104037,22.50282575997195,25,13,Cafeteria
4833,88.00564078048754,22.498546588554614,26,13,other
2390,88.00447644540974,22.50324859181383,10,20,Cafeteria
3940,87.99558820131642,22.49696072069313,12,7,Sports Complex
42,87.99997108792941,22.500415314803636,28,16,Library
2830,88.00433234376722,22.50339488026545,4,19,Cafeteria
3965,87.99526430501616,22.496953689848414,14,18,Sports Complex
303,88.00015259256635,22.499621571401846,27,10,Library
4513,88.00675304525453,22.499089916196073,12,14,other
3747,87.99454714105066,22.496736482558642,14,6,Sports Complex
664,87.99982178855433,22.500395135171644,14,15,Library
1177,87.9999754150933,22.49960879930716,18,11,Library
2676,88.00439329533052,22.50292929288508,7,13,Cafeteria
1947,88.00416610680665,22.503198269151337,7,19,Cafeteria
2501,88.00380334559681,22.50346970688511,13,12,Cafeteria
1473,88.00000367204868,22.500496818999807,11,16,Library
3483,87.99512438340409,22.496852491238194,23,17,Sports Complex
3520,87.99582712914757,22.496629803727366,15,18,Sports Complex
2132,88.00409692855489,22.50317195957355,20,12,Cafeteria
1026,88.00000950086954,22.500105023622613,10,15,Library
961,88.00033228813253,22.50018567060459,18,10,Library
2889,88.00491589248064,22.503461005924688,10,20,Cafeteria
3134,88.00442216484501,22.503356504180285,21,13,Cafeteria
2009,88.0047910111221,22.50285269911173,7,19,Cafeteria
2149,88.00404816235668,22.503375329802672,13,12,Cafeteria
3323,87.99550229203024,22.49669204516674,17,17,Sports Complex
2338,88.00435202412504,22.50300583737363,16,12,Cafeteria
3888,87.99544812198891,22.496415044993743,27,18,Sports Complex
304,87.9999947746015,22.499549215080936,23,14,Library
1440,88.00016572031717,22.500249142627645,12,15,Library
1496,88.00051537589415,22.500064438135034,1,10,Library
2652,88.00428356519703,22.50301304289031,4,19,Cafeteria
2875,88.00487761283745,22.50271972729287,26,13,Cafeteria
916,88.00015197412743,22.50013786906881,5,10,Library
4182,87.99551314717299,22.495891809830614,5,6,Sports Complex
3721,87.99557025848927,22.496512353386763,22,6,Sports Complex
2772,88.00420733604162,22.503398577821002,6,12,Cafeteria
1624,88.00453667192555,22.50340522832802,3,20,Cafeteria
3837,87.9945408507523,22.496321059189746,23,18,Sports Complex
821,88.00035233686005,22.500194734125877,12,16,Library
3964,87.99571610002083,22.496565132557308,25,7,Sports Complex
1354,87.99985587239982,22.500304489788075,20,16,Library
4497,87.99584430761537,22.496653945010266,8,7,Sports Complex
850,87.99984421486839,22.500264984096013,3,11,Library
1000,88.00034983885915,22.500142653249306,14,15,Library
3377,87.9953265029187,22.496578547013435,12,7,Sports Complex
18,87.99977299398113,22.49974395329392,29,14,Library
1637,88.00489639351439,22.503090310756402,22,20,Cafeteria
1667,88.00427279245403,22.5030389231588,25,19,Cafeteria
493,87.99978467894967,22.5001770759618,9,14,Library
1347,88.00023357997782,22.499790684392238,11,10,Library
3727,87.99546239429138,22.496104616389243,8,17,Sports Complex
4825,88.00669414370918,22.50047309605253,4,16,other
3614,87.99591797506906,22.496378863504876,7,6,Sports Complex
3481,87.99566542391706,22.496282085135014,6,18,Sports Complex
687,87.99990629479811,22.499933336917692,26,11,Library
3731,87.99615246983407,22.496124418035073,26,7,Sports Complex
1608,88.00415675525667,22.502966809050218,11,19,Cafeteria
4084,87.99540623544306,22.496535498037485,19,17,Sports Complex
3402,87.99511158745524,22.496357889795956,20,17,Sports Complex
1009,87.99986619119711,22.499669385510813,14,11,Library
2408,88.00423606077013,22.503130713792135,18,19,Cafeteria
1092,88.00018190738591,22.499989294154673,7,11,Library
1327,87.99996397811107,22.49998449899766,10,15,Library
1677,88.00483169155301,22.50308039140315,26,19,Cafeteria
1999,88.00453779968424,22.50299656982501,13,20,Cafeteria
1310,87.99999374326032,22.499970808521052,23,11,Library
3258,88.00504946652018,22.50331989167024,11,20,Cafeteria
1987,88.00429426947764,22.50261344275912,2,20,Cafeteria
3648,87.99490338231465,22.49640864694654,24,7,Sports Complex
344,87.9998822404236,22.500039964098,17,10,Library
4482,87.99549567192162,22.496288589540086,1,6,Sports Complex
986,88.00037584957545,22.499903217337554,20,14,Library
4544,87.99510436171775,22.50593159560565,2,1,other
3807,87.99512088404367,22.49676505647832,18,18,Sports Complex
4523,87.99586878172737,22.49564281686837,12,13,other
4002,87.9951773617203,22.496347449925757,27,18,Sports Complex
3091,88.00460872343885,22.502941695398537,17,19,Cafeteria
3961,87.9947994028994,22.49688873718942,5,18,Sports Complex
1142,87.99996248610324,22.499788091517846,8,10,Library
2358,88.00454119767275,22.502536107726243,11,19,Cafeteria
1198,88.00005597853351,22.500155517497575,26,10,Library
85,87.9998745607391,22.500173276401817,21,14,Library
1518,88.0044095193599,22.503103834635947,3,13,Cafeteria
516,88.00012522929691,22.499933871289674,8,15,Library
1381,87.99987802214797,22.499469824961842,26,14,Library
2716,88.0045572085863,22.503356962851505,17,19,Cafeteria
3084,88.00484065488729,22.503922675659457,15,12,Cafeteria
1014,88.0004339909508,22.499968636435,28,11,Library
128,88.00002491284127,22.50001696387763,9,10,Library
1364,88.00029914287542,22.500102151826926,19,16,Library
3623,87.99553864631643,22.496457623598666,9,17,Sports Complex
4970,87.99698901727734,22.498024491418555,6,5,other
891,88.00012681850778,22.499767622284953,7,10,Library
2793,88.00449813949257,22.502971646791178,14,20,Cafeteria
4238,87.99594848418936,22.496542212991667,19,7,Sports Complex
1359,88.00004583997995,22.500048526907737,8,10,Library
307,87.99985210715279,22.500127181255806,1,15,Library
1661,88.0045330496046,22.502390303722702,8,20,Cafeteria
2431,88.00389508450375,22.50352668371553,15,13,Cafeteria
3934,87.99527119028957,22.49648598697737,23,6,Sports Complex
1317,87.99992369382392,22.500092183286828,22,15,Library
4303,87.99577269571897,22.496528126814088,3,17,Sports Complex
2474,88.0048769707305,22.50295998589974,7,12,Cafeteria
2542,88.00526303879789,22.5032926183262,1,13,Cafeteria
1246,88.00000852086707,22.50006033048373,25,14,Library
1208,87.99964934868206,22.499912146441073,5,10,Library
216,87.99980679369637,22.500082995082643,10,15,Library
4292,87.99519452526627,22.49664296986835,13,6,Sports Complex
3062,88.0047506628271,22.503060675118657,8,12,Cafeteria
1239,88.00040709915578,22.50021349399414,13,15,Library
2289,88.00491795059115,22.50343155773262,18,20,Cafeteria
2740,88.00498961274998,22.502705917951197,20,12,Cafeteria
275,88.00011552586857,22.499669994372194,26,11,Library
489,88.00022040993923,22.50010798063617,1,11,Library
1035,88.00039349669082,22.499926227521442,5,15,Library
1229,88.00055263075039,22.499878673541158,16,10,Library
4585,88.00348213089416,22.5015275156109,4,12,other
1008,88.00026238817883,22.499662231408447,20,14,Library
4689,88.00251780292865,22.498106075792244,10,22,other
4026,87.99554227658139,22.496218473474386,1,17,Sports Complex
3182,88.00415018023722,22.502953409564668,5,20,Cafeteria
2532,88.00426443901196,22.502893828873496,7,12,Cafeteria
4169,87.99574937655474,22.49592052622394,28,18,Sports Complex
1058,88.00013590003864,22.50008195529321,29,16,Library
2166,88.004537171164,22.502926228120714,1,12,Cafeteria
4578,88.00260975234272,22.495222048099198,19,1,other
281,88.00016553266863,22.499979223606843,15,16,Library
3565,87.99487625972131,22.49681440589239,26,17,Sports Complex
1316,87.99973372158424,22.500120516681832,24,14,Library
4978,87.99331425754026,22.49449205626434,27,11,other
968,87.99998996051234,22.5001708322482,17,14,Library
3126,88.00448812412995,22.50314367347799,8,20,Cafeteria
3920,87.9961676217354,22.496693769593275,7,6,Sports Complex
3166,88.00445374928849,22.503023430360326,25,12,Cafeteria
3519,87.99583131640792,22.49643046580316,24,6,Sports Complex
619,88.00005597100606,22.49995224305935,29,14,Library
3346,87.9955007642568,22.496230055704164,3,17,Sports Complex
1742,88.00453356901134,22.502829995473483,17,13,Cafeteria
1390,88.00011499303574,22.50003531428502,22,11,Library
4050,87.9953521264366,22.497022874850277,1,17,Sports Complex
1847,88.00509720280515,22.50264178735756,21,20,Cafeteria
1579,88.00500818112012,22.502853771536248,2,19,Cafeteria
1655,88.00418786086881,22.503003516857383,14,19,Cafeteria
2352,88.00454287281629,22.50284694483419,4,19,Cafeteria
2212,88.00444071685659,22.50353577001397,21,13,Cafeteria
2020,88.0047390716324,22.503000091400803,14,12,Cafeteria
4972,87.99525236714838,22.50211325571905,11,23,other
1956,88.00453160171344,22.503160641866106,5,13,Cafeteria
1307,87.99999772025083,22.49979173598575,12,15,Library
2003,88.00442493691817,22.502904836969247,23,19,Cafeteria
4455,87.99541769229262,22.496250341184904,18,6,Sports Complex
575,87.99944721617275,22.499920981785994,20,10,Library
4089,87.99583225377444,22.495910816253435,21,7,Sports Complex
4319,87.99477048393254,22.49686301001539,28,6,Sports Complex
4436,87.9955336032438,22.49671644252551,29,18,Sports Complex
1706,88.004810600406,22.502793434985726,27,13,Cafeteria
3742,87.99574472435354,22.49654994094427,25,18,Sports Complex
3470,87.99527628226319,22.497005520194193,22,7,Sports Complex
1280,88.00003338522619,22.500218629268534,1,16,Library
861,87.99962106397125,22.49966183242854,19,11,Library
4145,87.99546984326358,22.496256511739542,9,18,Sports Complex
1801,88.0039775828181,22.50295435786998,13,12,Cafeteria
1628,88.0045849513016,22.50309432012622,20,20,Cafeteria
1993,88.00412953328676,22.503229027666347,6,20,Cafeteria
2639,88.00425229137193,22.503163572727452,22,20,Cafeteria
269,88.00003268514432,22.50013787134401,28,16,Library
629,88.00027354787962,22.500179546431426,6,11,Library
3081,88.00454015157453,22.50297578133513,3,19,Cafeteria
2334,88.00420552960162,22.502564507746882,27,20,Cafeteria
2966,88.00493935406507,22.50252740901632,1,19,Cafeteria
300,87.99979275124727,22.50047529767144,21,11,Library
459,87.99970053052685,22.500055809728533,22,14,Library
1447,88.0001465910047,22.499252216007275,24,15,Library
1472,87.99996649570834,22.499657921240292,17,14,Library
2046,88.00490451591159,22.502455009328866,4,20,Cafeteria
4228,87.99589712389495,22.496875678303855,26,17,Sports Complex
3764,87.99557918333105,22.49653919367642,8,18,Sports Complex
2113,88.00495789981852,22.50319794848932,18,12,Cafeteria
27,88.00009392450458,22.50038581088207,9,14,Library
3839,87.99568243049673,22.49679457128952,12,18,Sports Complex
4522,87.99362610700813,22.494463960634135,15,13,other
837,87.99975041148981,22.500012443421795,2,11,Library
3826,87.99603064066314,22.496230283717455,5,6,Sports Complex
2008,88.00438144305008,22.502725404253347,21,20,Cafeteria
4907,87.99763370171303,22.498267599861688,18,1,other
503,88.00014074230917,22.49992300961759,27,11,Library
3206,88.00477547477611,22.50306930177952,3,19,Cafeteria
4304,87.99494797007019,22.496514183029813,22,17,Sports Complex
380,87.99979006953946,22.500241212908275,9,11,Library
1851,88.00459818678078,22.502867917230134,26,20,Cafeteria
1525,88.00416321056647,22.50324215085474,7,20,Cafeteria
2365,88.00472814721986,22.502896343587725,27,12,Cafeteria
4147,87.99516870241852,22.496974637349975,5,17,Sports Complex
3052,88.00482166515545,22.50332908408733,16,13,Cafeteria
2884,88.00428319439001,22.503021145827677,8,20,Cafeteria
2340,88.00424097540855,22.50329637299932,4,12,Cafeteria
374,88.00053829561438,22.50032757718653,9,15,Library
3260,88.00420757764411,22.502607543321055,20,19,Cafeteria
2381,88.00481006918652,22.502482771091522,3,20,Cafeteria
4309,87.99532309347663,22.496249867559108,26,17,Sports Complex
939,87.99985898034231,22.499598355724814,19,16,Library
4198,87.99563602653612,22.496378374895105,3,6,Sports Complex
4165,87.99565694463732,22.496713144556274,21,18,Sports Complex
2799,88.0047717969068,22.503030072589443,10,13,Cafeteria
2147,88.00423378228297,22.503170644503466,2,19,Cafeteria
3817,87.99586065357498,22.496218823848533,7,17,Sports Complex
4540,88.00243178097386,22.494021158183422,3,4,other
4216,87.9956748456179,22.495846813922803,11,18,Sports Complex
2068,88.00459612953787,22.502966101911095,17,19,Cafeteria
529,87.99977392084372,22.499877090953593,17,10,Library
4604,88.00306346661144,22.49665742328512,4,20,other
636,88.00020579264599,22.500025464073815,5,11,Library
1269,88.00030902329381,22.499950883354142,14,10,Library
185,88.00017850012352,22.500296919847116,18,14,Library
4349,87.99511202601823,22.49620866369426,25,7,Sports Complex
3179,88.00425734110766,22.502675364214866,0,19,Cafeteria
3454,87.99625793250829,22.49619265740374,16,6,Sports Complex
1797,88.00459934395275,22.503074256518502,14,13,Cafeteria
2979,88.00446017943919,22.50289591336502,29,20,Cafeteria
1441,88.00029336846437,22.499883376155193,9,10,Library
3427,87.99584177730618,22.49624208452672,2,6,Sports Complex
4874,88.00300416859695,22.499009914228218,2,23,other
1535,88.00427169244465,22.503299601035028,11,13,Cafeteria
3443,87.9953392728607,22.496822868409584,13,7,Sports Complex
1273,87.99992089788758,22.499612845425283,10,14,Library
2467,88.00403563796169,22.502840086669384,4,20,Cafeteria
607,87.99968883632417,22.5001595979814,23,15,Library
3513,87.99542425345093,22.496557199737136,22,7,Sports Complex
1712,88.00478590047783,22.50292151484868,17,13,Cafeteria
2199,88.0049365781481,22.50301035106957,6,20,Cafeteria
955,88.0002793239579,22.500371811538834,17,15,Library
2579,88.00426090320047,22.50306824426425,10,19,Cafeteria
3897,87.99563704291135,22.49653763375015,3,17,Sports Complex
4425,87.99526870558114,22.496563173619627,11,17,Sports Complex
3380,87.99500319838121,22.49545934284005,9,17,Sports Complex
3685,87.99548163415038,22.496978175174824,20,7,Sports Complex
403,88.00001174514844,22.50009241054805,8,16,Library
2071,88.0047090277429,22.503070551131092,27,20,Cafeteria
4755,88.00519681450808,22.49660907565361,3,10,other
1977,88.00455827842289,22.50318429550205,29,12,Cafeteria
158,87.9997021741257,22.49974836435868,29,11,Library
1748,88.00417796826426,22.50301881251217,4,12,Cafeteria
2909,88.00466733617212,22.503197163751075,23,13,Cafeteria
3534,87.99572903584694,22.49645922907658,11,7,Sports Complex
902,88.00000718620574,22.499863329978854,6,10,Library
352,88.0002144149058,22.49970159079206,3,10,Library
1230,87.99986062705375,22.50030771862829,26,14,Library
4670,88.00527689409675,22.50462529018213,12,3,other
2140,88.00487616006664,22.503132104505116,25,20,Cafeteria
444,87.99967388262488,22.500155392972463,22,14,Library
4948,88.0042131277415,22.50277784558272,0,13,other
754,87.99976265027779,22.499686901638896,9,10,Library
1737,88.00437284937342,22.502880179989152,24,20,Cafeteria
2971,88.00434052423495,22.50294873587656,20,12,Cafeteria
4979,88.00686120924411,22.503951809915073,7,5,other
2920,88.00457582476727,22.50269028070511,16,13,Cafeteria
311,88.00027469421299,22.500036698252995,6,11,Library
548,88.00009278646834,22.49991802632087,26,10,Library
4052,87.99561043302933,22.497349162301347,15,6,Sports Complex
4761,88.00337137628114,22.50264061919442,7,16,other
1989,88.00495664402756,22.503467821704668,25,12,Cafeteria
306,88.00031941622395,22.500066781662753,4,10,Library
2335,88.00484235135515,22.502971824408405,26,12,Cafeteria
694,88.00014827531449,22.500047426541904,13,11,Library
2356,88.00446826363732,22.503160634638526,25,13,Cafeteria
1927,88.00472163895515,22.502677740882486,3,19,Cafeteria
684,87.99969446804778,22.499447034522166,9,14,Library
749,87.99964833472579,22.50023041252798,11,14,Library
4008,87.99613404452063,22.496392347913655,29,6,Sports Complex
1266,87.99997219348467,22.499991596858823,1,14,Library
3285,88.00463713928382,22.503493474262918,5,12,Cafeteria
3529,87.99599491019745,22.496031168726752,27,18,Sports Complex
4423,87.9955153651866,22.496485418991817,14,7,Sports Complex
3984,87.99516928194707,22.496874306585845,19,17,Sports Complex
3083,88.00460192626163,22.501977309978766,15,19,Cafeteria
3061,88.00467054423153,22.50341304820859,7,13,Cafeteria
3025,88.00418202252825,22.502889357525444,26,19,Cafeteria
970,88.00003202610372,22.50026824451194,0,10,Library
13,87.99952167993884,22.499533365845732,9,10,Library
873,87.99981726749002,22.50012544568404,25,16,Library
808,88.0003139390314,22.50013362641212,1,11,Library
3198,88.00418073695384,22.503035657508967,16,19,Cafeteria
514,87.99985580716736,22.500207368710484,20,14,Library
4472,87.99542835246828,22.49687888795304,5,18,Sports Complex
409,88.00012860970851,22.50003573577369,23,15,Library
3408,87.9949522591373,22.49671868623807,8,18,Sports Complex
4342,87.99550916480223,22.496546879659036,28,17,Sports Complex
207,88.00012844648772,22.500474970483722,28,16,Library
3691,87.9951092422007,22.496325279300603,25,7,Sports Complex
458,87.99986158767366,22.500264014202266,14,16,Library
3471,87.99544530328215,22.495914658415966,5,18,Sports Complex
2430,88.00440482213449,22.503136158047088,19,12,Cafeteria
3657,87.9953904748615,22.49651384940345,8,17,Sports Complex
110,87.99952030719618,22.499927047182773,6,15,Library
4589,88.00408623971087,22.498278789088054,10,1,other
4044,87.99516594648081,22.497262062133366,11,6,Sports Complex
1883,88.00480553603778,22.503011905614525,25,20,Cafeteria
1713,88.00422271226233,22.5024476454666,16,12,Cafeteria
3958,87.99531530450584,22.496719076233592,3,7,Sports Complex
3399,87.9956289741554,22.496633711797003,21,6,Sports Complex
552,88.00029194551541,22.49983547087773,23,15,Library
1439,88.00018371944651,22.499901882223483,5,11,Library
2270,88.00455821651991,22.502389037288243,20,19,Cafeteria
3144,88.0044542714555,22.503146851350277,25,13,Cafeteria
2821,88.00525219956988,22.50274237004734,21,19,Cafeteria
4781,87.99441869677786,22.494513631632817,12,13,other
1925,88.00450171482582,22.5029975692758,4,12,Cafeteria
634,87.99974697390618,22.499911489822264,12,14,Library
4805,88.00359253565634,22.495743313403445,17,11,other
316,88.00017048824283,22.499462046149667,13,14,Library
4217,87.9958095548531,22.496233900446484,24,7,Sports Complex
4699,87.99877803417917,22.505530353795383,17,2,other
1328,87.99969757631429,22.500237862319263,12,11,Library
427,88.000171512865,22.49992849894453,14,14,Library
4374,87.99529674061831,22.496209049236583,14,7,Sports Complex
105,88.0001010127142,22.499761667847935,23,16,Library
3041,88.00473190027881,22.502831525815445,20,12,Cafeteria
142,87.99959812919136,22.499980089652187,0,10,Library
2169,88.00475454679828,22.503414214312766,28,12,Cafeteria
3458,87.99515041269574,22.49655737342226,5,7,Sports Complex
89,88.00012831685828,22.500021535970763,11,11,Library
2918,88.00467192817817,22.50315942143436,16,13,Cafeteria
3237,88.00426744988691,22.50314697519272,18,20,Cafeteria
2241,88.00460156290771,22.503541068401894,1,12,Cafeteria
3174,88.00457945354535,22.50311311343206,13,20,Cafeteria
3412,87.99556310676797,22.496291864454495,29,6,Sports Complex
2163,88.00402995747265,22.50344129722861,26,13,Cafeteria
2636,88.00439300508184,22.502801571708506,23,20,Cafeteria
1949,88.00456101859301,22.503680418399536,20,13,Cafeteria
1768,88.00474494880716,22.502909245683703,20,12,Cafeteria
4290,87.99577289366377,22.497086472702847,18,6,Sports Complex
2272,88.00397948391836,22.503216924010044,20,20,Cafeteria
1,87.9999654339247,22.499862203570917,22,11,Library
3282,88.00472823465155,22.502550426300832,20,12,Cafeteria
4957,87.9963523673972,22.49991618554041,12,8,other
1951,88.00446716362035,22.503157010222303,8,12,Cafeteria
935,87.99987448644391,22.49990761826779,5,15,Library
4296,87.99588594221613,22.496431823632552,6,6,Sports Complex
2720,88.00418531387939,22.502832841667118,18,20,Cafeteria
4447,87.99559831189431,22.497357005445863,24,17,Sports Complex
1109,88.00047850783847,22.50031871876032,20,11,Library
3960,87.99534224090296,22.49627550447349,8,18,Sports Complex
591,87.99988058563831,22.5000751185899,23,15,Library
1695,88.00451378781882,22.50278163457814,28,13,Cafeteria
3450,87.99514341818085,22.496288846102928,0,17,Sports Complex
2936,88.00470449228908,22.503158755073887,12,20,Cafeteria
4204,87.99520526545861,22.496102268691654,19,17,Sports Complex
3411,87.99561736103975,22.496772571007792,17,6,Sports Complex
1576,88.00489857384142,22.503191655130262,21,12,Cafeteria
3954,87.99557001182556,22.49683997049959,16,17,Sports Complex
213,88.00016284781283,22.500211855419288,25,15,Library
778,87.99998139164272,22.500166578125228,5,15,Library
1415,88.00023196003202,22.500462152208325,13,11,Library
3759,87.99504638295753,22.49668050186671,25,6,Sports Complex
2043,88.00397847192914,22.502604342967246,5,12,Cafeteria
2848,88.00427714236447,22.50351417774013,2,12,Cafeteria
4537,87.99599369357934,22.497011673785757,15,20,other
3505,87.99511692697371,22.496488426199523,6,17,Sports Complex
3813,87.99549374824579,22.495664013988133,20,7,Sports Complex
1567,88.00478012386264,22.503034500458355,7,12,Cafeteria
165,88.00010319523173,22.499994282984424,9,15,Library
4714,87.99928607810946,22.499599275191112,28,18,other
4272,87.99536434668806,22.496931271483096,2,7,Sports Complex
4926,87.99349044314117,22.50112651470438,16,19,other
1343,88.0002976615687,22.499708055112183,21,10,Library
2013,88.00442759716827,22.502979810636496,19,12,Cafeteria
273,88.00000255826525,22.50004865186381,12,11,Library
71,88.00038450914161,22.499686427644207,20,14,Library
3887,87.99545634864462,22.49653966706237,25,17,Sports Complex
1087,88.00005969728976,22.49994925484065,12,10,Library
394,88.00029486003018,22.4999779092602,25,15,Library
583,88.00056767321445,22.499425954761715,12,16,Library
1367,87.99976668301024,22.49977832976943,13,10,Library
4987,88.0010902034763,22.504543571114077,24,17,other
4088,87.99592832776788,22.49646584213845,17,17,Sports Complex
2548,88.00425447030402,22.502500879059916,3,13,Cafeteria
1013,87.99982770304548,22.499936261051612,8,14,Library
4897,88.00456197589203,22.49642998859525,15,17,other
3003,88.00453503192999,22.5036816544358,17,20,Cafeteria
4788,88.0030382105273,22.495941554098682,25,21,other
4407,87.9954717145494,22.496811242198667,3,17,Sports Complex
3532,87.99524875137499,22.496511502180894,9,18,Sports Complex
1763,88.00426195106249,22.503334414380543,24,20,Cafeteria
1875,88.0044626056785,22.50266524693591,22,19,Cafeteria
1259,87.99998605773058,22.500155677805974,16,16,Library
4530,87.9995973178992,22.495087056025447,4,18,other
2253,88.00463649285074,22.5027420179797,9,13,Cafeteria
2781,88.00454803991096,22.503012340595163,8,12,Cafeteria
3592,87.99579584565397,22.496084964781147,14,7,Sports Complex
526,87.99959311439054,22.50045012779538,10,16,Library
4263,87.9954271281597,22.496315763197213,10,17,Sports Complex
2946,88.00447144226442,22.502296349242915,20,12,Cafeteria
377,88.00004583550144,22.499947694531564,19,15,Library
1559,88.00494004732491,22.50336382125428,7,12,Cafeteria
3820,87.99560210645389,22.496444297684963,11,7,Sports Complex
1963,88.0047007371973,22.5026569017601,11,20,Cafeteria
4732,88.00025017466854,22.502611903273653,5,4,other
348,87.99982038894468,22.50024236430013,24,14,Library
2434,88.00460340085579,22.50344853732306,15,12,Cafeteria
2246,88.0044785974908,22.503497130603165,11,13,Cafeteria
4166,87.99562400828354,22.49664661906398,13,7,Sports Complex
1709,88.00422110981434,22.503372359183825,8,12,Cafeteria
1050,87.99984360932463,22.49960350417194,24,10,Library
590,88.00001789155931,22.50008168619115,20,11,Library
519,88.00018784678085,22.49969018540129,25,15,Library
4752,87.99694310155813,22.496284226740325,25,9,other
4308,87.99592399962629,22.49643671739422,18,6,Sports Complex
2477,88.00393308860717,22.50312017303143,5,20,Cafeteria
1083,88.00051918699589,22.500305892220606,13,16,Library
3588,87.99552218418744,22.496462205709896,20,17,Sports Complex
4778,87.99465182091654,22.50382352929364,0,21,other
4509,88.0049353220955,22.50030445535742,20,16,other
1294,88.00002045733963,22.499992140207407,0,14,Library
1809,88.00446062959799,22.503332531282464,26,20,Cafeteria
791,88.0000519219218,22.500244714512696,4,14,Library
792,88.0000678947093,22.50002132953564,17,14,Library
4114,87.99525298555322,22.496323892768334,25,7,Sports Complex
1855,88.00450444576946,22.50285393575365,22,13,Cafeteria
4757,88.00133970894139,22.502991939068494,2,2,other
1980,88.00448874975307,22.503303331563803,24,20,Cafeteria
3233,88.00431340175764,22.50328262278233,5,13,Cafeteria
3908,87.99529465689395,22.496280532204093,8,7,Sports Complex
4984,87.99333652775333,22.505311753757756,5,6,other
3328,87.99502927527453,22.496309942318767,12,17,Sports Complex
1530,88.00454617905793,22.503281879211563,26,20,Cafeteria
1410,88.00033204853547,22.499866166228244,29,15,Library
4294,87.9949829924543,22.496375250507818,6,7,Sports Complex
4648,87.99967250054083,22.505394256514144,5,4,other
83,87.99987043244543,22.500015419962462,5,16,Library
868,88.00016463606816,22.499720868890012,10,16,Library
2350,88.00448151458656,22.50337606504995,9,19,Cafeteria
20,88.00036641219224,22.500305258423882,0,10,Library
3424,87.99578790052243,22.4968795671337,2,7,Sports Complex
2795,88.00455905305604,22.502823395100688,17,20,Cafeteria
4572,88.00617437915722,22.500853111307833,12,6,other
1562,88.00417719830494,22.503200602987604,22,13,Cafeteria
3093,88.00487156739884,22.503360082193108,6,12,Cafeteria
3155,88.00419293431378,22.50331986945832,16,19,Cafeteria
973,87.99983684400517,22.499654738849213,5,15,Library
1710,88.00449679664071,22.50336544463196,22,13,Cafeteria
3201,88.00486708988126,22.502854669687995,8,19,Cafeteria
4371,87.99588485456252,22.495606610946794,21,17,Sports Complex
4819,88.00166964299304,22.495327449842787,27,7,other
1098,88.00022908191868,22.500300019739107,0,11,Library
4161,87.99556444178943,22.49645890639488,20,7,Sports Complex
2844,88.00421271044574,22.503364091097517,6,20,Cafeteria
886,88.00014598204633,22.49994239982145,12,16,Library
4931,88.00441661132123,22.495225958806873,9,0,other
3678,87.99566731323533,22.496339138145437,23,7,Sports Complex
4580,88.00024334742388,22.496166780200102,17,19,other
3566,87.99467993631443,22.496257181687376,23,7,Sports Complex
4401,87.99492912633119,22.49640042139348,5,7,Sports Complex
515,88.00018884780646,22.499951543465308,16,14,Library
4620,87.9970452078515,22.504628649365053,26,16,other
737,88.00024567274599,22.49976151514515,15,10,Library
1453,88.00065042077854,22.50038025155679,13,10,Library
3971,87.99496625527095,22.496468414991497,3,7,Sports Complex
4700,88.00649156581166,22.5025803820987,14,4,other
2506,88.00441125747007,22.502914528570013,23,19,Cafeteria
2994,88.0043127917505,22.50302068261743,21,12,Cafeteria
2126,88.0043213437629,22.502691805255605,26,20,Cafeteria
2926,88.0042223068855,22.50322348601652,2,13,Cafeteria
4745,88.00630172837641,22.503244939640535,17,0,other
906,87.99966003596475,22.49967510469077,9,11,Library
3647,87.99541068448998,22.49702565769683,27,17,Sports Complex
1030,87.99993565586564,22.5001184080192,10,14,Library
2507,88.00497641825244,22.5028298214856,24,13,Cafeteria
2428,88.00423549315731,22.502746300112186,24,12,Cafeteria
947,87.99982702298253,22.49994139804992,16,10,Library
3806,87.99505302040319,22.49679784393748,9,18,Sports Complex
4754,88.00382909588322,22.502615166298014,19,23,other
715,88.00027582547051,22.500066469557414,26,14,Library
4055,87.99556279495988,22.496562893383388,23,17,Sports Complex
686,87.99993991865045,22.499644010711886,26,10,Library
703,87.99964788467591,22.499676681760533,11,16,Library
3341,87.99558320610477,22.496023413739337,17,7,Sports Complex
2353,88.00513953102461,22.502427038528122,19,13,Cafeteria
2257,88.00470605863818,22.50340716076498,20,20,Cafeteria
3551,87.99520388611458,22.49663816508619,11,18,Sports Complex
473,88.00034171856686,22.50004868404868,13,14,Library
21,87.99994355592487,22.500145524425868,11,10,Library
2752,88.00433919442636,22.503196934156072,4,12,Cafeteria
885,88.00046167683143,22.499810376166327,11,10,Library
2448,88.00480003801712,22.502895812778554,6,13,Cafeteria
917,88.00004665228079,22.5000851473041,8,15,Library
3757,87.99485839034192,22.49624647272887,18,17,Sports Complex
3751,87.99513728478111,22.496619734818545,27,6,Sports Complex
2239,88.00479791196486,22.503140161397173,22,19,Cafeteria
3844,87.99594612859342,22.49609628111419,18,18,Sports Complex
3395,87.99605559021086,22.49658690691651,28,18,Sports Complex
1265,87.99964657137578,22.500205086003152,24,11,Library
483,88.00005086590896,22.500215598368097,24,15,Library
4337,87.99576212763984,22.496794364446938,8,6,Sports Complex
2963,88.00472385129537,22.503198479388985,18,19,Cafeteria
1219,88.00053628728195,22.500030886923987,11,15,Library
277,87.99984994578071,22.499990740800737,7,14,Library
988,87.99994475895654,22.500006347105135,12,16,Library
2084,88.00457030297164,22.502920102970297,28,13,Cafeteria
1245,87.99969401493331,22.499925848135234,12,10,Library
2382,88.00415004630746,22.502897271421983,13,19,Cafeteria
571,88.00041910932806,22.500309032680452,0,10,Library
1435,88.00007064498762,22.500368167668938,18,11,Library
993,87.999829503938,22.500360908000868,29,10,Library
3930,87.99553465505733,22.49685294558948,5,18,Sports Complex
3447,87.99528973822429,22.49600411176522,28,17,Sports Complex
585,88.00006205514657,22.49969482189352,19,11,Library
3658,87.99571649472495,22.496557206711316,21,6,Sports Complex
2514,88.00432253583769,22.50337386200168,0,20,Cafeteria
1349,87.99994380864953,22.499865219324214,14,16,Library
1007,88.00015879295042,22.500311169895184,1,15,Library
674,87.99964812207632,22.49979121427459,26,16,Library
2412,88.00443477508433,22.50367307751713,3,12,Cafeteria
2903,88.00423764286218,22.50292712296615,18,13,Cafeteria
447,87.99976503005342,22.49999268429658,11,14,Library
3834,87.99483033088285,22.49651203782836,16,7,Sports Complex
3758,87.99585628496835,22.497682218884453,19,7,Sports Complex
3703,87.99604839914753,22.496378637538147,4,18,Sports Complex
359,87.99979319226411,22.50006508045969,10,11,Library
2064,88.00449971398862,22.50301254833115,13,19,Cafeteria
4449,87.99529164300581,22.496832242111,24,18,Sports Complex
3810,87.99520733180226,22.49601677174046,13,17,Sports Complex
1690,88.00453970430985,22.503074486475466,13,12,Cafeteria
4326,87.99551129268377,22.49669013993774,13,7,Sports Complex
1548,88.00430401120664,22.50309482783087,20,13,Cafeteria
1247,87.99980750669224,22.499712246479096,12,15,Library
1985,88.00399796429765,22.50331743902962,21,20,Cafeteria
294,88.0000892538715,22.50005329915706,15,14,Library
1547,88.00494157191973,22.502979955058457,8,20,Cafeteria
2012,88.00492155101666,22.502975239383204,4,13,Cafeteria
588,88.00020758395414,22.499886687897746,12,15,Library
3329,87.99512371393317,22.496256070488954,13,17,Sports Complex
2403,88.004726362234,22.503217848347973,23,12,Cafeteria
2129,88.0051046590784,22.502786546708816,14,19,Cafeteria
4388,87.99577816548288,22.49663476930878,23,6,Sports Complex
2410,88.00389621342504,22.503366659447266,28,13,Cafeteria
2719,88.00398718020273,22.502694018798568,3,20,Cafeteria
425,88.00034215788938,22.499770153852104,15,14,Library
2582,88.00410839244232,22.50302841427556,25,13,Cafeteria
1054,87.99986242371153,22.49978292681703,2,16,Library
3966,87.99581073137746,22.49657823331689,4,7,Sports Complex
4562,88.00564491654977,22.504875556822885,26,10,other
556,87.99987809844399,22.499880944781612,19,14,Library
4358,87.99535565297556,22.496275610921046,20,18,Sports Complex
3938,87.99589652423556,22.496795382990182,23,17,Sports Complex
4712,88.00256895263938,22.501383229924123,24,17,other
2469,88.0045013740418,22.50268735551006,13,12,Cafeteria
4710,88.00500565225911,22.50584427698378,25,23,other
355,87.99974936765884,22.49983234494773,8,10,Library
1193,88.00007994548353,22.4999663758039,13,14,Library
1716,88.00448035087574,22.503253126341512,21,20,Cafeteria
3416,87.9954819717822,22.49661383808655,9,6,Sports Complex
2604,88.0046326984933,22.502792787622223,11,13,Cafeteria
4129,87.99510412597952,22.496465487060348,25,17,Sports Complex
2828,88.00454764617243,22.502464335810334,11,19,Cafeteria
1704,88.00436121261397,22.50261608451451,4,19,Cafeteria
2863,88.004681806549,22.503499497210026,29,19,Cafeteria
2618,88.00463059895087,22.5034477683475,15,20,Cafeteria
2400,88.00444171268481,22.50320547115695,7,13,Cafeteria
2139,88.00444499969694,22.5028053797508,27,20,Cafeteria
3239,88.00397651569399,22.503135227288187,24,19,Cafeteria
2383,88.00496411503566,22.503348088238976,18,12,Cafeteria
3218,88.0048094291314,22.50318078294451,16,20,Cafeteria
3935,87.99582039103967,22.497036554389787,4,6,Sports Complex
1285,87.99966719176162,22.499912019670546,22,16,Library
3796,87.99547272704253,22.496497073724456,1,6,Sports Complex
4894,88.00008516851904,22.504627017473144,19,17,other
4468,87.99540125626991,22.496856135998378,27,6,Sports Complex
2087,88.004997451062,22.50324604949821,24,20,Cafeteria
1889,88.0048369292084,22.502520451163974,14,20,Cafeteria
4622,87.99588719392402,22.49651018703496,13,18,other
1591,88.00469412951799,22.502856745397327,15,13,Cafeteria
1346,87.99936151971627,22.499852783293317,3,15,Library
4431,87.99557920647271,22.496775640163516,23,17,Sports Complex
2162,88.00506579710076,22.50269977829147,22,12,Cafeteria
2396,88.004737593682,22.50309902034324,16,19,Cafeteria
4768,87.99497840962763,22.49925390973961,9,11,other
2271,88.00482772660068,22.50339024240897,17,13,Cafeteria
4490,87.99595454265186,22.496746676304856,8,17,Sports Complex
3111,88.00460109095506,22.502611785583703,29,19,Cafeteria
1137,87.99969309804622,22.500235327645193,13,14,Library
3895,87.99569982934788,22.496998364628038,17,7,Sports Complex
972,88.00021016088725,22.49980350349184,21,15,Library
795,88.00026328821333,22.500130628526318,21,15,Library
3020,88.00458270819917,22.503149808673932,7,13,Cafeteria
1711,88.00409297857982,22.50330738339423,12,12,Cafeteria
3387,87.9955222396666,22.496140815168644,5,7,Sports Complex
36,88.00005221589875,22.500128400026643,11,16,Library
453,88.00012601162888,22.49983655841534,25,10,Library
913,88.00039436331994,22.499770624294747,6,14,Library
4081,87.99515362216185,22.496293074533266,29,17,Sports Complex
1199,88.0003410351075,22.500332233329885,0,14,Library
1274,88.000303274425,22.499877211563213,4,11,Library
2375,88.0045216907088,22.50337045516132,29,12,Cafeteria
37,87.99951008246903,22.499866824790086,16,11,Library
974,87.9998884541417,22.500075954648903,2,10,Library
3195,88.00454616733344,22.502913442916864,27,13,Cafeteria
983,87.99998807216096,22.499808335853054,4,11,Library
3904,87.99554251750277,22.496292520268387,10,18,Sports Complex
4069,87.99542099707894,22.49684508193416,19,7,Sports Complex
1418,88.0003821171066,22.500024516884885,5,15,Library
3332,87.99505034528175,22.495997276640036,12,6,Sports Complex
1560,88.0047067009432,22.502812436691286,27,13,Cafeteria
39,88.00004921530896,22.499281934446678,1,10,Library
1486,87.99964540856676,22.4999693227666,3,16,Library
3883,87.99544525675243,22.495971502390297,16,6,Sports Complex
169,87.99981156595891,22.50013668339205,10,14,Library
1355,87.99935223942697,22.499871700908873,16,11,Library
2785,88.0046850236356,22.50281940551926,19,12,Cafeteria
3632,87.99503947090713,22.496736421796545,3,6,Sports Complex
4748,87.99470266580909,22.501973723554876,14,12,other
4004,87.99538269990144,22.496694389601227,18,17,Sports Complex
2682,88.0046724575487,22.502801460046417,10,12,Cafeteria
4704,87.99550223731234,22.49720059783401,6,15,other
4025,87.99586576965083,22.496122789622774,7,7,Sports Complex
1640,88.00427431599864,22.502957943710598,2,19,Cafeteria
1290,88.00009714465114,22.50014875736646,11,11,Library
1380,88.00016948146784,22.49944044219167,18,16,Library
1933,88.00499141408335,22.50252269775496,22,12,Cafeteria
579,88.0002859385108,22.499887452683787,2,15,Library
4220,87.99591608218442,22.496499832448677,14,18,Sports Complex
3160,88.00478968160463,22.502915087047718,1,19,Cafeteria
2030,88.00419950004591,22.502723413581744,1,20,Cafeteria
892,88.0002666686724,22.499625867686227,21,11,Library
3951,87.99531358763517,22.496638711888703,7,18,Sports Complex
780,88.00004442525024,22.499568548317804,5,11,Library
159,88.00016413840216,22.500284969640283,23,11,Library
2,88.00016192213452,22.499795450279144,13,10,Library
2263,88.00399017431647,22.502155585590152,5,13,Cafeteria
3216,88.00408646226813,22.502494777123612,5,13,Cafeteria
2109,88.0042478830881,22.503229184584708,17,19,Cafeteria
849,87.99986725076126,22.49990199684002,16,16,Library
2737,88.00456361095355,22.503336502895795,26,19,Cafeteria
2466,88.0046802363147,22.503189718553692,6,19,Cafeteria
3650,87.99578819811461,22.496606040155758,5,6,Sports Complex
1596,88.00458786777074,22.502396809957837,25,13,Cafeteria
1776,88.00425025264653,22.502841610534748,10,19,Cafeteria
1913,88.00447964013067,22.502708021726853,24,13,Cafeteria
1043,87.99999037288262,22.499922879302886,26,14,Library
4713,87.99405347224749,22.496874092928483,9,23,other
1544,88.00427790472877,22.503229649492592,2,19,Cafeteria
2736,88.00437957233572,22.502999979043572,19,20,Cafeteria
3706,87.99516103072357,22.49631670350099,3,18,Sports Complex
4617,87.99510187384162,22.498857499131848,18,8,other
53,88.0001529190722,22.49979327991149,20,14,Library
1796,88.00471244933644,22.50290072564168,16,19,Cafeteria
1911,88.00494728104816,22.503171603674083,22,13,Cafeteria
2306,88.00424077901437,22.502658255080544,20,12,Cafeteria
2553,88.00421581747447,22.502845471354945,26,20,Cafeteria
2800,88.00452790191511,22.50297357835527,8,13,Cafeteria
4086,87.99521323044254,22.496794970910535,6,6,Sports Complex
4127,87.994841117737,22.496717832691466,12,17,Sports Complex
824,87.99988862436965,22.499998600995294,23,10,Library
4733,88.00464677043767,22.505274776438817,6,22,other
3178,88.00440677806802,22.502722418614614,25,19,Cafeteria
3401,87.9958750165756,22.49660488519207,21,7,Sports Complex
1389,87.99981164553242,22.500095747246185,13,10,Library
3564,87.99543245652129,22.496914807061003,26,17,Sports Complex
4876,87.99681943910268,22.500511848675686,4,12,other
884,88.00017047287241,22.500008199248853,12,15,Library
3805,87.99651993822553,22.496443771349774,28,7,Sports Complex
1607,88.00483068681247,22.502650243569594,17,20,Cafeteria
1594,88.00418244229405,22.502868534919084,9,13,Cafeteria
771,87.99985938330603,22.499878192858972,18,15,Library
2611,88.00475137535612,22.50294268128556,29,13,Cafeteria
4661,87.99900903872576,22.500311410374547,0,1,other
2273,88.0042204675987,22.50361671639891,18,12,Cafeteria
1868,88.00457058399697,22.502989811032236,3,13,Cafeteria
1085,88.0001075104118,22.499843580678125,28,10,Library
10,87.9998841455768,22.499714577721466,13,16,Library
3611,87.9955670077506,22.49640196114729,28,17,Sports Complex
1325,87.99950613335841,22.500426026379063,21,16,Library
3390,87.99412715991194,22.496632144156493,5,18,Sports Complex
1463,87.99978736988645,22.49973586058931,21,14,Library
806,88.0000555334429,22.500151680764784,12,10,Library
4260,87.99559576510342,22.49670936025262,3,6,Sports Complex
3985,87.99572602917456,22.49649855009527,6,18,Sports Complex
3771,87.9952008813754,22.496688476104826,9,7,Sports Complex
2108,88.00420397344324,22.503115480575566,27,12,Cafeteria
4235,87.9956030466422,22.49674638763688,4,6,Sports Complex
4956,87.9933043713097,22.49888185598511,2,12,other
2234,88.00467252890893,22.502869861410087,10,12,Cafeteria
3211,88.00425986167492,22.503185687762095,10,13,Cafeteria
963,88.0001772509394,22.49969058439442,14,11,Library
3415,87.99593576435288,22.49658449319073,9,6,Sports Complex
3753,87.99540423033638,22.496885137512297,16,18,Sports Complex
398,87.99997136503869,22.500140229861984,22,16,Library
2632,88.0041009914377,22.502680610209936,12,13,Cafeteria
4851,87.9977882635497,22.503084396683295,18,10,other
2996,88.00463220964045,22.502803537207814,5,19,Cafeteria
704,87.99961084270662,22.499760890905794,7,14,Library
431,87.99949019195556,22.50012417480581,3,10,Library
292,87.99985265881077,22.499959966801107,25,10,Library
4867,88.00164693270762,22.503369908553925,19,12,other
145,88.00019545571794,22.500107076774302,17,14,Library
4393,87.99597204261953,22.496215740684896,6,17,Sports Complex
2033,88.00386912948068,22.5030231817883,3,13,Cafeteria
4283,87.9948997173285,22.497072992626503,6,18,Sports Complex
1165,88.00060993810159,22.499658215548386,5,14,Library
3500,87.99551608632763,22.496811145712215,28,6,Sports Complex
2050,88.00472324433667,22.502801339589862,21,13,Cafeteria
2624,88.00476997355992,22.502991260685455,5,20,Cafeteria
4378,87.99564283362051,22.496208400466838,14,17,Sports Complex
339,87.9998590688618,22.499947970785684,18,16,Library
3879,87.99548849393021,22.496366380081167,21,17,Sports Complex
4632,88.00322015384285,22.49852936742996,26,9,other
2973,88.00474123195858,22.502954301478663,0,20,Cafeteria
265,87.99968805420451,22.499789188351173,25,14,Library
2424,88.00423028828136,22.502988382910093,22,19,Cafeteria
1262,88.00013468899812,22.50022383885769,14,15,Library
1771,88.00442837118403,22.503030227291095,22,20,Cafeteria
3511,87.99582053832357,22.496615438071306,10,7,Sports Complex
271,87.9996410344622,22.500423762760107,15,11,Library
696,88.00008153325557,22.500106471801548,27,11,Library
747,87.99981115426691,22.499667421593564,6,11,Library
244,87.99969992589824,22.499768161716453,12,14,Library
317,87.99992243331086,22.49982021167019,10,11,Library
476,88.00014413924076,22.500281028179998,3,16,Library
2032,88.00418096098986,22.50263575237349,12,20,Cafeteria
957,88.00011418830479,22.500059851125133,21,15,Library
3816,87.99559538129658,22.496541422570395,5,6,Sports Complex
813,88.00004913869412,22.50012443577227,16,15,Library
4532,87.9995562768233,22.494074195411564,0,11,other
1914,88.00442905370532,22.503286900479452,3,19,Cafeteria
4602,88.00072222725129,22.496364421037615,28,19,other
3487,87.99554077781838,22.4966586276658,16,18,Sports Complex
1297,87.99992743136396,22.499553533377018,14,14,Library
4030,87.99550102408834,22.496732145683442,22,6,Sports Complex
1804,88.00431825265635,22.502760508835287,23,19,Cafeteria
758,87.99978541055495,22.499348946535843,6,10,Library
250,87.99968477901142,22.49932419192675,9,15,Library
2461,88.00440334558868,22.503077527731236,9,13,Cafeteria
545,87.99980077618613,22.50028025766683,0,14,Library
3241,88.00440851843015,22.502923962036373,0,19,Cafeteria
738,88.00041636861111,22.49989824092177,19,15,Library
310,87.99994557969919,22.49987923473708,12,11,Library
3780,87.99497738356574,22.49696533698539,26,7,Sports Complex
2941,88.0044472154128,22.502728257113024,20,12,Cafeteria
1131,88.00010548018857,22.500115796198816,21,11,Library
1449,88.00000531789418,22.49959238168907,5,11,Library
4919,87.99770815157777,22.50161896852965,26,17,other
15,87.99985942811769,22.499969563122903,16,11,Library
3232,88.00478363523348,22.502785215009784,23,19,Cafeteria
2769,88.0041539596016,22.502144427647764,27,12,Cafeteria
3468,87.99521013680265,22.49643469936143,17,6,Sports Complex
920,88.00026840793747,22.500261829426655,1,15,Library
3029,88.00452696403337,22.503153063044476,12,13,Cafeteria
1372,87.99965702471427,22.49947824324535,6,14,Library
3587,87.99549642803987,22.496837129286863,5,18,Sports Complex
2544,88.00453918822262,22.50306646356717,19,19,Cafeteria
3598,87.99514556005283,22.496373399054264,27,6,Sports Complex
38,87.99966795348777,22.499707520791073,9,10,Library
363,88.00010042793052,22.49956286700669,22,15,Library
4101,87.9954139530889,22.496399647406815,20,7,Sports Complex
182,87.99973227687549,22.499774074534816,17,10,Library
3033,88.00453635781143,22.503436131286488,8,13,Cafeteria
2983,88.00458865014492,22.50297816048221,17,13,Cafeteria
1194,87.99960175156662,22.500083464991643,1,15,Library
2852,88.00433974122183,22.502719421161412,16,20,Cafeteria
4542,88.00391507488047,22.503009964364235,25,6,other
1121,88.0002967575764,22.500197264171845,10,16,Library
2235,88.00485915728738,22.503199110730783,24,12,Cafeteria
2667,88.00420314765253,22.502828415707825,19,19,Cafeteria
3699,87.99513607237142,22.49615686411198,17,17,Sports Complex
3223,88.00423896599877,22.50289682898607,6,13,Cafeteria
1182,88.0002295791515,22.499917638053414,7,15,Library
4184,87.99630498919355,22.496475483744696,14,7,Sports Complex
4293,87.995177946719,22.496198549164166,27,18,Sports Complex
614,88.0006114379949,22.500185206086353,8,16,Library
4908,87.99542846797361,22.499143231677365,24,5,other
1466,88.00041747612609,22.50008812624209,8,16,Library
401,87.99985015624426,22.49991654512756,16,16,Library
3042,88.00471076526931,22.50267814731205,0,20,Cafeteria
934,88.00011000361252,22.50005632698051,13,16,Library
2419,88.00480269375973,22.50300557278355,13,20,Cafeteria
4860,88.00174489782164,22.50548682733781,20,5,other
4910,88.00166857289925,22.495063634806716,3,5,other
2641,88.00392900385688,22.502658238448515,17,12,Cafeteria
4017,87.99602449122624,22.49738318066599,27,18,Sports Complex
726,88.00000460848327,22.500354900751127,3,10,Library
826,88.00039489303643,22.499727074780964,3,14,Library
1521,88.0047589656937,22.50296583324217,16,13,Cafeteria
4856,87.99825057812292,22.497052189214372,6,16,other
2930,88.00480242160835,22.50291969705689,0,20,Cafeteria
136,87.99980418667691,22.49976121935516,7,14,Library
3590,87.99518059413064,22.496813060595088,27,6,Sports Complex
628,88.00001393122807,22.50017884532886,26,10,Library
334,88.00024377993336,22.49984689065634,14,16,Library
390,87.99977539633217,22.500136571062,13,15,Library
4387,87.99605263078246,22.497040432432236,22,18,Sports Complex
4904,87.99598449940912,22.50001154191631,21,18,other
3832,87.99573430343004,22.49664076923872,23,7,Sports Complex
1817,88.00447598267543,22.502490139068062,28,12,Cafeteria
400,87.9996013930853,22.50017423860113,3,14,Library
710,88.0000527543668,22.49968739806651,17,11,Library
1039,88.00026177457565,22.50001373352775,3,10,Library
3989,87.99611768905933,22.49626338097171,28,7,Sports Complex
3359,87.99564213290661,22.496730947364238,20,6,Sports Complex
46,87.99988484030726,22.499750403640203,11,11,Library
1561,88.00434443451783,22.50278252003958,27,13,Cafeteria
4799,87.9984454187988,22.49509791236809,3,7,other
3642,87.99597635234667,22.49647330264689,20,6,Sports Complex
3726,87.99569701873111,22.49641352219712,10,18,Sports Complex
4982,88.0012596864658,22.50245494353328,13,12,other
1112,88.00021751693268,22.499949627116514,26,14,Library
2513,88.00476469011386,22.502906970361988,12,12,Cafeteria
3608,87.99515666864555,22.49678889510924,15,17,Sports Complex
1223,88.00010344977436,22.500370415850615,6,16,Library
4060,87.99538859464506,22.496628519929573,23,18,Sports Complex
3023,88.00447822443687,22.503080299158963,5,20,Cafeteria
2421,88.00473446966616,22.503026015600028,15,20,Cafeteria
1508,88.00450006645491,22.502976183408066,16,19,Cafeteria
1750,88.00443997918826,22.503168778784527,7,19,Cafeteria
4837,87.99399680137864,22.498647108483052,8,0,other
4096,87.9951521276748,22.496505845303545,16,18,Sports Complex
1799,88.00474004738876,22.50297397481138,27,20,Cafeteria
338,88.00010323286357,22.499991692502338,21,10,Library
215,88.00018974230512,22.499977366679424,1,16,Library
3663,87.99554353466843,22.49657956406739,22,18,Sports Complex
1341,88.00000076150504,22.499620839362645,8,10,Library
11,87.99988356756161,22.49995158513518,1,10,Library
1520,88.00409844109876,22.502988262609936,0,12,Cafeteria
3640,87.99604069451185,22.49617692466129,19,7,Sports Complex
3937,87.99491595014818,22.496774794304912,10,17,Sports Complex
4427,87.99549583471192,22.496487607396336,28,18,Sports Complex
3004,88.00446694962224,22.502910500747927,2,12,Cafeteria
2864,88.00455093015472,22.50283868107485,9,12,Cafeteria
3115,88.00442106856869,22.50322216197541,25,12,Cafeteria
4840,87.99575717642543,22.49821745723143,3,14,other
2322,88.0049643961161,22.503411347866063,21,20,Cafeteria
2571,88.00433602710632,22.50315895136882,8,20,Cafeteria
2913,88.0047382550973,22.503213743110386,8,13,Cafeteria
101,87.9998948386693,22.500343719104787,9,16,Library
3549,87.99569170864257,22.496841648541526,5,6,Sports Complex
1458,88.00032243818852,22.500283905036795,7,14,Library
171,87.99979604742876,22.499908293897047,25,16,Library
107,88.00004364445321,22.500406169614617,20,11,Library
4196,87.99543474725446,22.495999110050032,6,7,Sports Complex
3569,87.99595521889037,22.496818817462263,10,18,Sports Complex
4991,87.99300592379984,22.504856731289074,15,19,other
4295,87.99532139809416,22.49596618509717,7,18,Sports Complex
4063,87.99529590700904,22.49546163642594,17,18,Sports Complex
3861,87.99527381518655,22.49625022988738,27,7,Sports Complex
4122,87.99577220726654,22.495918578458188,10,6,Sports Complex
4629,88.001196323756,22.50453817254965,18,0,other
60,87.99988020644054,22.499994658176412,3,15,Library
1240,87.99990521806475,22.50010371637509,22,10,Library
4637,87.99937501743193,22.494024084550066,20,18,other
1040,88.00042098192286,22.499822605036314,10,16,Library
4187,87.99572974229793,22.496136442948043,25,17,Sports Complex
2760,88.0043754035433,22.502924915300063,6,20,Cafeteria
2120,88.00372328081959,22.502943764059214,3,13,Cafeteria
1524,88.00462553915773,22.50380539690172,25,20,Cafeteria
3521,87.99562947396456,22.49615303296272,17,17,Sports Complex
153,88.00005806342429,22.499911708426797,17,10,Library
2248,88.00454373325275,22.503302821189582,25,20,Cafeteria
481,87.99976111488985,22.499655095458802,11,10,Library
4233,87.99526194667199,22.497048727028428,27,6,Sports Complex
4305,87.99520243078898,22.49676641091367,2,6,Sports Complex
3578,87.99572773367008,22.4967294440254,4,17,Sports Complex
4125,87.99576732992034,22.496762394307506,4,6,Sports Complex
3562,87.99620776093504,22.496036151519817,11,18,Sports Complex
3315,87.99522105466592,22.496594081727054,20,17,Sports Complex
1762,88.00466383850595,22.503255531649078,27,20,Cafeteria
3538,87.99543452986924,22.496882535688815,7,7,Sports Complex
4803,88.00368461013149,22.494635469605416,0,14,other
750,87.99976919168847,22.499968112719905,9,15,Library
3619,87.99572553595874,22.49648518383652,20,7,Sports Complex
1785,88.00432153799164,22.502840946187405,12,12,Cafeteria
4270,87.99542320568767,22.496663985939918,19,17,Sports Complex
3383,87.99561384082439,22.496602080626616,5,6,Sports Complex
4348,87.9946980475176,22.496286084024213,13,18,Sports Complex
405,88.00015571248309,22.50011192923145,6,15,Library
757,88.00004620903093,22.49989480955158,11,14,Library
2711,88.00425363441273,22.502469949390633,16,19,Cafeteria
2670,88.0044418257323,22.503338612016254,8,13,Cafeteria
3983,87.99506512470708,22.497061727075614,28,17,Sports Complex
97,88.00006526381804,22.50051437386743,17,11,Library
1333,88.00037268153422,22.49993150172954,3,16,Library
4451,87.99559959837667,22.496089050169633,4,7,Sports Complex
2791,88.00436267086437,22.503269336073508,21,19,Cafeteria
2854,88.00461509474347,22.50249599857634,2,20,Cafeteria
186,88.00011830940615,22.499883845675676,25,16,Library
4003,87.99553499585733,22.49666251219629,29,6,Sports Complex
2723,88.00418604888125,22.5033389551777,11,20,Cafeteria
3583,87.9954179223627,22.497325864990685,4,17,Sports Complex
2058,88.004433680339,22.50259680930547,0,12,Cafeteria
1319,87.99995325717425,22.499518081855165,15,14,Library
148,88.00013048539141,22.500296846512892,4,11,Library
28,87.99984984032751,22.499877787644554,20,16,Library
4140,87.99535605884934,22.49642518041318,11,7,Sports Complex
4009,87.9957026767053,22.49616128668116,20,18,Sports Complex
3363,87.99556577962176,22.496378493481156,22,6,Sports Complex
692,87.9997297341681,22.50050607740582,17,16,Library
2866,88.0048502841844,22.50219328724557,8,19,Cafeteria
3776,87.99511599964559,22.496518684495367,28,6,Sports Complex
1386,88.00032543532235,22.49986843803587,11,11,Library
1845,88.00463223547969,22.502847476477466,25,20,Cafeteria
4730,88.0007253424599,22.504676696892,3,1,other
129,87.99987413108647,22.50021319341878,25,14,Library
1599,88.00473726103365,22.50270894563106,19,19,Cafeteria
3629,87.99578650811642,22.497087033857543,9,6,Sports Complex
4503,87.99309229367474,22.505338904241,7,7,other
701,88.00026225230646,22.499952274052067,28,11,Library
3982,87.99558585210993,22.49608526682057,17,18,Sports Complex
3028,88.00457331707375,22.50252928739661,9,13,Cafeteria
2969,88.00501457981264,22.503256313089533,0,12,Cafeteria
4356,87.99602790876207,22.496777110845905,20,7,Sports Complex
1708,88.00413862190562,22.50307045607969,19,19,Cafeteria
2953,88.00474904031981,22.50357489564613,3,12,Cafeteria
454,87.9998674355954,22.49985108467649,22,10,Library
2868,88.00399959918805,22.503217598949597,22,20,Cafeteria
2040,88.00452709500745,22.502874798588035,29,20,Cafeteria
1772,88.00507933332065,22.50307824768019,9,13,Cafeteria
2315,88.00455315196966,22.502544637963926,14,12,Cafeteria
609,88.00037401107787,22.50015079685777,21,16,Library
167,88.00047419824567,22.499873806269694,19,11,Library
730,88.00004896131378,22.49982884254356,27,11,Library
4248,87.99582581058398,22.49621369923534,27,6,Sports Complex
3358,87.99582306568954,22.495627663621946,28,7,Sports Complex
2074,88.00481870701022,22.5031391033505,17,19,Cafeteria
4039,87.99550328837411,22.49681774833472,26,18,Sports Complex
3700,87.99614703207415,22.49724736239339,18,7,Sports Complex
1622,88.00398925545949,22.503494055026007,3,12,Cafeteria
587,87.99978753890764,22.499963054920297,11,10,Library
1401,88.00013416318814,22.49989394091665,12,10,Library
3045,88.00497427757287,22.5032122569041,24,20,Cafeteria
3224,88.00458176632405,22.502853473599213,3,13,Cafeteria
1700,88.00407022101106,22.502688980610742,3,12,Cafeteria
3088,88.0042045366452,22.50268275211359,24,13,Cafeteria
4390,87.99593311260712,22.496591924695757,12,6,Sports Complex
2981,88.00464515602089,22.502388511041072,21,20,Cafeteria
40,88.000184616645,22.499993121273736,5,11,Library
1379,88.00045650242839,22.4999531677454,8,15,Library
2089,88.00467242087393,22.502857500720836,27,19,Cafeteria
2175,88.00435991731727,22.502815431074996,19,12,Cafeteria
3217,88.00471910325416,22.502793839242845,28,20,Cafeteria
2885,88.00400188285992,22.50313531946449,18,20,Cafeteria
74,87.99934506372398,22.50011660749561,29,11,Library
3909,87.99523709147314,22.496922626118234,22,6,Sports Complex
4964,88.00364050197648,22.500990393965854,16,15,other
2657,88.00472654834053,22.502953667439222,9,13,Cafeteria
3180,88.00452523140693,22.50355153917926,29,13,Cafeteria
2076,88.00473963059844,22.503166450138792,9,12,Cafeteria
441,87.99999182631298,22.499902087858146,17,15,Library
4051,87.99585970156208,22.49638426946817,15,18,Sports Complex
2051,88.00491596204049,22.50303779884629,23,12,Cafeteria
2541,88.00485363889833,22.502938349676075,16,12,Cafeteria
3306,87.99484095579368,22.496206761928594,19,6,Sports Complex
1301,88.00024801058738,22.500673258415993,3,15,Library
1781,88.0050385325345,22.502719050883226,28,12,Cafeteria
4814,88.00172442540244,22.49994293321225,6,7,other
3430,87.99530287659309,22.49657233716999,1,7,Sports Complex
1304,88.0001341274609,22.499976133938226,20,11,Library
236,87.99949371435333,22.499736579395215,8,15,Library
2599,88.00437012150387,22.50268101681577,14,20,Cafeteria
520,87.99958264867972,22.500014983157566,24,10,Library
2573,88.0044175662935,22.50336462983104,20,13,Cafeteria
3280,88.00500427710963,22.50356630573306,25,19,Cafeteria
3186,88.00419268078761,22.503216979342877,5,12,Cafeteria
2768,88.00455345473381,22.503355570409965,24,20,Cafeteria
735,88.0001181493706,22.500182691029767,21,15,Library
4703,88.00285019082598,22.49531957793758,19,6,other
4929,88.00449415763512,22.49976975347156,15,9,other
2106,88.00487843919545,22.503152204898264,3,19,Cafeteria
2679,88.00464966405825,22.503128950845316,17,19,Cafeteria
3229,88.00483311921515,22.502545990780487,8,19,Cafeteria
2761,88.0047254559021,22.50335600741478,7,19,Cafeteria
592,88.00011974495644,22.500155551786012,22,10,Library
1303,87.99981106371013,22.499748986350788,17,11,Library
1387,88.00039037779918,22.500347084444552,28,11,Library
4695,88.00658759158618,22.49846724309752,12,14,other
4526,87.9960078441629,22.501382104195926,11,19,other
3947,87.99567433919849,22.496637896700264,22,18,Sports Complex
1890,88.00473402421666,22.50252140263757,15,13,Cafeteria
2987,88.00469379638167,22.503198790139265,7,12,Cafeteria
4924,87.99786547407724,22.503745585269638,1,6,other
3297,88.004049540843,22.50308454394459,1,12,Cafeteria
904,88.00004777476701,22.500418363022575,23,15,Library
4609,88.00321083748062,22.49721776077159,18,8,other
1279,87.99992272088394,22.50011986037952,17,10,Library
933,87.99945029851085,22.499956411435523,26,16,Library
4899,87.99785301245296,22.501082000853753,13,0,other
2308,88.00413501783049,22.50266824987662,0,12,Cafeteria
1555,88.00460994959975,22.50379725333278,3,19,Cafeteria
4533,87.99879388242401,22.499927847185162,3,18,other
3190,88.00467127359514,22.50282798656644,23,20,Cafeteria
4441,87.99547752867177,22.496685022185368,4,6,Sports Complex
706,87.99967989266187,22.500371029007134,29,16,Library
4690,88.00108736838327,22.50587179420211,28,8,other
3070,88.00435621420316,22.503333999700903,17,20,Cafeteria
745,87.9998185640467,22.50002608898438,24,14,Library
3594,87.99603036133303,22.496731403525033,23,6,Sports Complex
1939,88.00450130225951,22.50324208006501,15,20,Cafeteria
4400,87.99506370331186,22.496034724329373,15,6,Sports Complex
2862,88.00454269055383,22.503187804081318,6,19,Cafeteria
3996,87.99583621463138,22.496311923093742,22,17,Sports Complex
513,87.99977310908449,22.499765024224722,29,10,Library
81,88.00008927814288,22.500287159337358,0,11,Library
4976,87.99908572320031,22.494155720047804,22,2,other
1308,88.00027147389146,22.50022884756889,0,10,Library
4614,87.99628802170197,22.49751492918646,11,23,other
914,87.9999761761169,22.50025441536671,12,11,Library
3452,87.9953406301519,22.495916317156833,28,17,Sports Complex
3695,87.99539136135225,22.496771486354866,10,18,Sports Complex
4804,88.00103277027812,22.50114010106036,27,19,other
3156,88.00467396005169,22.50314545210237,22,12,Cafeteria
2198,88.0040337772006,22.50341742700606,22,19,Cafeteria
4232,87.99598409747638,22.496400534241246,6,6,Sports Complex
774,88.00015545249056,22.499728188515284,22,11,Library
329,88.00015708637731,22.500004712405737,9,11,Library
2054,88.00468951540955,22.502666269447392,29,20,Cafeteria
2001,88.00449373111701,22.50309537373953,3,19,Cafeteria
943,87.99997520603405,22.500172426951313,16,11,Library
822,88.0005747245309,22.50011444321654,18,10,Library
4527,88.00183274603206,22.49947067308961,12,17,other
909,88.00054081368083,22.49971293417781,2,16,Library
2516,88.00513001444756,22.503058075601945,23,19,Cafeteria
181,87.9997857106109,22.499993951098403,18,14,Library
164,88.0002408440323,22.50032424863664,20,14,Library
1523,88.00430338674518,22.502849079180134,17,13,Cafeteria
451,88.00023878558012,22.50031548037518,3,11,Library
2538,88.00489083997915,22.502852894469747,0,19,Cafeteria
4137,87.99594536916581,22.496242758714562,19,18,Sports Complex
4775,88.004646786376,22.49953224592817,27,18,other
1311,88.0002044415748,22.49984111053965,2,14,Library
3149,88.00423182056993,22.502904458029892,12,13,Cafeteria
1111,88.00005435821829,22.499715578582393,21,10,Library
4547,87.99498802546326,22.502460533661907,16,11,other
4085,87.99525192762906,22.4962362023243,9,18,Sports Complex
3489,87.9953909864818,22.49664301376165,15,7,Sports Complex
1287,88.00012699783173,22.499675970833938,26,14,Library
4177,87.99540692653208,22.4971049152832,12,6,Sports Complex
4645,88.00589701140149,22.496043979612438,25,2,other
3680,87.99554893747549,22.496306365649357,13,17,Sports Complex
4511,88.00195582887022,22.49453422621694,29,15,other
4168,87.9953643780398,22.496604928205958,21,6,Sports Complex
3300,87.99536085795621,22.49620222603798,8,7,Sports Complex
3310,87.9956696571268,22.496529002694654,18,18,Sports Complex
4556,87.99882246298498,22.50527048420478,0,7,other
3125,88.00458668750692,22.503471473621683,19,19,Cafeteria
327,88.0001979156735,22.500352733094935,4,11,Library
1790,88.00475992527564,22.503047109407078,16,13,Cafeteria
2490,88.00417118635112,22.50305009018373,7,20,Cafeteria
2006,88.00506881124853,22.5033290935494,20,19,Cafeteria
2007,88.00446275223776,22.502843084616586,12,20,Cafeteria
1858,88.00424423732707,22.502754100795144,5,12,Cafeteria
4685,87.99795475154556,22.50188130049992,26,16,other
312,88.00020635408725,22.500403055157065,9,15,Library
832,87.99974896480832,22.49962053156333,24,16,Library
3079,88.00456107852908,22.503043546910067,13,12,Cafeteria
4717,87.99693476119643,22.497180141437806,19,5,other
3462,87.9953084828739,22.49642136203443,7,17,Sports Complex
1201,87.99989264861472,22.500272745106297,9,15,Library
4391,87.99605241993713,22.49599249427534,10,18,Sports Complex
3547,87.99541789733964,22.49611991289024,2,17,Sports Complex
4922,88.00052959590778,22.504564544702234,5,22,other
2134,88.00457267409517,22.50300969391139,26,19,Cafeteria
3451,87.99521486002138,22.496700745592907,24,7,Sports Complex
2209,88.0044053016253,22.50342512844768,2,12,Cafeteria
1901,88.00459128351748,22.50232643106258,18,19,Cafeteria
1481,87.99990679171198,22.50031808837503,25,14,Library
777,87.99993812034111,22.49971280149121,1,11,Library
799,88.00000743903487,22.49962422992456,2,14,Library
3714,87.99546022010513,22.495880002106997,22,6,Sports Complex
3942,87.99586295186353,22.496072037402442,7,17,Sports Complex
54,88.00025774988062,22.499943380277024,3,14,Library
2972,88.00493724625352,22.50284497597138,9,20,Cafeteria
3335,87.99547684192292,22.496493725211113,20,7,Sports Complex
1920,88.00409099312263,22.502972235044375,0,13,Cafeteria
3715,87.9960596931343,22.49606954090965,9,7,Sports Complex
4646,87.99556610708983,22.500742256206554,24,16,other
946,87.99961861870727,22.500073556032252,4,14,Library
1701,88.00442184982317,22.502711910517046,26,20,Cafeteria
3293,88.00466601473389,22.503291534443328,23,13,Cafeteria
2161,88.00408558453763,22.503408512134097,21,12,Cafeteria
1136,88.00029736762224,22.500047658897817,25,16,Library
987,88.00021934057264,22.49998864719552,6,15,Library
2549,88.00450328434489,22.50291239799714,12,19,Cafeteria
193,87.99968856530532,22.499663505079937,23,15,Library
3057,88.00429827474679,22.503207801610277,14,13,Cafeteria
3246,88.00487271176887,22.502409518809742,29,12,Cafeteria
1394,87.99990866961217,22.50012706715992,16,10,Library
2637,88.00487187329054,22.50285683283539,14,12,Cafeteria
768,87.99984325823556,22.499873955042247,6,16,Library
4702,87.99809322951805,22.499231631192004,19,22,other
3090,88.0051235242717,22.503405543997236,5,13,Cafeteria
3495,87.99549267763692,22.496568238697098,27,7,Sports Complex
3215,88.0045208103499,22.50287442087064,13,19,Cafeteria
285,87.99951197805012,22.499635612125132,7,11,Library
4938,87.99807377153118,22.499295890051823,29,7,other
428,88.00026460612172,22.50027523990875,12,15,Library
4448,87.99530652317887,22.496008734326125,26,6,Sports Complex
2332,88.00428877370932,22.503357430493317,16,20,Cafeteria
2717,88.00507937592839,22.5027193033373,1,12,Cafeteria
2079,88.004835200662,22.503148717631525,23,13,Cafeteria
3389,87.99487917870374,22.496666159736694,16,18,Sports Complex
722,87.99966295364447,22.500186047992877,4,16,Library
951,88.00008801384912,22.499792044447943,17,16,Library
4383,87.99606031779717,22.496153495200137,21,7,Sports Complex
4366,87.99543639326184,22.49670204182852,11,17,Sports Complex
2262,88.00473994188783,22.502913002055916,0,19,Cafeteria
989,88.00000672145975,22.49952008171095,19,14,Library
3212,88.00456042145996,22.50274890717548,27,13,Cafeteria
1759,88.00435643850986,22.50319003973712,0,19,Cafeteria
4579,87.99933291543287,22.502747196140618,15,9,other
326,88.00028952771838,22.49972740023064,7,10,Library
2608,88.0045438631226,22.502574866777707,27,20,Cafeteria
1383,87.99984857126925,22.500114421646515,17,15,Library
1724,88.0046376674189,22.50292678919145,21,12,Cafeteria
1086,88.00025757086351,22.49967018820135,20,16,Library
2523,88.0043021860505,22.502944946532125,20,19,Cafeteria
341,88.00006092180287,22.499529537738624,11,11,Library
3701,87.99504232509662,22.496382209277577,21,18,Sports Complex
147,87.99966988584673,22.50024643249892,0,10,Library
688,88.00017773999205,22.499892688894924,29,16,Library
3432,87.9956348244283,22.4964532302946,4,17,Sports Complex
1107,87.99973664610921,22.499448608485725,22,14,Library
848,87.99984056500394,22.500173369727978,5,10,Library
966,87.99983090192448,22.499809178473956,15,16,Library
4727,88.00465915343275,22.494620435998087,11,10,other
1492,87.99985893810033,22.50001800921532,2,10,Library
3953,87.99544738506918,22.495950333734122,21,6,Sports Complex
2203,88.00474954828664,22.502531644512935,22,13,Cafeteria
2713,88.00446289380598,22.502655565372955,9,19,Cafeteria
661,87.9998632852647,22.500061626194608,22,16,Library
1002,88.00001490759249,22.499917172904205,26,10,Library
62,87.9997234162565,22.499393939934933,9,14,Library
284,88.00053325834367,22.500020609938232,3,16,Library
2224,88.00449101048005,22.503188415798924,0,13,Cafeteria
4706,87.99707830424784,22.499841352209618,28,0,other
1879,88.00409583715597,22.503248164536817,1,12,Cafeteria
3572,87.99518855433018,22.496071689303673,3,18,Sports Complex
4857,87.99816213607386,22.50367495379503,13,17,other
1203,88.00013582450725,22.500255927386526,19,16,Library
1990,88.00480917632228,22.50283948900068,29,13,Cafeteria
24,87.99986390431887,22.49990694830598,9,10,Library
4852,87.99530158631808,22.50056203812324,7,4,other
4102,87.99503181403487,22.49718317518133,0,17,Sports Complex
4167,87.99581623223933,22.49543810372325,19,6,Sports Complex
762,88.00064002113457,22.500308945547957,14,15,Library
875,88.00044863946587,22.500362124807474,23,10,Library
4742,87.9943967397167,22.494175402611813,0,20,other
938,88.00006095017844,22.49989080894069,21,16,Library
2687,88.00443502456307,22.50291036908323,1,20,Cafeteria
3600,87.99534397164017,22.495318547314938,18,7,Sports Complex
2394,88.00491229212068,22.50316306026824,28,13,Cafeteria
4567,88.00505457308337,22.497502843087876,24,22,other
4980,88.00080534126673,22.500491958256976,12,21,other
4124,87.9955078751359,22.496679763253045,8,6,Sports Complex
4564,87.99967074560304,22.499283480552105,7,5,other
385,88.00003759844662,22.500070040289703,15,15,Library
3877,87.99540821825072,22.496790184454007,7,17,Sports Complex
4370,87.99561391978932,22.49694592225423,0,7,Sports Complex
4569,87.99545901365553,22.494360699746423,9,23,other
536,87.99978489665868,22.500098103991796,28,14,Library
2291,88.0042991852396,22.503355275915574,0,20,Cafeteria
4665,87.99405606297445,22.498803324088975,20,0,other
3874,87.99551718315597,22.497354439545845,0,18,Sports Complex
936,87.99974469179571,22.499967131851083,5,11,Library
3737,87.99565184233404,22.496642047593344,20,17,Sports Complex
4728,87.99779117023427,22.503211141419037,25,10,other
2360,88.00510087220204,22.502941656121937,29,12,Cafeteria
3507,87.9953825694588,22.496485011467325,14,17,Sports Complex
201,88.0001401961316,22.500122296782536,4,14,Library
3208,88.00480263360325,22.502859632775284,21,20,Cafeteria
1332,87.99994663928227,22.500390722192126,3,10,Library
3016,88.00467026199826,22.503080811178556,3,20,Cafeteria
3502,87.99508027848623,22.496688982815265,13,6,Sports Complex
2708,88.00415810886426,22.503323823904186,11,12,Cafeteria
4021,87.99547249406248,22.49667020055666,26,18,Sports Complex
1854,88.00428106741504,22.5031113222523,10,13,Cafeteria
4469,87.99527919777127,22.49633797926718,9,18,Sports Complex
2872,88.00462262540465,22.50315143433547,0,20,Cafeteria
3030,88.00486070458588,22.50339092648191,0,19,Cafeteria
1205,88.00001014792281,22.50026127211852,21,15,Library
1645,88.0046712084448,22.503198649442332,7,20,Cafeteria
3417,87.99563137589365,22.496912742105504,22,18,Sports Complex
3476,87.9951997933882,22.496206137069787,23,7,Sports Complex
2861,88.0044258646619,22.5031922851825,2,13,Cafeteria
1792,88.00449089376343,22.503206754142695,27,20,Cafeteria
3797,87.99569235101063,22.49684154291207,14,7,Sports Complex
3368,87.9952612738207,22.496235588719514,15,7,Sports Complex
3367,87.99509505124053,22.496777641873585,26,6,Sports Complex
3533,87.99577855233433,22.496366027559404,17,18,Sports Complex
3449,87.99527140191353,22.496585714055602,13,7,Sports Complex
603,88.0003389094647,22.500281358696103,28,14,Library
3056,88.00405858784556,22.50258873079245,6,12,Cafeteria
4531,88.00544136039053,22.49823697388881,6,12,other
126,87.99975236591872,22.499888169526084,19,15,Library
3876,87.99574006165976,22.497171050789014,4,7,Sports Complex
2935,88.0043734736585,22.503180573181847,13,19,Cafeteria
3531,87.99583877618207,22.496838143863936,26,17,Sports Complex
2730,88.00505719486021,22.50282042383877,20,20,Cafeteria
827,87.99986928499321,22.49990322507438,23,14,Library
1639,88.0046348824743,22.50248224209652,25,12,Cafeteria
984,87.99999909936523,22.499862610716022,22,14,Library
3281,88.00462071972915,22.502655882847378,8,20,Cafeteria
4971,88.00206092788294,22.498423184342233,1,20,other
2188,88.00418855256788,22.50361149869539,25,13,Cafeteria
4612,88.00107675271057,22.494832220052224,25,19,other
2443,88.00414509663278,22.502979056882946,12,12,Cafeteria
362,87.99997280996288,22.500198372180137,24,15,Library
2349,88.00426136582924,22.502531202914966,14,13,Cafeteria
345,88.00005801248435,22.499743081214767,15,15,Library
814,88.00025796113486,22.500166481063015,19,15,Library
3205,88.00391386840566,22.502853145020243,18,19,Cafeteria
4160,87.99501216382325,22.496493581676678,29,7,Sports Complex
4795,88.00085251101325,22.504027128362836,21,23,other
3325,87.99521686263748,22.49590317733728,5,17,Sports Complex
4106,87.99541516858967,22.496889851839295,21,7,Sports Complex
2116,88.00459080939831,22.503541363535284,14,13,Cafeteria
1834,88.0044212165929,22.50273475761169,20,20,Cafeteria
793,87.99968081285604,22.49979793356959,2,14,Library
4946,87.99452314184933,22.503504609485404,12,2,other
2674,88.00452343602088,22.50266193550616,13,13,Cafeteria
94,87.99990197296172,22.499409266891114,5,10,Library
3756,87.99508231848101,22.496580350424377,21,6,Sports Complex
2891,88.00485483896298,22.50277760898932,2,12,Cafeteria
2371,88.00495696801215,22.502891982833226,0,20,Cafeteria
4149,87.99551078249726,22.496686207851297,9,7,Sports Complex
4432,87.99546493953093,22.496273715032185,21,18,Sports Complex
3228,88.00440174675397,22.503245371093378,24,13,Cafeteria
2853,88.00358066293937,22.50286679490687,15,13,Cafeteria
2912,88.00402545477539,22.503316124701644,7,12,Cafeteria
1865,88.00493474698101,22.502968836930908,2,12,Cafeteria
1857,88.00386948870155,22.50342546254685,1,13,Cafeteria
2645,88.00454357318502,22.502922016649258,23,19,Cafeteria
2243,88.0046616643168,22.503256661984775,28,12,Cafeteria
2336,88.00424956744621,22.503044089882863,14,20,Cafeteria
950,87.99993969098554,22.49977095202113,21,14,Library
3068,88.0048661922096,22.502988532739653,17,12,Cafeteria
1120,88.00027638148325,22.500176126634955,24,10,Library
2597,88.0046475006496,22.5029910975173,19,19,Cafeteria
2204,88.00426367795173,22.503005379105776,10,19,Cafeteria
419,88.00001687962035,22.499881977355574,1,14,Library
922,88.00003324241854,22.499942652313983,15,10,Library
1254,88.00030691724812,22.499981513108597,3,11,Library
477,88.00007781253863,22.500236881615532,19,14,Library
2035,88.00477450597747,22.50348927038269,8,13,Cafeteria
1202,88.00003057437576,22.500503067611426,9,14,Library
2626,88.00449078353542,22.502988850103637,20,19,Cafeteria
4818,88.00149135708115,22.499245069441674,7,2,other
1970,88.0047475055739,22.50294173372566,6,12,Cafeteria
3110,88.00473912969906,22.502356183467985,20,19,Cafeteria
4018,87.99540489448606,22.49629342488573,3,7,Sports Complex
2151,88.0047139384323,22.503419188218203,12,12,Cafeteria
3687,87.9956518123901,22.496783146013232,25,17,Sports Complex
1997,88.00433289967154,22.50249522393381,14,12,Cafeteria
4033,87.99531532117834,22.49617895842524,29,17,Sports Complex
3054,88.00510827459199,22.503705775523688,20,20,Cafeteria
1248,88.00005844647795,22.500096580829453,0,16,Library
2192,88.00401102716215,22.502522116485537,4,20,Cafeteria
2712,88.00453815668162,22.503012693618317,20,20,Cafeteria
992,87.99993820565437,22.4998767192944,26,14,Library
2190,88.00467134741103,22.503173007044037,4,13,Cafeteria
3762,87.99528476956412,22.496331943200882,5,7,Sports Complex
3597,87.9951846776085,22.496826698034067,25,17,Sports Complex
1318,87.99984762194946,22.500098449324554,24,10,Library
1863,88.00413679510424,22.502489758792546,13,13,Cafeteria
2343,88.00421090730944,22.503097495372373,9,20,Cafeteria
2449,88.00436253380781,22.502711781220857,13,19,Cafeteria
2136,88.00485455780142,22.502788775792247,8,12,Cafeteria
1065,87.99972008252634,22.49989797479021,1,15,Library
4960,88.00532742735915,22.49754367450129,3,15,other
2621,88.00430092928259,22.50314897525725,1,13,Cafeteria
77,87.99992524816238,22.500291184838613,23,14,Library
2898,88.00469834770615,22.503108783018185,17,12,Cafeteria
1314,88.00000258815496,22.50045813926087,21,15,Library
4372,87.99471302621293,22.496359191492036,3,7,Sports Complex
872,87.999655170193,22.500040004556464,27,14,Library
3850,87.99583438599991,22.496405962742866,1,17,Sports Complex
4787,88.00013516182739,22.49453862822596,2,19,other
2965,88.00422600302676,22.502769063239935,27,19,Cafeteria
3391,87.99559932580975,22.49643628584912,16,17,Sports Complex
2560,88.00442890951732,22.502938849615852,0,12,Cafeteria
4896,87.99355898722327,22.495627801271247,28,4,other
2635,88.00482464883325,22.5031470828197,13,19,Cafeteria
3530,87.99557641856266,22.496201933965935,24,7,Sports Complex
375,87.99980816310928,22.500348920952696,15,16,Library
1908,88.00417889456459,22.503364148361207,19,13,Cafeteria
4332,87.99499908408337,22.496452753420208,22,7,Sports Complex
4379,87.99518384741124,22.496873087301907,14,7,Sports Complex
4027,87.99523749206146,22.496579025811933,28,7,Sports Complex
1604,88.0045191559495,22.50357183922091,28,13,Cafeteria
1118,88.00005027476168,22.500114320101154,5,11,Library
3677,87.99491131092562,22.496501821841665,9,6,Sports Complex
3490,87.9955205131211,22.496255860320133,3,18,Sports Complex
4864,88.00627145283453,22.499754437340517,2,2,other
2958,88.00430513329003,22.50264452303793,17,19,Cafeteria
1994,88.00437985615216,22.50316103975721,4,12,Cafeteria
4955,88.00398472597278,22.501719287925724,16,8,other
4355,87.99436860209863,22.49659141458945,19,18,Sports Complex
2376,88.00458968283583,22.502881136696395,11,20,Cafeteria
1342,88.00010923454244,22.50036923360653,17,11,Library
320,88.00002424899125,22.499967185758226,3,16,Library
1619,88.00404024811782,22.502983313756868,0,19,Cafeteria
3713,87.99515673230472,22.49714194709753,12,18,Sports Complex
2060,88.00438005311779,22.502941875809743,3,13,Cafeteria
2219,88.00435486817243,22.50313888870821,27,19,Cafeteria
1673,88.0039650335556,22.502839996271994,0,19,Cafeteria
260,87.99976826738211,22.500409991132344,5,15,Library
4417,87.99533099279826,22.496793304919088,29,17,Sports Complex
2039,88.00463149111143,22.502921420890548,2,13,Cafeteria
901,87.99990166529692,22.500044205218035,29,14,Library
3744,87.99540213554803,22.496660873061327,8,6,Sports Complex
2026,88.0044058014711,22.502725173087864,7,20,Cafeteria
1917,88.00438049709864,22.50296366302783,25,12,Cafeteria
1828,88.0043735373353,22.50282885779282,28,19,Cafeteria
1573,88.00446854733276,22.502634567417616,3,12,Cafeteria
4394,87.99619794330927,22.49626783158677,27,6,Sports Complex
4208,87.99563954948063,22.497061353123545,8,7,Sports Complex
224,87.99988201703356,22.49976614032449,1,16,Library
723,88.0001858160235,22.499954693956695,13,10,Library
4485,87.99601509811443,22.49655662703921,5,6,Sports Complex
1141,88.00034392670332,22.49994548852615,15,10,Library
2762,88.00443866169451,22.503023661906973,5,13,Cafeteria
846,88.00007229216098,22.499880290635996,12,16,Library
2551,88.00410888261068,22.50329011967099,6,19,Cafeteria
2928,88.00434163434817,22.502354388743633,27,13,Cafeteria
117,87.99970783049059,22.499812052237477,24,11,Library
645,87.99993181910756,22.500372465859652,3,10,Library
3,88.0003807574641,22.49999915638565,22,11,Library
4170,87.99525873482618,22.496726212057098,19,18,Sports Complex
467,88.00018937692751,22.499962181679088,4,15,Library
5,87.99994146576076,22.49988669298767,9,11,Library
919,88.00004852249822,22.499668381967922,24,15,Library
2595,88.00490629896902,22.502584325546092,18,13,Cafeteria
1063,87.99956507155531,22.500063845938918,8,16,Library
2590,88.00424300183471,22.502731068997416,11,20,Cafeteria
242,88.00012624681975,22.500017513040778,9,15,Library
1160,87.99937514857127,22.499706101348593,28,16,Library
2870,88.00464258306135,22.50337571981389,10,13,Cafeteria
3735,87.99554319669673,22.496196743280517,7,6,Sports Complex
2397,88.0040033840837,22.50342593116617,16,12,Cafeteria
3517,87.99540540537132,22.496565123951367,25,7,Sports Complex
3421,87.99567613133459,22.496651497640883,24,18,Sports Complex
2563,88.00483726564094,22.50336521148707,1,20,Cafeteria
1605,88.00415848558343,22.502855004620844,11,12,Cafeteria
4828,88.00528311064,22.495731568827303,5,7,other
2324,88.00423488686923,22.503675232531293,12,12,Cafeteria
2709,88.00498141959824,22.503402163193595,15,13,Cafeteria
4398,87.99563648095979,22.496624833662537,21,17,Sports Complex
1312,88.00034755188726,22.500434712837965,15,11,Library
3448,87.99568288226826,22.496627809150368,21,18,Sports Complex
3812,87.99587705278556,22.496683809259643,8,17,Sports Complex
4655,87.99945047388992,22.495115369597443,2,13,other
2362,88.00460558660977,22.504066685138866,8,12,Cafeteria
1975,88.00423863669928,22.502768272701775,27,13,Cafeteria
3514,87.9954522522474,22.496290952372455,3,7,Sports Complex
1761,88.00420675760891,22.503141954148507,6,19,Cafeteria
2739,88.00412661145984,22.502857908074876,21,20,Cafeteria
4844,87.99955629697575,22.504458504168014,18,13,other
2472,88.0043822568887,22.503170120765635,24,19,Cafeteria
4007,87.99535582686798,22.49617002866592,29,18,Sports Complex
1493,88.0000461378258,22.499946947757525,22,11,Library
4206,87.99578915096562,22.496270387834617,21,18,Sports Complex
2158,88.0040953144797,22.502776973254466,17,20,Cafeteria
1169,88.00021335388969,22.50015640773341,24,11,Library
4516,88.00151088081851,22.503614570254115,6,6,other
232,88.00001139295998,22.499995145098527,22,16,Library
66,87.9999819974696,22.500016747679307,15,16,Library
1603,88.00459760178879,22.503260419572722,2,19,Cafeteria
3283,88.00451740855942,22.503485709470816,19,13,Cafeteria
3596,87.99608599476814,22.496591705801027,10,6,Sports Complex
125,88.00054761390645,22.50027001201643,24,15,Library
1296,88.00022976912075,22.50014328195331,15,11,Library
1976,88.00423322689332,22.503408969769108,2,12,Cafeteria
4517,87.99835421187076,22.499697060741223,15,9,other
4481,87.99503205771465,22.496035592854223,13,6,Sports Complex
2075,88.00486389980927,22.503164406368136,7,19,Cafeteria
3086,88.00389028335617,22.502777054353757,4,20,Cafeteria
4345,87.99525202916448,22.496525860427646,20,6,Sports Complex
3345,87.99539515770608,22.496119651216016,1,18,Sports Complex
4464,87.99536656694946,22.497084941861107,1,6,Sports Complex
2797,88.00453311204397,22.503589396323722,8,19,Cafeteria
918,87.99988839159636,22.500097673980232,19,11,Library
1646,88.00468486773363,22.50299482449214,24,13,Cafeteria
364,88.00017253599793,22.50032608506072,1,11,Library
3287,88.0047538227024,22.503385187123,13,19,Cafeteria
2125,88.00457296528675,22.502887507425772,9,20,Cafeteria
4123,87.99552614004493,22.497042436512217,20,17,Sports Complex
525,87.99954877947484,22.50004596238619,5,14,Library
55,88.00023282002978,22.500091841376705,9,15,Library
638,87.99967750977507,22.499690223231088,4,10,Library
302,88.00018682340128,22.499822898308274,21,10,Library
2766,88.00465944471466,22.502876661853133,29,12,Cafeteria
1276,88.000579832385,22.499935955061876,12,15,Library
2055,88.00458187483427,22.502692548551128,17,13,Cafeteria
3644,87.99576790312304,22.496801116395797,22,7,Sports Complex
4143,87.99547825237674,22.496044842419877,10,18,Sports Complex
2878,88.00480015326032,22.503064087115277,25,19,Cafeteria
4202,87.99532949148595,22.495857398150825,24,18,Sports Complex
2286,88.00454699606698,22.50315917100749,16,19,Cafeteria
2261,88.00462635196797,22.502670879048363,9,19,Cafeteria
2296,88.00425199669625,22.50313101457445,14,19,Cafeteria
1753,88.00404605836745,22.502762621654607,19,19,Cafeteria
1968,88.00458070668077,22.50216608793426,13,20,Cafeteria
4351,87.9956178493034,22.497262052706642,15,6,Sports Complex
3117,88.00410507129833,22.502927907279556,16,19,Cafeteria
2393,88.0043199140272,22.502782345335454,25,13,Cafeteria
523,88.00014264966715,22.49967279490022,28,15,Library
3900,87.99562096712063,22.496505293141556,24,7,Sports Complex
3122,88.00425896076722,22.5026472259453,22,19,Cafeteria
4156,87.99588411973998,22.496381005697177,27,18,Sports Complex
1969,88.00461328944083,22.502690038121177,25,13,Cafeteria
671,87.9994816524419,22.49998101224409,28,15,Library
4188,87.99533216625188,22.496502572736222,17,7,Sports Complex
666,87.99993625569564,22.499797285622197,8,11,Library
4338,87.99602294966405,22.496701035222898,23,18,Sports Complex
1887,88.00388827134601,22.50333465350743,23,20,Cafeteria
3266,88.00416897715957,22.50322379594901,19,12,Cafeteria
280,88.00002837933631,22.49964842063408,26,10,Library
1719,88.00421155060049,22.50268585469305,15,20,Cafeteria
2947,88.00447727944515,22.502809099002118,18,20,Cafeteria
899,87.99979576608226,22.50001733608426,25,10,Library
4850,87.99535929786515,22.494843967105048,23,0,other
760,87.99985609054345,22.50010918463793,1,15,Library
1906,88.00442795832579,22.502494661530005,17,13,Cafeteria
4042,87.99550469716989,22.496441730045504,0,17,Sports Complex
3823,87.99551930972326,22.496121906529076,3,17,Sports Complex
4138,87.99495394021122,22.49620376059298,1,17,Sports Complex
3818,87.99595201411118,22.496486652900913,10,6,Sports Complex
4300,87.9952086331824,22.496529170872844,5,6,Sports Complex
2593,88.00442477457047,22.50249505415819,18,19,Cafeteria
4164,87.9954064390419,22.49680557312322,25,17,Sports Complex
3031,88.00512267110868,22.502728686545954,1,12,Cafeteria
3579,87.99564906883849,22.49713198410734,0,7,Sports Complex
2832,88.00466949554747,22.502977118876693,5,12,Cafeteria
3472,87.99574037092468,22.49663550191062,10,7,Sports Complex
137,87.99991948462095,22.5001058997664,29,11,Library
2180,88.00465554785379,22.503301162632685,5,12,Cafeteria
2128,88.0046064440124,22.502897211984095,8,20,Cafeteria
3177,88.00434162628218,22.50282313133881,14,20,Cafeteria
4367,87.99517051647986,22.495992180474992,17,6,Sports Complex
4261,87.9952898226776,22.496158563472537,4,6,Sports Complex
4344,87.99572363488498,22.49632609335543,2,6,Sports Complex
1331,88.00030469046293,22.499768883502966,20,11,Library
2017,88.00490975960055,22.503050522802983,9,19,Cafeteria
2482,88.00386410815747,22.50361478043241,7,19,Cafeteria
1358,87.99963027210781,22.50029493130209,18,16,Library
1329,88.00014998218249,22.499908373244907,19,10,Library
2150,88.00417097284988,22.50304362690485,16,12,Cafeteria
2122,88.00472603010796,22.502837980124102,17,12,Cafeteria
3981,87.99524421540605,22.496099970108766,29,6,Sports Complex
1252,87.99950156608935,22.49988354860772,23,15,Library
3278,88.00413384653942,22.502700459501984,21,20,Cafeteria
3374,87.99533981040342,22.496265309893506,25,7,Sports Complex
2814,88.00455263601958,22.50322604098853,10,19,Cafeteria
1848,88.0046732740541,22.502616692694076,0,20,Cafeteria
3037,88.004800303276,22.503321169892544,11,20,Cafeteria
388,88.00023760595954,22.499881540163233,23,15,Library
235,88.00015847975558,22.49959592234789,27,16,Library
1077,87.99989297120976,22.500249214693365,5,11,Library
1984,88.00448138614342,22.502867388855485,19,19,Cafeteria
4363,87.99536271963603,22.49666085142091,10,18,Sports Complex
3962,87.99527204938727,22.49659638868195,23,18,Sports Complex
770,88.00017693798387,22.500086919120886,8,10,Library
2165,88.00452154987231,22.50276007535642,2,12,Cafeteria
673,87.9999071397835,22.50003793949806,21,11,Library
249,88.00010124542774,22.500250261523142,14,15,Library
1574,88.00441156226476,22.503143174760805,14,12,Cafeteria
3419,87.99508592006967,22.496400321555175,0,7,Sports Complex
2081,88.00445534574544,22.502859860205117,5,13,Cafeteria
1823,88.00469527664741,22.503159027935727,10,13,Cafeteria
716,88.00002855691217,22.49989082006599,8,16,Library
4668,87.99304374089506,22.502383356015105,24,3,other
2048,88.00455553751029,22.503365598797743,24,19,Cafeteria
4178,87.9954640729993,22.49664481397103,17,17,Sports Complex
2724,88.00474663660174,22.50278656176184,1,13,Cafeteria
4521,87.9938087281856,22.49565637098236,21,13,other
1460,87.999965386004,22.49979387145962,1,15,Library
1668,88.00435924774015,22.502691328977093,3,12,Cafeteria
2756,88.00457420560524,22.50248799912679,1,20,Cafeteria
2000,88.00525971628007,22.50355405977464,28,19,Cafeteria
404,87.99988748363214,22.499973174464,3,14,Library
384,87.99981021683462,22.49999339856076,16,11,Library
4535,87.99660099150252,22.50066529562929,25,19,other
2152,88.00498004909166,22.50290795471164,8,20,Cafeteria
1633,88.00435688777776,22.502812159040626,29,13,Cafeteria
4586,88.0003178840444,22.49583236172536,28,23,other
3925,87.9950541569362,22.496543632187695,1,6,Sports Complex
4158,87.99486333214465,22.496071062847225,23,18,Sports Complex
223,87.9995968210322,22.500153841871004,11,16,Library
2193,88.00430857253602,22.50322721092756,11,12,Cafeteria
3136,88.00428220062886,22.50320122298252,12,12,Cafeteria
1824,88.00471738694402,22.502488589211854,9,20,Cafeteria
4600,87.99539598309644,22.4984751788228,28,12,other
797,88.00017037517435,22.500350399648237,9,15,Library
2871,88.00508822318601,22.5030869417226,27,12,Cafeteria
9,88.0001356400109,22.500369382520265,22,10,Library
1944,88.00474341643597,22.503381385878637,17,13,Cafeteria
1838,88.00408606527651,22.502992802368535,19,13,Cafeteria
255,87.99987894148178,22.50034341463629,2,14,Library
4508,87.99910690215076,22.494207131825966,15,23,other
1581,88.00449394700448,22.502972510761932,5,13,Cafeteria
2956,88.00441093822619,22.502966260627073,17,19,Cafeteria
924,88.00029876165723,22.49961722312436,11,10,Library
4429,87.99567780430188,22.496357343729372,9,18,Sports Complex
2508,88.0044766729201,22.503038544159875,28,12,Cafeteria
3775,87.99586949298711,22.49699784803435,10,18,Sports Complex
4136,87.99510508045041,22.496629868808377,9,6,Sports Complex
2779,88.00451935106707,22.50280327711357,7,13,Cafeteria
539,87.99985577703262,22.499557731023778,3,14,Library
2745,88.00405999407621,22.50280498383688,2,20,Cafeteria
4498,87.99503144670285,22.497086748196246,6,17,Sports Complex
4571,88.00548170069179,22.505433513924995,2,14,other
1145,88.00000389476189,22.49980380952297,25,16,Library
667,88.00037599824715,22.499685605535273,14,14,Library
3019,88.00422041151333,22.503546936456466,1,13,Cafeteria
357,87.99992783534027,22.49993748837135,20,11,Library
2831,88.00430896482551,22.503264934365497,26,20,Cafeteria
2783,88.004406977943,22.502956867436648,9,13,Cafeteria
1353,88.00018978879008,22.500055135356753,25,16,Library
470,87.99993123707571,22.50014838918057,29,15,Library
2703,88.00465911071826,22.502813784563088,3,13,Cafeteria
3330,87.99513357738746,22.49647389256305,20,7,Sports Complex
3637,87.9956604112787,22.496455494491094,19,17,Sports Complex
1396,87.99966321842761,22.499478971765125,9,14,Library
3584,87.99605620155558,22.497294147064082,28,18,Sports Complex
4486,87.99556219431604,22.496621353405686,0,7,Sports Complex
3376,87.99577074519718,22.495746244160472,5,18,Sports Complex
1256,88.00041814309671,22.500048756246006,7,11,Library
3512,87.99537288855446,22.496478378378207,19,18,Sports Complex
1250,88.00008272005806,22.50043886892458,9,11,Library
4807,87.99697044238164,22.496618099715334,29,21,other
4298,87.99531458130294,22.496604719918132,17,18,Sports Complex
3284,88.00445791592551,22.50264405902346,10,19,Cafeteria
2933,88.00418280321915,22.502718593127927,9,13,Cafeteria
4175,87.99496989927184,22.496932401121516,18,7,Sports Complex
1852,88.0049157368267,22.502800016225105,6,20,Cafeteria
4869,88.00140949092138,22.499413678794014,16,4,other
2105,88.0045252603025,22.5028595969145,9,20,Cafeteria
133,88.00011839810766,22.500257490204394,1,15,Library
928,88.0003913810073,22.500281088339968,12,15,Library
823,87.9999092903599,22.500418623108338,20,10,Library
4543,87.99658335131349,22.496673682108803,22,8,other
1531,88.00465571082341,22.50253861382188,15,19,Cafeteria
1214,87.99992626258043,22.50009191232325,25,10,Library
504,87.99983733935773,22.49952659633326,18,14,Library
4285,87.99549731407772,22.49610482745236,7,18,Sports Complex
1996,88.00398707887776,22.503080409596127,17,20,Cafeteria
3072,88.00438322472293,22.502862118893347,21,13,Cafeteria
1958,88.00436979645622,22.50331809842071,10,12,Cafeteria
1384,88.000185523843,22.499313123789317,15,11,Library
894,88.00034553974776,22.499979140507552,12,14,Library
455,87.99980178179193,22.50034360952329,21,11,Library
4879,88.0016899151687,22.50588180408462,26,15,other
3709,87.99602715153428,22.49718213708901,26,18,Sports Complex
4618,87.99381476878182,22.49740834401843,5,2,other
4268,87.99537300053042,22.495700866477886,23,17,Sports Complex
3522,87.99510893554688,22.496161960630186,0,6,Sports Complex
4134,87.99555792204745,22.496704932536502,26,18,Sports Complex
3602,87.9956840780481,22.496767366018002,12,7,Sports Complex
713,88.00009978402859,22.499886977416793,26,14,Library
4186,87.99595119614241,22.496434304437944,25,18,Sports Complex
2214,88.00477974515567,22.503928448736147,22,13,Cafeteria
2923,88.0041656123791,22.502936490123048,17,20,Cafeteria
1810,88.00443997583025,22.502990652972425,9,13,Cafeteria
3486,87.99561255458914,22.496395717722315,15,18,Sports Complex
3141,88.00458168021531,22.50274770949181,4,19,Cafeteria
1827,88.00450273621584,22.503158478977408,29,13,Cafeteria
1155,88.00025245427234,22.500213631306767,21,15,Library
1324,88.0000161186037,22.499986898887357,18,11,Library
4312,87.99587399234547,22.496180562433757,5,18,Sports Complex
510,88.00006761420644,22.499598110033908,6,10,Library
1680,88.00463569696988,22.50298827506612,10,19,Cafeteria
499,87.99965430006726,22.499813774338797,9,14,Library
4536,87.99794811176287,22.502649902736994,3,1,other
1856,88.00419814992627,22.50305422196623,1,12,Cafeteria
1388,88.00000800103727,22.499903744547073,6,15,Library
3719,87.99529589199896,22.49634355785652,3,17,Sports Complex
2386,88.00461515081302,22.503186363689693,2,13,Cafeteria
3236,88.00430200493629,22.502986031069607,0,13,Cafeteria
1540,88.00448774710974,22.50289654566992,19,20,Cafeteria
1217,88.00006974854055,22.500221307870746,22,14,Library
2681,88.00499505107794,22.503168618825637,28,13,Cafeteria
2993,88.00435485167668,22.50247108362709,19,19,Cafeteria
1191,87.99966649362626,22.49993897988158,26,11,Library
1542,88.00435293352238,22.502822437382275,0,13,Cafeteria
3301,87.99501541869321,22.49624492343127,28,7,Sports Complex
3324,87.99568984838935,22.49647112026838,5,17,Sports Complex
2539,88.00527925513775,22.502485469957005,0,13,Cafeteria
953,88.00036094115102,22.499821060002724,4,11,Library
4330,87.9959111666301,22.496588789244004,19,7,Sports Complex
732,88.00010206318893,22.499507474045572,1,10,Library
1156,87.9998279624137,22.4997270165249,6,11,Library
3294,88.00430520168229,22.503125870802993,22,12,Cafeteria
2982,88.00433214812033,22.503144010108368,24,13,Cafeteria
2156,88.00476952560147,22.50253961077484,16,13,Cafeteria
1062,88.00028719142509,22.499768643843485,4,14,Library
2616,88.00441349143563,22.50259768956231,26,12,Cafeteria
1167,88.00014097728001,22.499691869171308,20,11,Library
3222,88.00443746753122,22.503401397711446,9,20,Cafeteria
3636,87.99512420750384,22.496886567196345,24,17,Sports Complex
2938,88.00424180332224,22.50318904637594,5,13,Cafeteria
4491,87.99559867130726,22.49678333966089,6,6,Sports Complex
3140,88.00487337407661,22.503155281338298,7,20,Cafeteria
143,88.00004615846463,22.50011309294906,20,11,Library
3577,87.99513789071415,22.49644073490001,13,18,Sports Complex
2782,88.00497858489834,22.502928194213318,14,19,Cafeteria
717,88.00003757544036,22.499983466846345,13,16,Library
1819,88.00419830620407,22.50307547774063,24,12,Cafeteria
2502,88.00470124254763,22.50302327511634,27,20,Cafeteria
4360,87.99584017562022,22.496844607513214,3,18,Sports Complex
4171,87.99500633640426,22.49701607407865,27,7,Sports Complex
395,87.99988270608698,22.49990749724253,16,15,Library
4836,87.99368643744911,22.495693701617707,12,3,other
4492,87.9957410494606,22.49660290573976,24,18,Sports Complex
1365,87.99996036760675,22.499923047882216,15,11,Library
4558,87.994997008123,22.49460999197056,11,13,other
595,87.99987249590029,22.499981058928366,5,16,Library
3952,87.9961634275711,22.496279418774225,4,6,Sports Complex
2914,88.00433095555582,22.503193935434894,12,13,Cafeteria
2326,88.00502012880744,22.502881366038363,18,19,Cafeteria
3766,87.99509073965723,22.496404396713718,4,6,Sports Complex
3440,87.99560331837887,22.496694123547847,29,17,Sports Complex
3851,87.99508086369106,22.496621685739786,21,18,Sports Complex
4132,87.99546670629286,22.49689927503016,13,6,Sports Complex
4591,88.00252298066187,22.500549677827426,24,12,other
2143,88.00442438837902,22.502872161855365,3,19,Cafeteria
1571,88.00446696739472,22.5031089861829,9,12,Cafeteria
4079,87.99608716890477,22.496342991094412,11,7,Sports Complex
1122,88.0001596825555,22.500020956656982,7,16,Library
2786,88.00460493295576,22.503264911033558,4,12,Cafeteria
2967,88.00513010898399,22.502877886037034,3,12,Cafeteria
2504,88.0044977936039,22.50264065904304,5,13,Cafeteria
3465,87.99541648806391,22.496800794989166,24,17,Sports Complex
675,87.9998055458281,22.500522384680423,18,11,Library
2808,88.0044341840091,22.50285208899821,7,19,Cafeteria
3348,87.9953381134618,22.496134006760194,27,7,Sports Complex
728,87.99986506007993,22.49953336501216,19,15,Library
412,87.99961647145732,22.50015951277536,29,15,Library
3146,88.00405476226685,22.503099988114982,7,12,Cafeteria
1516,88.00420679873223,22.502740414838282,15,20,Cafeteria
825,88.00036334611929,22.500167185413897,5,14,Library
3267,88.0043520044948,22.502805338263954,28,20,Cafeteria
3974,87.99574301423341,22.49665055004101,10,17,Sports Complex
616,88.00002734869865,22.499942850021164,26,11,Library
114,87.9999519097588,22.4999548800216,17,11,Library
417,88.00002891865857,22.499844788100436,18,15,Library
3069,88.0045068648632,22.502681286309876,21,19,Cafeteria
1625,88.00433373113705,22.502974487506723,29,13,Cafeteria
4950,87.99551697363367,22.504881745801157,13,5,other
4185,87.994995530389,22.496753896589507,12,18,Sports Complex
2896,88.0046169636267,22.50297248679514,0,20,Cafeteria
4671,88.00428983343626,22.49679497473067,24,8,other
2082,88.0046319477421,22.50341405940477,0,20,Cafeteria
753,88.00026341044915,22.49999697776304,17,15,Library
2546,88.00475279731307,22.50240536497529,8,19,Cafeteria
3969,87.99542461409891,22.49616836424066,12,17,Sports Complex
3373,87.99561780406592,22.496610630737738,19,17,Sports Complex
4107,87.99583677370251,22.495520012494094,2,18,Sports Complex
2444,88.00401872531322,22.50265040255044,4,12,Cafeteria
4380,87.99582694950479,22.496506241289087,5,7,Sports Complex
1066,87.99967632963107,22.499751046151303,27,14,Library
3913,87.99543900653795,22.496954270776982,6,18,Sports Complex
3498,87.9951116905556,22.496088038928992,18,6,Sports Complex
2738,88.0046052243091,22.50288837667179,7,12,Cafeteria
4000,87.99632218799532,22.49645429858995,22,18,Sports Complex
1568,88.00410394292925,22.50262832290393,29,13,Cafeteria
2427,88.00511817434577,22.503282306274613,7,20,Cafeteria
3746,87.99566548527449,22.49654674789544,5,18,Sports Complex
4639,87.9987152846915,22.49932546606189,15,15,other
1687,88.00445171909355,22.5023077405445,20,20,Cafeteria
851,87.9998611307202,22.500154251487395,7,16,Library
3546,87.99520796923571,22.496143611134507,1,6,Sports Complex
895,88.00016217747189,22.499637588695077,2,14,Library
4592,88.00170001130067,22.4992000065063,11,21,other
335,87.99996323565462,22.500090375881303,4,11,Library
2839,88.00470969064011,22.503461784748303,22,13,Cafeteria
3087,88.00414227617398,22.502596069163292,19,12,Cafeteria
1348,87.99965828032539,22.499848031184833,6,10,Library
1015,88.00004947769587,22.50008196988104,21,11,Library
2816,88.00423181728519,22.5029898881716,2,19,Cafeteria
1631,88.00480504614802,22.502692051717144,12,13,Cafeteria
2489,88.00512922302053,22.503038320365885,24,13,Cafeteria
3730,87.99525623861858,22.49645596322696,12,18,Sports Complex
3251,88.00490734647252,22.503136654501496,21,12,Cafeteria
4634,88.00208310361822,22.494199673570424,29,18,other
2070,88.0039199088877,22.502741709489822,3,20,Cafeteria
4452,87.9953036322018,22.496456494671392,6,18,Sports Complex
4882,88.00277420701627,22.5000222445634,25,20,other
1635,88.00418100737413,22.50316907923597,22,20,Cafeteria
2479,88.00397811188839,22.503159794662945,14,19,Cafeteria
2265,88.00417624091652,22.502688330437614,1,20,Cafeteria
2959,88.00465862875815,22.503353529097694,0,13,Cafeteria
4731,88.0062303068455,22.498740681283238,9,19,other
3059,88.00465455695925,22.50324268579841,21,13,Cafeteria
2141,88.0042613686157,22.503096307992674,5,12,Cafeteria
3118,88.00441507168092,22.503600962084782,2,12,Cafeteria
4725,87.99984426065055,22.501161319151173,23,15,other
4045,87.99567742050205,22.495861257788565,4,7,Sports Complex
3356,87.99564648009571,22.496740389623408,1,6,Sports Complex
2744,88.00477911066734,22.503059048166595,5,12,Cafeteria
3506,87.99545090354506,22.496577294619602,7,18,Sports Complex
1679,88.00437792490479,22.502978489761446,8,12,Cafeteria
4249,87.99613368286745,22.496543056535735,27,7,Sports Complex
3147,88.00396878191266,22.503280918885487,7,12,Cafeteria
2294,88.00466087604846,22.502876357576152,20,20,Cafeteria
580,88.00008462410187,22.500000131989715,24,10,Library
1470,88.00029915787167,22.499521936256144,2,15,Library
4070,87.99565947641854,22.4970219082415,28,7,Sports Complex
3343,87.99550839300666,22.496409097590124,21,7,Sports Complex
4583,88.00469599145775,22.494474851541735,5,18,other
3672,87.99526514480402,22.496199189096796,13,6,Sports Complex
559,87.9998947538798,22.50004839747784,24,16,Library
2849,88.00406182435876,22.50306007856146,13,13,Cafeteria
512,87.99994026298829,22.499807714412555,20,15,Library
1081,87.99991268557392,22.500097289798916,9,10,Library
1664,88.00441790506369,22.503362663281266,19,12,Cafeteria
1012,88.00051881521816,22.50013722095883,18,16,Library
1931,88.00510126863227,22.50269514350077,6,19,Cafeteria
1150,87.99975215191263,22.499773060954965,3,10,Library
2838,88.00473972043675,22.50321871079567,29,13,Cafeteria
116,87.99999132205757,22.50007468822709,27,16,Library
740,87.99953978144217,22.50002647361328,5,10,Library
4806,87.99682530987249,22.503080787757508,5,19,other
3675,87.99565173956367,22.496717175314686,9,18,Sports Complex
830,87.99966388737224,22.499926508263083,2,11,Library
119,88.00018798325817,22.500287111427298,11,14,Library
4853,87.99697827927987,22.49734620636104,5,1,other
4738,88.00042880164736,22.50101784043984,7,1,other
635,87.99958628583204,22.499856599556775,3,16,Library
4465,87.99542749340883,22.49658802278448,2,17,Sports Complex
4364,87.99608736297274,22.49720622153461,17,18,Sports Complex
4142,87.99483778824964,22.496374303930164,3,17,Sports Complex
991,87.99948956628289,22.499827568056485,28,15,Library
876,87.99987059717525,22.49991005783855,4,14,Library
4,87.99994146165632,22.49995745384437,13,16,Library
3051,88.00418857284487,22.50238758320246,5,19,Cafeteria
3124,88.00479031197659,22.50321320879935,22,12,Cafeteria
2660,88.00465427712358,22.50296913760616,21,19,Cafeteria
2491,88.00402343729148,22.503060717137192,15,13,Cafeteria
3854,87.99497841336685,22.495912174022482,16,18,Sports Complex
1715,88.00432627806971,22.503305318962834,0,13,Cafeteria
1148,88.0003986262658,22.500003904583487,21,14,Library
3261,88.00445396309502,22.503067990925246,14,20,Cafeteria
574,88.00020735139529,22.49984558702614,9,11,Library
3769,87.99536237964872,22.496588211892977,1,7,Sports Complex
3736,87.99565560719829,22.496817374493336,28,17,Sports Complex
4146,87.99530292162304,22.49668525497688,26,18,Sports Complex
853,88.00029725413278,22.4996585110722,2,10,Library
1982,88.00467153011637,22.50317956137433,17,19,Cafeteria
2774,88.00441657729837,22.503177102869106,4,19,Cafeteria
1166,88.00034606820462,22.500212043553166,13,16,Library
971,87.99982973708563,22.500590968123653,15,11,Library
2701,88.00473443826876,22.50307400336896,22,12,Cafeteria
4495,87.99481764343955,22.496659206530232,13,18,Sports Complex
3847,87.99553036637641,22.496293422311794,2,6,Sports Complex
2368,88.00435141989371,22.50311306541099,4,20,Cafeteria
4115,87.99540878708369,22.496145237955176,0,7,Sports Complex
4131,87.99550007838181,22.49651542262222,11,6,Sports Complex
2950,88.00463906632899,22.503063777484485,10,19,Cafeteria
524,87.99980918521086,22.499245121961046,7,14,Library
2455,88.00424508901072,22.50268571289067,29,12,Cafeteria
1841,88.00447414379924,22.502811343173754,3,13,Cafeteria
537,87.99990386111394,22.499872759093574,10,10,Library
2806,88.00500864388881,22.503026440581344,13,19,Cafeteria
4341,87.9948075652792,22.49660816905334,9,7,Sports Complex
3175,88.00435896268183,22.502924206720444,17,12,Cafeteria
784,88.00013994761198,22.499883898934424,29,14,Library
4057,87.99537775834014,22.496411877464126,10,18,Sports Complex
1409,87.99993729174588,22.500314287304217,8,16,Library
2537,88.00455870169229,22.503061682793643,26,19,Cafeteria
154,88.00007326811833,22.500084620960866,28,15,Library
3009,88.00464382207527,22.503562282827183,18,12,Cafeteria
1686,88.0043670037689,22.503651949699243,14,12,Cafeteria
2901,88.0048520532575,22.50297112486012,18,12,Cafeteria
4949,88.00155174119219,22.50546494032895,27,7,other
3863,87.99568048122053,22.496649581615916,25,18,Sports Complex
2733,88.00440678194501,22.503022951581553,28,19,Cafeteria
1895,88.0044502004888,22.503023955283563,19,19,Cafeteria
569,87.999912121629,22.50023155385056,18,10,Library
1816,88.004597550739,22.50256704563296,20,20,Cafeteria
2065,88.0048322370792,22.50278478879154,12,19,Cafeteria
127,87.9998584255676,22.500320254090433,9,10,Library
3394,87.99539426603565,22.496161082447863,16,18,Sports Complex
3327,87.99584741983605,22.496617810499647,27,7,Sports Complex
4986,87.99314793620903,22.495807898783866,22,13,other
2975,88.00464056673071,22.503303057183672,21,19,Cafeteria
980,88.00019645003967,22.49984853479481,8,15,Library
2300,88.00472864551409,22.502819549463954,6,12,Cafeteria
190,87.99988837126199,22.50014667345037,15,15,Library
1139,88.00017529318558,22.500099481762486,24,11,Library
699,87.9999537744659,22.500121968071216,6,14,Library
4780,87.997874785751,22.50259784322723,10,10,other
606,87.99980655270022,22.499774844816336,18,11,Library
4276,87.99600190035132,22.49641694071803,2,7,Sports Complex
301,87.99985995473995,22.499984834796546,19,15,Library
3420,87.99582683364913,22.496087637109433,2,17,Sports Complex
4820,88.0048588146722,22.496639418212812,15,22,other
1060,88.00019292467766,22.499746526011926,28,14,Library
2565,88.00415960040102,22.50308353903588,20,19,Cafeteria
4994,88.00451718797164,22.501313356886108,17,12,other
1069,88.00008662597044,22.49994134485751,9,16,Library
2524,88.00462995710134,22.503406380316306,29,13,Cafeteria
2205,88.00427860061501,22.502874936834882,26,19,Cafeteria
1243,87.99974631081733,22.50013953487863,21,14,Library
16,87.99974679221992,22.50037836243581,16,16,Library
3120,88.00491141619716,22.50297584654475,0,12,Cafeteria
4642,87.99799205698996,22.49688645471966,17,19,other
815,87.99962860990674,22.500105396652653,5,14,Library
3067,88.00404123324557,22.502715094628,14,12,Cafeteria
4784,88.00672747419804,22.49781297077458,20,8,other
959,88.00011192714001,22.50011800056773,4,11,Library
225,88.00027223764924,22.500271495529045,4,14,Library
3354,87.99597516687157,22.496586746198666,1,18,Sports Complex
2485,88.00449185053985,22.503459444869257,14,13,Cafeteria
562,88.00021778117586,22.500097616212482,23,11,Library
3436,87.99554000806357,22.496438944623,10,17,Sports Complex
1693,88.0052174664463,22.50333103307639,5,20,Cafeteria
1045,88.00022091498437,22.50010823995634,2,16,Library
3446,87.99490918798618,22.496575851874745,22,7,Sports Complex
4565,88.00168153344822,22.50518259938204,2,10,other
954,87.9999794622054,22.50017051301643,6,16,Library
4985,88.0059420025302,22.500520438646927,15,4,other
2735,88.00447860883969,22.503264607962212,7,20,Cafeteria
4903,87.99524584787605,22.50448588484824,3,1,other
4735,88.00025663101813,22.49896186696077,26,7,other
4823,88.00120402418291,22.499390217220704,27,10,other
1218,87.99979116323668,22.49985191101109,1,10,Library
1527,88.00423924180643,22.50379179266075,26,19,Cafeteria
3987,87.99568837406193,22.496413229390992,8,7,Sports Complex
1300,87.99983297738659,22.50004595862908,6,16,Library
4891,88.00658584471142,22.496465079079144,7,3,other
160,87.99975632958244,22.500329278766834,7,10,Library
4067,87.99513217059184,22.496477294995632,12,18,Sports Complex
956,88.0000856813366,22.49985498668966,5,16,Library
3791,87.9958184868893,22.495871406042898,13,7,Sports Complex
3234,88.0047813296063,22.503451186960085,0,12,Cafeteria
2869,88.00456275299523,22.50325859215058,13,13,Cafeteria
3777,87.9952820648817,22.496719836039443,8,17,Sports Complex
4433,87.99557522408767,22.496796369888155,27,7,Sports Complex
2961,88.00459926379642,22.502768913493213,7,20,Cafeteria
2200,88.00482734472776,22.502728835876212,28,19,Cafeteria
98,88.00000127836417,22.50000519842692,5,11,Library
2557,88.00452831956903,22.502497627104063,0,12,Cafeteria
3183,88.00467802866665,22.502851234705147,29,19,Cafeteria
253,88.00025811631514,22.499542341775786,7,10,Library
3923,87.99516217507315,22.496940749299004,25,17,Sports Complex
4199,87.99540598243163,22.496205196499133,8,17,Sports Complex
1445,87.99983716077655,22.499713077152546,25,11,Library
1648,88.00470025663381,22.502515620177608,23,13,Cafeteria
4682,88.00348042323374,22.504033618425346,27,3,other
4723,87.99393331771786,22.499189760005063,16,10,other
3991,87.99542171669988,22.496411419605646,22,18,Sports Complex
1696,88.00439842048101,22.503270594865597,22,19,Cafeteria
3191,88.00464937986624,22.503032109419642,2,13,Cafeteria
4499,87.99519001613561,22.49675411259973,24,6,Sports Complex
1154,88.00041050379004,22.499835541361538,4,15,Library
2255,88.00531820791072,22.502969144572774,17,13,Cafeteria
1682,88.00490087960812,22.503190895533518,25,12,Cafeteria
3170,88.00425656016046,22.50293989349949,23,20,Cafeteria
2056,88.00477782287008,22.503182502989603,22,19,Cafeteria
4090,87.99568339963446,22.49593532111733,5,18,Sports Complex
3108,88.0039260651507,22.502243674004962,7,13,Cafeteria
4548,88.00207321956952,22.497865585713797,28,5,other
3723,87.99526426112324,22.495738557928057,14,6,Sports Complex
2049,88.00406481350399,22.503036617663874,2,20,Cafeteria
3643,87.99552267697256,22.49591844665379,16,18,Sports Complex
4927,88.00229357045991,22.50098595835318,7,4,other
623,88.00033635501154,22.4999342772927,4,15,Library
262,87.99918968316499,22.500018858409724,3,11,Library
3369,87.99590332202365,22.497281590570996,26,17,Sports Complex
4061,87.99531043273285,22.49648898502043,3,18,Sports Complex
1802,88.00441184393178,22.5028499163327,20,20,Cafeteria
4736,88.00206576688716,22.50080879122543,7,12,other
4992,87.99392891640782,22.50476955780297,12,12,other
2385,88.00421043943219,22.50311202995183,26,19,Cafeteria
1959,88.00450620655235,22.50328173504588,28,19,Cafeteria
2976,88.00419623617704,22.502921463970523,14,13,Cafeteria
488,88.00042178540876,22.499839629601194,1,15,Library
1843,88.00441381825236,22.503180521131917,21,19,Cafeteria
1734,88.00446826288363,22.50322499744948,2,20,Cafeteria
2911,88.00457163121459,22.503296987677704,17,13,Cafeteria
3219,88.00418710089275,22.502954576786728,1,13,Cafeteria
146,87.99969076232227,22.49995321393375,14,10,Library
1986,88.00455712760652,22.502844979877565,13,13,Cafeteria
1369,87.99977879932149,22.500307245125622,0,16,Library
2811,88.00456338421732,22.50296887972914,20,19,Cafeteria
659,87.99996390989702,22.50013942276518,10,11,Library
1794,88.00481072095222,22.503375193603006,12,13,Cafeteria
2511,88.00435471811133,22.5028438054753,1,19,Cafeteria
3397,87.99555805065938,22.496294161990377,28,17,Sports Complex
4282,87.99583237452453,22.496718132563824,13,17,Sports Complex
1147,87.99963998727935,22.499648608245206,28,14,Library
3272,88.00434645926019,22.503194509486917,17,19,Cafeteria
608,87.99955531993777,22.499917845381063,6,15,Library
3582,87.9957409735911,22.495820100299998,4,7,Sports Complex
1930,88.00458731320985,22.503542868227218,16,20,Cafeteria
197,88.00003843127648,22.499830563757367,7,11,Library
2931,88.0045213838817,22.503417541767487,20,13,Cafeteria
2327,88.00451804340318,22.502876196143717,7,13,Cafeteria
4389,87.9962022430232,22.495552352007216,20,6,Sports Complex
766,87.99999125287738,22.499555353103997,16,11,Library
4496,87.99573352662877,22.496496171331817,4,7,Sports Complex
4218,87.99560085251454,22.497105255303115,8,17,Sports Complex
3255,88.00436571485317,22.502679351530812,22,20,Cafeteria
202,88.0002707628108,22.50015868036714,25,15,Library
3510,87.99593818160909,22.496671851381087,26,6,Sports Complex
1733,88.0046674410169,22.502309407372337,23,13,Cafeteria
2777,88.00460585255023,22.50329968094598,25,13,Cafeteria
1707,88.00413687949118,22.503041536702558,27,20,Cafeteria
3474,87.99530072700175,22.4967892585888,15,17,Sports Complex
854,88.000355126062,22.500302985996345,16,15,Library
4737,87.99869352257735,22.500521342262502,2,14,other
4097,87.99590351963968,22.496372203471772,17,17,Sports Complex
2160,88.00388981781492,22.503306414941726,13,20,Cafeteria
698,88.0002310067548,22.49983962827274,26,14,Library
4947,88.00143091849948,22.496282648449142,16,1,other
2999,88.00421312626513,22.503108694500348,0,13,Cafeteria
3696,87.99527010758597,22.497161248858987,21,6,Sports Complex
1636,88.00454535389292,22.503208389566424,19,12,Cafeteria
3457,87.99590900312751,22.496651540524816,12,17,Sports Complex
3581,87.9952254876604,22.496159682748665,15,6,Sports Complex
1291,88.00062324987935,22.499860644236723,6,10,Library
4659,87.99580929763364,22.502701651970398,22,12,other
1853,88.00455637441335,22.502904943113023,22,12,Cafeteria
3763,87.9952111919351,22.496510549231463,11,7,Sports Complex
3304,87.99522706766349,22.49680298612791,8,17,Sports Complex
4912,88.00528192323893,22.49502852112126,20,8,other
3743,87.99493732554133,22.497061295649413,12,17,Sports Complex
3445,87.9949630563573,22.497059338813514,25,17,Sports Complex
1998,88.0043361706073,22.502833779660772,19,12,Cafeteria
663,87.99986414380722,22.50028503725963,0,10,Library
4779,88.00292158606334,22.501554839534048,28,5,other
3748,87.99555814921459,22.496221126568567,22,17,Sports Complex
4413,87.99565449691598,22.496168556032035,9,17,Sports Complex
4744,88.0025879420466,22.495402962866105,21,22,other
709,88.00042411409207,22.499999822851358,3,14,Library
1282,88.00017702716917,22.499699199786154,8,11,Library
2675,88.00460368663558,22.503310442953016,11,12,Cafeteria
4029,87.99556778161758,22.49623791591514,5,18,Sports Complex
1306,88.00000704528934,22.499979850062676,27,16,Library
2237,88.00469967548291,22.50301085066396,0,12,Cafeteria
3302,87.99584570498058,22.496331399032172,0,7,Sports Complex
2038,88.00453058529021,22.50304929383934,21,19,Cafeteria
1529,88.00488594461939,22.503096345600053,26,19,Cafeteria
1663,88.00467803012788,22.503204641299902,8,20,Cafeteria
4934,88.00669076187627,22.497147806573977,9,14,other
4953,87.9972381471451,22.496821659696238,29,20,other
3627,87.99522641477469,22.496293647351422,18,6,Sports Complex
2693,88.00480990472333,22.503067531097752,19,13,Cafeteria
3060,88.00420454868157,22.503323915102158,26,13,Cafeteria
1597,88.0044831564604,22.503091840774548,27,20,Cafeteria
2729,88.0046352271035,22.5027225040684,28,20,Cafeteria
2625,88.00466209668122,22.502929655329012,22,20,Cafeteria
3157,88.00481430521833,22.502985023700763,22,12,Cafeteria
3314,87.99541922484677,22.496382376656225,15,7,Sports Complex
1722,88.00466629219328,22.503312759381938,4,13,Cafeteria
1059,87.99990734641698,22.500231067534884,11,10,Library
4636,88.00597509492174,22.496861084405943,26,7,other
3242,88.00468447364624,22.50257405529153,0,12,Cafeteria
1678,88.00383574788005,22.503156114124522,6,12,Cafeteria
1757,88.00520592773466,22.503240992926912,1,13,Cafeteria
4191,87.99531738166995,22.496754492868522,0,6,Sports Complex
563,87.99991849411695,22.499974194561766,20,14,Library
2790,88.00508776310802,22.502754391972733,0,13,Cafeteria
863,88.00044896941827,22.500278172093747,10,11,Library
1484,88.00005617118144,22.499586278140942,2,14,Library
206,88.0001287588168,22.500168143425302,18,10,Library
4488,87.99525103803131,22.496673686998186,9,17,Sports Complex
870,87.99995576319313,22.499961025455516,2,14,Library
4493,87.99571340820317,22.49597389572564,1,17,Sports Complex
502,87.99965035810655,22.49980189501975,26,11,Library
1028,88.00015337949318,22.50051413589121,5,14,Library
3840,87.99596066162854,22.496564476030336,16,18,Sports Complex
2690,88.00450883069726,22.502991315805556,21,12,Cafeteria
1570,88.00442490971211,22.502787970563105,22,12,Cafeteria
2773,88.00470927722068,22.502647008844267,2,19,Cafeteria
2731,88.00487369486926,22.502824654465694,8,19,Cafeteria
804,87.99989137594314,22.500498916872445,16,15,Library
3645,87.99601720210336,22.49553143610209,24,18,Sports Complex
2454,88.00472507543378,22.503390237569775,25,19,Cafeteria
4598,88.0063928805201,22.5015145798903,4,21,other
3104,88.00470224168049,22.50332480023543,25,13,Cafeteria
4875,88.00033931319189,22.50355244111882,17,11,other
200,88.0000894468401,22.50008765752482,15,14,Library
3099,88.0046414456656,22.50295410378914,25,13,Cafeteria
2278,88.00455239640418,22.503188450957722,28,19,Cafeteria
3561,87.99613053494275,22.49701473169673,10,6,Sports Complex
4474,87.99521521739871,22.496441081828017,13,6,Sports Complex
4514,88.00214752625014,22.497478745904615,21,19,other
391,88.00012297979288,22.50000160556745,9,10,Library
1495,88.00050152322204,22.50001937012963,8,16,Library
2695,88.00443751504007,22.502925571490437,1,19,Cafeteria
2027,88.00459431206025,22.502874681658227,8,12,Cafeteria
2568,88.0042550792955,22.502581241976372,2,13,Cafeteria
64,88.00020313145559,22.500184210974272,28,15,Library
3884,87.9957672838524,22.49765071641559,18,17,Sports Complex
2062,88.00439816810446,22.50301557896319,25,13,Cafeteria
492,88.00001934207691,22.50029722834287,9,11,Library
379,87.99979792542867,22.499798532483375,1,16,Library
4859,87.99926376036002,22.50296628145327,12,8,other
3993,87.99530212751664,22.49650759955647,25,18,Sports Complex
4887,88.00280874101428,22.498531696595716,19,7,other
1076,87.99961085452533,22.50036604430969,14,14,Library
878,87.99999589427598,22.49989663370972,6,10,Library
337,87.99991965353959,22.500027139926445,18,11,Library
1016,87.9998371454991,22.500021473251575,28,15,Library
1275,88.0000354292284,22.49992878112666,2,10,Library
3798,87.996028121613,22.49670473372258,7,6,Sports Complex
4551,87.99930289262561,22.50422848916979,25,8,other
3342,87.99553607737754,22.497092309556688,25,7,Sports Complex
4911,87.99644449316699,22.498637881272703,12,5,other
995,87.99992972492677,22.500203301296686,12,10,Library
1981,88.00495041703213,22.503254339495392,28,12,Cafeteria
4297,87.9955622404299,22.49639314179627,29,6,Sports Complex
161,88.00019677115094,22.499970482868253,28,11,Library
4798,87.99518736204547,22.495413686556812,21,4,other
1500,88.00487882274494,22.502947490238512,8,12,Cafeteria
3843,87.99565062692453,22.49638029392897,25,18,Sports Complex
2613,88.00453294477865,22.502827728787405,17,13,Cafeteria
3461,87.99596707714667,22.49610343517842,25,18,Sports Complex
1021,87.99985657499901,22.50074631475065,29,10,Library
3073,88.0052144336163,22.503056652182348,17,12,Cafeteria
3943,87.99540358118969,22.496179528696274,14,6,Sports Complex
1585,88.0043950402483,22.503412021782704,0,19,Cafeteria
1955,88.00490252484512,22.50292011198918,21,19,Cafeteria
3152,88.00431774920757,22.502562869753305,27,13,Cafeteria
34,88.00020563622803,22.499883490874534,18,14,Library
4014,87.99575104224033,22.49650440151936,24,17,Sports Complex
775,87.99960744382003,22.49972854371778,6,11,Library
2556,88.0038970796604,22.503256018031657,0,20,Cafeteria
1478,87.99977812695555,22.500135869844666,28,16,Library
1363,87.99975673276478,22.50017033987761,1,16,Library
2612,88.00427165102761,22.503087397569864,25,20,Cafeteria
2824,88.00430724958498,22.503247110389214,0,12,Cafeteria
2041,88.00442062472592,22.502423720449233,20,19,Cafeteria
241,87.99997131588964,22.4999577945692,10,16,Library
2061,88.00466075510049,22.50300707287333,23,20,Cafeteria
2363,88.00479400125536,22.50307412555613,16,19,Cafeteria
600,88.00018924715417,22.500094102381524,22,11,Library
2435,88.00462133535959,22.502989040895095,19,13,Cafeteria
2888,88.00427118050587,22.502837250208085,17,20,Cafeteria
646,87.99932577833927,22.499599774005382,18,16,Library
3890,87.99537154208485,22.496950431550143,21,18,Sports Complex
3556,87.99560922174611,22.496164225763774,18,17,Sports Complex
3202,88.004400965523,22.50305872081433,11,19,Cafeteria
1528,88.00413217882215,22.5028785060195,17,13,Cafeteria
1267,87.99977402308963,22.500113685228037,10,11,Library
1899,88.00456868391406,22.502547464303408,1,20,Cafeteria
4658,88.00389046199349,22.4954171610836,21,16,other
3005,88.00431242507196,22.50274046599096,19,19,Cafeteria
2734,88.00449319333755,22.50300138984441,22,13,Cafeteria
189,87.99962128819382,22.499935273756574,21,10,Library
1806,88.00487934054719,22.50298788115462,2,20,Cafeteria
975,87.99952761481727,22.50018039062628,1,16,Library
2747,88.00414424326753,22.503093226029517,8,12,Cafeteria
2047,88.00471360951629,22.502603761817156,29,20,Cafeteria
2558,88.00422273378481,22.502646866326835,19,20,Cafeteria
1082,87.9999195912372,22.499986719836745,4,11,Library
474,88.00041124192838,22.49999532281089,29,14,Library
2904,88.00422871918057,22.503124030616615,8,12,Cafeteria
4843,88.00545426897914,22.494785776581963,12,2,other
4117,87.99553052174721,22.49606859382754,28,17,Sports Complex
3385,87.99539439343113,22.496440421672812,19,17,Sports Complex
4555,88.00635277154699,22.496487752078913,24,4,other
1184,87.99975259296586,22.50008376450727,28,14,Library
2433,88.00485300909794,22.503247994233963,28,12,Cafeteria
2391,88.00430632583723,22.50277611809351,9,20,Cafeteria
769,88.0004531121395,22.499979619331725,29,16,Library
1685,88.00433081564105,22.502909822917594,2,20,Cafeteria
130,87.99961233414223,22.500121183204325,24,16,Library
2919,88.00419734349023,22.50338151185678,6,13,Cafeteria
3171,88.00458242139369,22.503146046693754,8,12,Cafeteria
3444,87.9954383530308,22.496543531642807,24,17,Sports Complex
4426,87.99529868474264,22.496713653936933,21,7,Sports Complex
466,88.000153541675,22.499950665394923,17,15,Library
3092,88.00446826356938,22.50290293130723,5,19,Cafeteria
3772,87.99534005285817,22.497043998854565,14,18,Sports Complex
860,88.00005073075522,22.499742657122955,1,10,Library
